study_id,study_label,source_run_id,source_run_path,run_index,model,upstream_provider,treatment,task,source_file,merged_file,exists,source_bytes,source_sha256,source_records_or_lines
prior_relace,Previous · both models via Relace,01__v4-1-flash__caveman__django__django-7530__r1,benchmark-results/deepseek-v4-v41-relace-20260920-185646/runs/01__v4-1-flash__caveman__django__django-7530__r1,1,deepseek/deepseek-v4.1-flash-20260910,relace,caveman,django__django-7530,api-events.jsonl,traces/api_events.jsonl,True,38384,ecd96e6dee816b166279e303832900735bf25d234b651072145a57697ad9ae76,32
prior_relace,Previous · both models via Relace,01__v4-1-flash__caveman__django__django-7530__r1,benchmark-results/deepseek-v4-v41-relace-20260920-185646/runs/01__v4-1-flash__caveman__django__django-7530__r1,1,deepseek/deepseek-v4.1-flash-20260910,relace,caveman,django__django-7530,tool-events.jsonl,traces/tool_events.jsonl,True,16802,29e23ebaf4fc2ea148136a4f83c6524b9bdc490d1432175581aa9a9532f26c80,35
prior_relace,Previous · both models via Relace,01__v4-1-flash__caveman__django__django-7530__r1,benchmark-results/deepseek-v4-v41-relace-20260920-185646/runs/01__v4-1-flash__caveman__django__django-7530__r1,1,deepseek/deepseek-v4.1-flash-20260910,relace,caveman,django__django-7530,hermes-events.jsonl,traces/hermes_events.jsonl,True,57529,24152d9e4b30ec72a33fa43bcbbcbde6289fab34fa6006b41034a2c8c54d0515,72
prior_relace,Previous · both models via Relace,01__v4-1-flash__caveman__django__django-7530__r1,benchmark-results/deepseek-v4-v41-relace-20260920-185646/runs/01__v4-1-flash__caveman__django__django-7530__r1,1,deepseek/deepseek-v4.1-flash-20260910,relace,caveman,django__django-7530,lifecycle-events.jsonl,traces/lifecycle_events.jsonl,True,2343,04ddfd975eb253dbaab51619fb3aa2814ab57782b02b9ed0d77784152a486c80,5
prior_relace,Previous · both models via Relace,01__v4-1-flash__caveman__django__django-7530__r1,benchmark-results/deepseek-v4-v41-relace-20260920-185646/runs/01__v4-1-flash__caveman__django__django-7530__r1,1,deepseek/deepseek-v4.1-flash-20260910,relace,caveman,django__django-7530,hermes-session.trace.jsonl,traces/hermes_session_trace.jsonl,True,44422,49c2aea6affa21cc1e1046cc16a0228a59939d89887a860c7e0beb240cf0378c,34
prior_relace,Previous · both models via Relace,01__v4-1-flash__caveman__django__django-7530__r1,benchmark-results/deepseek-v4-v41-relace-20260920-185646/runs/01__v4-1-flash__caveman__django__django-7530__r1,1,deepseek/deepseek-v4.1-flash-20260910,relace,caveman,django__django-7530,hermes-session.jsonl,traces/hermes_session_records.jsonl,True,68057,62011cd816ed6cfe10350559fd246567171a4d44ecbae0abbf34fbbf9a232982,1
prior_relace,Previous · both models via Relace,01__v4-1-flash__caveman__django__django-7530__r1,benchmark-results/deepseek-v4-v41-relace-20260920-185646/runs/01__v4-1-flash__caveman__django__django-7530__r1,1,deepseek/deepseek-v4.1-flash-20260910,relace,caveman,django__django-7530,hermes-session.json,traces/hermes_session_records.jsonl,True,76991,0d0c01514341351319bff5fb2148acf55530ad9d6996e0957822af70f5bd6f72,1
prior_relace,Previous · both models via Relace,01__v4-1-flash__caveman__django__django-7530__r1,benchmark-results/deepseek-v4-v41-relace-20260920-185646/runs/01__v4-1-flash__caveman__django__django-7530__r1,1,deepseek/deepseek-v4.1-flash-20260910,relace,caveman,django__django-7530,usage.json,traces/usage_records.jsonl,True,963,ae1a35e957adfc8e3ab2c496725fd0ad70c09da480b3890e67c8162551e540f8,1
prior_relace,Previous · both models via Relace,01__v4-1-flash__caveman__django__django-7530__r1,benchmark-results/deepseek-v4-v41-relace-20260920-185646/runs/01__v4-1-flash__caveman__django__django-7530__r1,1,deepseek/deepseek-v4.1-flash-20260910,relace,caveman,django__django-7530,timing-summary.json,traces/timing_summaries.jsonl,True,1535,80f450804161c8feb36eef1eba13b5f09f1c17830a472342b69bcfa035051648,1
prior_relace,Previous · both models via Relace,01__v4-1-flash__caveman__django__django-7530__r1,benchmark-results/deepseek-v4-v41-relace-20260920-185646/runs/01__v4-1-flash__caveman__django__django-7530__r1,1,deepseek/deepseek-v4.1-flash-20260910,relace,caveman,django__django-7530,treatment-evidence.json,traces/treatment_evidence.jsonl,True,1226,878c924a99cf711fa3ac04bd6d9d2832cb33625b2c8a4957653f5c2e4be3e1aa,1
prior_relace,Previous · both models via Relace,01__v4-1-flash__caveman__django__django-7530__r1,benchmark-results/deepseek-v4-v41-relace-20260920-185646/runs/01__v4-1-flash__caveman__django__django-7530__r1,1,deepseek/deepseek-v4.1-flash-20260910,relace,caveman,django__django-7530,model.patch,traces/model_patches.jsonl,True,0,e3b0c44298fc1c149afbf4c8996fb92427ae41e4649b934ca495991b7852b855,1
prior_relace,Previous · both models via Relace,02__v4-flash-0731__ponytail__django__django-7530__r1,benchmark-results/deepseek-v4-v41-relace-20260920-185646/runs/02__v4-flash-0731__ponytail__django__django-7530__r1,2,deepseek/deepseek-v4-flash-0731,relace,ponytail,django__django-7530,api-events.jsonl,traces/api_events.jsonl,True,69410,a7675b8695d3c33e76b731bd0d0d887c9dfe28c919c8fd4d921cf15afa48f3d9,58
prior_relace,Previous · both models via Relace,02__v4-flash-0731__ponytail__django__django-7530__r1,benchmark-results/deepseek-v4-v41-relace-20260920-185646/runs/02__v4-flash-0731__ponytail__django__django-7530__r1,2,deepseek/deepseek-v4-flash-0731,relace,ponytail,django__django-7530,tool-events.jsonl,traces/tool_events.jsonl,True,27045,010128e2149273dfc2ee653e98539b0a48d64d55d3bcb0da6e7731883ccb04d5,56
prior_relace,Previous · both models via Relace,02__v4-flash-0731__ponytail__django__django-7530__r1,benchmark-results/deepseek-v4-v41-relace-20260920-185646/runs/02__v4-flash-0731__ponytail__django__django-7530__r1,2,deepseek/deepseek-v4-flash-0731,relace,ponytail,django__django-7530,hermes-events.jsonl,traces/hermes_events.jsonl,True,98272,344bbaa169e5aee11690cc8d813b717b34e4f08842071f3721e8f2d3f98d7041,118
prior_relace,Previous · both models via Relace,02__v4-flash-0731__ponytail__django__django-7530__r1,benchmark-results/deepseek-v4-v41-relace-20260920-185646/runs/02__v4-flash-0731__ponytail__django__django-7530__r1,2,deepseek/deepseek-v4-flash-0731,relace,ponytail,django__django-7530,lifecycle-events.jsonl,traces/lifecycle_events.jsonl,True,1817,bca2994cb6bb6ff0fbaacbfd33884d3a41e2e666983180e71004cbbab40855a0,4
prior_relace,Previous · both models via Relace,02__v4-flash-0731__ponytail__django__django-7530__r1,benchmark-results/deepseek-v4-v41-relace-20260920-185646/runs/02__v4-flash-0731__ponytail__django__django-7530__r1,2,deepseek/deepseek-v4-flash-0731,relace,ponytail,django__django-7530,hermes-session.trace.jsonl,traces/hermes_session_trace.jsonl,True,71673,4956c92a2e6e2be8b35d05bf6d26df0d8db737a2db184cb9345b625af73ee9e7,58
prior_relace,Previous · both models via Relace,02__v4-flash-0731__ponytail__django__django-7530__r1,benchmark-results/deepseek-v4-v41-relace-20260920-185646/runs/02__v4-flash-0731__ponytail__django__django-7530__r1,2,deepseek/deepseek-v4-flash-0731,relace,ponytail,django__django-7530,hermes-session.jsonl,traces/hermes_session_records.jsonl,True,108680,ca3942cd39bd687f73ebe16690b8292339c78e294f35ad7db1514374b852bf0c,1
prior_relace,Previous · both models via Relace,02__v4-flash-0731__ponytail__django__django-7530__r1,benchmark-results/deepseek-v4-v41-relace-20260920-185646/runs/02__v4-flash-0731__ponytail__django__django-7530__r1,2,deepseek/deepseek-v4-flash-0731,relace,ponytail,django__django-7530,hermes-session.json,traces/hermes_session_records.jsonl,True,123710,f785d0e396cdc06c32decdfc30d66ad6056d6c996f510b0c8cbdd71491ee1aad,1
prior_relace,Previous · both models via Relace,02__v4-flash-0731__ponytail__django__django-7530__r1,benchmark-results/deepseek-v4-v41-relace-20260920-185646/runs/02__v4-flash-0731__ponytail__django__django-7530__r1,2,deepseek/deepseek-v4-flash-0731,relace,ponytail,django__django-7530,usage.json,traces/usage_records.jsonl,True,957,b4376de18aed27cb86399ca8d475849b594388c95a06f615ecb83bc68ab430e1,1
prior_relace,Previous · both models via Relace,02__v4-flash-0731__ponytail__django__django-7530__r1,benchmark-results/deepseek-v4-v41-relace-20260920-185646/runs/02__v4-flash-0731__ponytail__django__django-7530__r1,2,deepseek/deepseek-v4-flash-0731,relace,ponytail,django__django-7530,timing-summary.json,traces/timing_summaries.jsonl,True,1466,c3a5bc04312e70874b97212614fcd289a12edd343f881eb935b75abbf327db3b,1
prior_relace,Previous · both models via Relace,02__v4-flash-0731__ponytail__django__django-7530__r1,benchmark-results/deepseek-v4-v41-relace-20260920-185646/runs/02__v4-flash-0731__ponytail__django__django-7530__r1,2,deepseek/deepseek-v4-flash-0731,relace,ponytail,django__django-7530,treatment-evidence.json,traces/treatment_evidence.jsonl,True,1900,9fdec7dc6df6c9ed2277647d96ddeab68149ec33f245ed2d723576db4cc3dc6a,1
prior_relace,Previous · both models via Relace,02__v4-flash-0731__ponytail__django__django-7530__r1,benchmark-results/deepseek-v4-v41-relace-20260920-185646/runs/02__v4-flash-0731__ponytail__django__django-7530__r1,2,deepseek/deepseek-v4-flash-0731,relace,ponytail,django__django-7530,model.patch,traces/model_patches.jsonl,True,770,c3590a0b092cad2ea4afcdcc8d6cc004836bba6dd3ad4855d5607781d09b8737,1
prior_relace,Previous · both models via Relace,03__v4-flash-0731__baseline__django__django-15731__r1,benchmark-results/deepseek-v4-v41-relace-20260920-185646/runs/03__v4-flash-0731__baseline__django__django-15731__r1,3,deepseek/deepseek-v4-flash-0731,relace,baseline,django__django-15731,api-events.jsonl,traces/api_events.jsonl,True,90940,e47a6dd53b7abeef7be472993b8296ffb6cad51862c5ab17b3e8dd58d86a0bce,76
prior_relace,Previous · both models via Relace,03__v4-flash-0731__baseline__django__django-15731__r1,benchmark-results/deepseek-v4-v41-relace-20260920-185646/runs/03__v4-flash-0731__baseline__django__django-15731__r1,3,deepseek/deepseek-v4-flash-0731,relace,baseline,django__django-15731,tool-events.jsonl,traces/tool_events.jsonl,True,35672,5dbd21d99936bc6e7e50c8b7acb59df0af49bf05b1c2273338d28237b8e0fa06,74
prior_relace,Previous · both models via Relace,03__v4-flash-0731__baseline__django__django-15731__r1,benchmark-results/deepseek-v4-v41-relace-20260920-185646/runs/03__v4-flash-0731__baseline__django__django-15731__r1,3,deepseek/deepseek-v4-flash-0731,relace,baseline,django__django-15731,hermes-events.jsonl,traces/hermes_events.jsonl,True,128431,3057a79f896bbb625a539db1514a117ce27f359eb79fee2df7ae845eac26b0aa,154
prior_relace,Previous · both models via Relace,03__v4-flash-0731__baseline__django__django-15731__r1,benchmark-results/deepseek-v4-v41-relace-20260920-185646/runs/03__v4-flash-0731__baseline__django__django-15731__r1,3,deepseek/deepseek-v4-flash-0731,relace,baseline,django__django-15731,lifecycle-events.jsonl,traces/lifecycle_events.jsonl,True,1819,991d1e01d764a85127f4aee5d098ec4eb6f0dea4d07f1c2a2610376fcd083f4c,4
prior_relace,Previous · both models via Relace,03__v4-flash-0731__baseline__django__django-15731__r1,benchmark-results/deepseek-v4-v41-relace-20260920-185646/runs/03__v4-flash-0731__baseline__django__django-15731__r1,3,deepseek/deepseek-v4-flash-0731,relace,baseline,django__django-15731,hermes-session.trace.jsonl,traces/hermes_session_trace.jsonl,True,82117,8f43a6a14f9d57d1828dcb3c0423433652bbda6f5361ba46baa7ab42b597d6ab,76
prior_relace,Previous · both models via Relace,03__v4-flash-0731__baseline__django__django-15731__r1,benchmark-results/deepseek-v4-v41-relace-20260920-185646/runs/03__v4-flash-0731__baseline__django__django-15731__r1,3,deepseek/deepseek-v4-flash-0731,relace,baseline,django__django-15731,hermes-session.jsonl,traces/hermes_session_records.jsonl,True,117776,d4fecd48b900dfffff2291d767b53341ce2ec53a85c1adedc33faf2167f2e106,1
prior_relace,Previous · both models via Relace,03__v4-flash-0731__baseline__django__django-15731__r1,benchmark-results/deepseek-v4-v41-relace-20260920-185646/runs/03__v4-flash-0731__baseline__django__django-15731__r1,3,deepseek/deepseek-v4-flash-0731,relace,baseline,django__django-15731,hermes-session.json,traces/hermes_session_records.jsonl,True,137450,26c3d7d8a467644a8884b9ed01fa049afcdc611ab68d89e08c31d695b2c720ff,1
prior_relace,Previous · both models via Relace,03__v4-flash-0731__baseline__django__django-15731__r1,benchmark-results/deepseek-v4-v41-relace-20260920-185646/runs/03__v4-flash-0731__baseline__django__django-15731__r1,3,deepseek/deepseek-v4-flash-0731,relace,baseline,django__django-15731,usage.json,traces/usage_records.jsonl,True,957,80012f0ab22c6813829d6d9f6a78cfead7b0d49f9e08c254c04f21e9b6003bb5,1
prior_relace,Previous · both models via Relace,03__v4-flash-0731__baseline__django__django-15731__r1,benchmark-results/deepseek-v4-v41-relace-20260920-185646/runs/03__v4-flash-0731__baseline__django__django-15731__r1,3,deepseek/deepseek-v4-flash-0731,relace,baseline,django__django-15731,timing-summary.json,traces/timing_summaries.jsonl,True,1453,ace37b8d05dd03089ec4f125aeb02b9bfd408b391ef067b1cd49f23f25e29297,1
prior_relace,Previous · both models via Relace,03__v4-flash-0731__baseline__django__django-15731__r1,benchmark-results/deepseek-v4-v41-relace-20260920-185646/runs/03__v4-flash-0731__baseline__django__django-15731__r1,3,deepseek/deepseek-v4-flash-0731,relace,baseline,django__django-15731,treatment-evidence.json,traces/treatment_evidence.jsonl,True,1166,cdf4935af388cf13990b28300b5c08dad0ff3453e599631de9ee3d9634d35554,1
prior_relace,Previous · both models via Relace,03__v4-flash-0731__baseline__django__django-15731__r1,benchmark-results/deepseek-v4-v41-relace-20260920-185646/runs/03__v4-flash-0731__baseline__django__django-15731__r1,3,deepseek/deepseek-v4-flash-0731,relace,baseline,django__django-15731,model.patch,traces/model_patches.jsonl,True,766,d50bb8be2af70d220c65a00ccbe26d92820df7394eaea01e8574237edb653696,1
prior_relace,Previous · both models via Relace,04__v4-flash-0731__caveman_ponytail__django__django-7530__r1,benchmark-results/deepseek-v4-v41-relace-20260920-185646/runs/04__v4-flash-0731__caveman_ponytail__django__django-7530__r1,4,deepseek/deepseek-v4-flash-0731,relace,caveman_ponytail,django__django-7530,api-events.jsonl,traces/api_events.jsonl,True,35844,039aad86e3c54f10f5eea65568d1bdf5775a9a8bac5ce647c666f566024f98b3,30
prior_relace,Previous · both models via Relace,04__v4-flash-0731__caveman_ponytail__django__django-7530__r1,benchmark-results/deepseek-v4-v41-relace-20260920-185646/runs/04__v4-flash-0731__caveman_ponytail__django__django-7530__r1,4,deepseek/deepseek-v4-flash-0731,relace,caveman_ponytail,django__django-7530,tool-events.jsonl,traces/tool_events.jsonl,True,13493,50197e5824709bb961c9418d824b0fefeda6262f22ee516a2d4be832db64546d,28
prior_relace,Previous · both models via Relace,04__v4-flash-0731__caveman_ponytail__django__django-7530__r1,benchmark-results/deepseek-v4-v41-relace-20260920-185646/runs/04__v4-flash-0731__caveman_ponytail__django__django-7530__r1,4,deepseek/deepseek-v4-flash-0731,relace,caveman_ponytail,django__django-7530,hermes-events.jsonl,traces/hermes_events.jsonl,True,51655,f0723b30d842a45b66617aa1cc0de1fd6cda406a72e34d76a61113da702e7f2b,63
prior_relace,Previous · both models via Relace,04__v4-flash-0731__caveman_ponytail__django__django-7530__r1,benchmark-results/deepseek-v4-v41-relace-20260920-185646/runs/04__v4-flash-0731__caveman_ponytail__django__django-7530__r1,4,deepseek/deepseek-v4-flash-0731,relace,caveman_ponytail,django__django-7530,lifecycle-events.jsonl,traces/lifecycle_events.jsonl,True,2318,1d9e85f3025fc271668bc9ebac637658fd52adcd65784da51baa6056d8ccc340,5
prior_relace,Previous · both models via Relace,04__v4-flash-0731__caveman_ponytail__django__django-7530__r1,benchmark-results/deepseek-v4-v41-relace-20260920-185646/runs/04__v4-flash-0731__caveman_ponytail__django__django-7530__r1,4,deepseek/deepseek-v4-flash-0731,relace,caveman_ponytail,django__django-7530,hermes-session.trace.jsonl,traces/hermes_session_trace.jsonl,True,37612,aaecaecd7d9bef78885f666474b4aaa8e37e4291e1bcb42a6db746731136430c,30
prior_relace,Previous · both models via Relace,04__v4-flash-0731__caveman_ponytail__django__django-7530__r1,benchmark-results/deepseek-v4-v41-relace-20260920-185646/runs/04__v4-flash-0731__caveman_ponytail__django__django-7530__r1,4,deepseek/deepseek-v4-flash-0731,relace,caveman_ponytail,django__django-7530,hermes-session.jsonl,traces/hermes_session_records.jsonl,True,66860,3a49bbf26c36ce10642447ad1a679197f6a31940f52009f84ffc409e120f2d96,1
prior_relace,Previous · both models via Relace,04__v4-flash-0731__caveman_ponytail__django__django-7530__r1,benchmark-results/deepseek-v4-v41-relace-20260920-185646/runs/04__v4-flash-0731__caveman_ponytail__django__django-7530__r1,4,deepseek/deepseek-v4-flash-0731,relace,caveman_ponytail,django__django-7530,hermes-session.json,traces/hermes_session_records.jsonl,True,74666,340b2fd14a3b1b7b9e52c6f20a317c2369ce1b738c4d2eba946f846f91488238,1
prior_relace,Previous · both models via Relace,04__v4-flash-0731__caveman_ponytail__django__django-7530__r1,benchmark-results/deepseek-v4-v41-relace-20260920-185646/runs/04__v4-flash-0731__caveman_ponytail__django__django-7530__r1,4,deepseek/deepseek-v4-flash-0731,relace,caveman_ponytail,django__django-7530,usage.json,traces/usage_records.jsonl,True,957,b5fcc72837434a8ea96687bd1bf75633d3744b1efc9ba49009f2b398f016869b,1
prior_relace,Previous · both models via Relace,04__v4-flash-0731__caveman_ponytail__django__django-7530__r1,benchmark-results/deepseek-v4-v41-relace-20260920-185646/runs/04__v4-flash-0731__caveman_ponytail__django__django-7530__r1,4,deepseek/deepseek-v4-flash-0731,relace,caveman_ponytail,django__django-7530,timing-summary.json,traces/timing_summaries.jsonl,True,1408,20930a38077d001de0f12d294ecc5b82fa34232a901cac379a2aeade9fa4756e,1
prior_relace,Previous · both models via Relace,04__v4-flash-0731__caveman_ponytail__django__django-7530__r1,benchmark-results/deepseek-v4-v41-relace-20260920-185646/runs/04__v4-flash-0731__caveman_ponytail__django__django-7530__r1,4,deepseek/deepseek-v4-flash-0731,relace,caveman_ponytail,django__django-7530,treatment-evidence.json,traces/treatment_evidence.jsonl,True,1957,b1345c5269a90df2598aaf6f17175e866a618e5ec8cee428097225c8458bee0b,1
prior_relace,Previous · both models via Relace,04__v4-flash-0731__caveman_ponytail__django__django-7530__r1,benchmark-results/deepseek-v4-v41-relace-20260920-185646/runs/04__v4-flash-0731__caveman_ponytail__django__django-7530__r1,4,deepseek/deepseek-v4-flash-0731,relace,caveman_ponytail,django__django-7530,model.patch,traces/model_patches.jsonl,True,770,c3590a0b092cad2ea4afcdcc8d6cc004836bba6dd3ad4855d5607781d09b8737,1
prior_relace,Previous · both models via Relace,05__v4-1-flash__baseline__django__django-16662__r1,benchmark-results/deepseek-v4-v41-relace-20260920-185646/runs/05__v4-1-flash__baseline__django__django-16662__r1,5,deepseek/deepseek-v4.1-flash-20260910,relace,baseline,django__django-16662,api-events.jsonl,traces/api_events.jsonl,True,81641,4c8990504f35fac1ae34b578e3b28e18558d3238be52851c6af95f889241539d,68
prior_relace,Previous · both models via Relace,05__v4-1-flash__baseline__django__django-16662__r1,benchmark-results/deepseek-v4-v41-relace-20260920-185646/runs/05__v4-1-flash__baseline__django__django-16662__r1,5,deepseek/deepseek-v4.1-flash-20260910,relace,baseline,django__django-16662,tool-events.jsonl,traces/tool_events.jsonl,True,35718,b898e238c22aff2a495d685538fc179fab3dc4438f76590e137c426eccc17ef3,74
prior_relace,Previous · both models via Relace,05__v4-1-flash__baseline__django__django-16662__r1,benchmark-results/deepseek-v4-v41-relace-20260920-185646/runs/05__v4-1-flash__baseline__django__django-16662__r1,5,deepseek/deepseek-v4.1-flash-20260910,relace,baseline,django__django-16662,hermes-events.jsonl,traces/hermes_events.jsonl,True,119203,4e18fd3f55bd156a2f739698ddac4c7060bb1f9581209660ec8d06fb07245c15,146
prior_relace,Previous · both models via Relace,05__v4-1-flash__baseline__django__django-16662__r1,benchmark-results/deepseek-v4-v41-relace-20260920-185646/runs/05__v4-1-flash__baseline__django__django-16662__r1,5,deepseek/deepseek-v4.1-flash-20260910,relace,baseline,django__django-16662,lifecycle-events.jsonl,traces/lifecycle_events.jsonl,True,1844,883a563eb38802767857394a93ef90b29b22f55f0c8daf93a339cfc9b23f664a,4
prior_relace,Previous · both models via Relace,05__v4-1-flash__baseline__django__django-16662__r1,benchmark-results/deepseek-v4-v41-relace-20260920-185646/runs/05__v4-1-flash__baseline__django__django-16662__r1,5,deepseek/deepseek-v4.1-flash-20260910,relace,baseline,django__django-16662,hermes-session.trace.jsonl,traces/hermes_session_trace.jsonl,True,80267,b149a44a4af9857275fefb07b1f35979cc50b198878ad101bd4ef38783d40957,72
prior_relace,Previous · both models via Relace,05__v4-1-flash__baseline__django__django-16662__r1,benchmark-results/deepseek-v4-v41-relace-20260920-185646/runs/05__v4-1-flash__baseline__django__django-16662__r1,5,deepseek/deepseek-v4.1-flash-20260910,relace,baseline,django__django-16662,hermes-session.jsonl,traces/hermes_session_records.jsonl,True,114368,51e033f3e5bdfcea3510f1766b7f4eb6fefcb65367a5aa992ec287074251d5f1,1
prior_relace,Previous · both models via Relace,05__v4-1-flash__baseline__django__django-16662__r1,benchmark-results/deepseek-v4-v41-relace-20260920-185646/runs/05__v4-1-flash__baseline__django__django-16662__r1,5,deepseek/deepseek-v4.1-flash-20260910,relace,baseline,django__django-16662,hermes-session.json,traces/hermes_session_records.jsonl,True,133202,2602490184fc2471c34f8b77c406c42f8155ede5a2a1b4d202d69dd3db7c5b60,1
prior_relace,Previous · both models via Relace,05__v4-1-flash__baseline__django__django-16662__r1,benchmark-results/deepseek-v4-v41-relace-20260920-185646/runs/05__v4-1-flash__baseline__django__django-16662__r1,5,deepseek/deepseek-v4.1-flash-20260910,relace,baseline,django__django-16662,usage.json,traces/usage_records.jsonl,True,945,8a0560650db75d0d86e920f04fd50d9236b20a9ab35026538047818ef9870ca6,1
prior_relace,Previous · both models via Relace,05__v4-1-flash__baseline__django__django-16662__r1,benchmark-results/deepseek-v4-v41-relace-20260920-185646/runs/05__v4-1-flash__baseline__django__django-16662__r1,5,deepseek/deepseek-v4.1-flash-20260910,relace,baseline,django__django-16662,timing-summary.json,traces/timing_summaries.jsonl,True,1468,d728238e8f37d1327e1f267a861ceeba9103ea36aa5bc88da7d49e62c5f0787c,1
prior_relace,Previous · both models via Relace,05__v4-1-flash__baseline__django__django-16662__r1,benchmark-results/deepseek-v4-v41-relace-20260920-185646/runs/05__v4-1-flash__baseline__django__django-16662__r1,5,deepseek/deepseek-v4.1-flash-20260910,relace,baseline,django__django-16662,treatment-evidence.json,traces/treatment_evidence.jsonl,True,1178,31794b6633b7b0153f5957fd2af8ebe3f48c487427a45d6f75ca1e8eee6b50e4,1
prior_relace,Previous · both models via Relace,05__v4-1-flash__baseline__django__django-16662__r1,benchmark-results/deepseek-v4-v41-relace-20260920-185646/runs/05__v4-1-flash__baseline__django__django-16662__r1,5,deepseek/deepseek-v4.1-flash-20260910,relace,baseline,django__django-16662,model.patch,traces/model_patches.jsonl,True,719,a564039c390d0e868c9e07ebf860b298b6bcac1f946bf134fba827c296ff1050,1
prior_relace,Previous · both models via Relace,06__v4-1-flash__caveman__pytest-dev__pytest-7571__r1,benchmark-results/deepseek-v4-v41-relace-20260920-185646/runs/06__v4-1-flash__caveman__pytest-dev__pytest-7571__r1,6,deepseek/deepseek-v4.1-flash-20260910,relace,caveman,pytest-dev__pytest-7571,api-events.jsonl,traces/api_events.jsonl,True,170659,bd9ba25d33fe4b1bfc94acaa1833eaa865c0fa1bed114b938154672f555620ee,142
prior_relace,Previous · both models via Relace,06__v4-1-flash__caveman__pytest-dev__pytest-7571__r1,benchmark-results/deepseek-v4-v41-relace-20260920-185646/runs/06__v4-1-flash__caveman__pytest-dev__pytest-7571__r1,6,deepseek/deepseek-v4.1-flash-20260910,relace,caveman,pytest-dev__pytest-7571,tool-events.jsonl,traces/tool_events.jsonl,True,74796,82879425a1e41d512c16cc7897c0647a57047965771e04e4bc844a616db228f5,156
prior_relace,Previous · both models via Relace,06__v4-1-flash__caveman__pytest-dev__pytest-7571__r1,benchmark-results/deepseek-v4-v41-relace-20260920-185646/runs/06__v4-1-flash__caveman__pytest-dev__pytest-7571__r1,6,deepseek/deepseek-v4.1-flash-20260910,relace,caveman,pytest-dev__pytest-7571,hermes-events.jsonl,traces/hermes_events.jsonl,True,247797,0de53a92cb2a3093e16e2320249e22f51d66c77b79e6ebef1f992dec7c386716,303
prior_relace,Previous · both models via Relace,06__v4-1-flash__caveman__pytest-dev__pytest-7571__r1,benchmark-results/deepseek-v4-v41-relace-20260920-185646/runs/06__v4-1-flash__caveman__pytest-dev__pytest-7571__r1,6,deepseek/deepseek-v4.1-flash-20260910,relace,caveman,pytest-dev__pytest-7571,lifecycle-events.jsonl,traces/lifecycle_events.jsonl,True,2342,a61620ac8e42fa95839db1417ab8e31a606b26fa0794f55fb494b01a3a344f90,5
prior_relace,Previous · both models via Relace,06__v4-1-flash__caveman__pytest-dev__pytest-7571__r1,benchmark-results/deepseek-v4-v41-relace-20260920-185646/runs/06__v4-1-flash__caveman__pytest-dev__pytest-7571__r1,6,deepseek/deepseek-v4.1-flash-20260910,relace,caveman,pytest-dev__pytest-7571,hermes-session.trace.jsonl,traces/hermes_session_trace.jsonl,True,196050,33c6c90eed3c0401f36cb6ca24c0ec39568822f6b753d7f3a97b98075cce89a1,148
prior_relace,Previous · both models via Relace,06__v4-1-flash__caveman__pytest-dev__pytest-7571__r1,benchmark-results/deepseek-v4-v41-relace-20260920-185646/runs/06__v4-1-flash__caveman__pytest-dev__pytest-7571__r1,6,deepseek/deepseek-v4.1-flash-20260910,relace,caveman,pytest-dev__pytest-7571,hermes-session.jsonl,traces/hermes_session_records.jsonl,True,252060,777711ad77c4a53745c7fab9507879d261dcac31ca05d2b51e359f1d5d918192,1
prior_relace,Previous · both models via Relace,06__v4-1-flash__caveman__pytest-dev__pytest-7571__r1,benchmark-results/deepseek-v4-v41-relace-20260920-185646/runs/06__v4-1-flash__caveman__pytest-dev__pytest-7571__r1,6,deepseek/deepseek-v4.1-flash-20260910,relace,caveman,pytest-dev__pytest-7571,hermes-session.json,traces/hermes_session_records.jsonl,True,290598,6947f63096bc2c32725365da715caf2efa244ae9f5899a36ab425fc1037d5c68,1
prior_relace,Previous · both models via Relace,06__v4-1-flash__caveman__pytest-dev__pytest-7571__r1,benchmark-results/deepseek-v4-v41-relace-20260920-185646/runs/06__v4-1-flash__caveman__pytest-dev__pytest-7571__r1,6,deepseek/deepseek-v4.1-flash-20260910,relace,caveman,pytest-dev__pytest-7571,usage.json,traces/usage_records.jsonl,True,949,aadf5787424d8834a9c09508449d372b868d1564c8badcfccf0092032aa815a6,1
prior_relace,Previous · both models via Relace,06__v4-1-flash__caveman__pytest-dev__pytest-7571__r1,benchmark-results/deepseek-v4-v41-relace-20260920-185646/runs/06__v4-1-flash__caveman__pytest-dev__pytest-7571__r1,6,deepseek/deepseek-v4.1-flash-20260910,relace,caveman,pytest-dev__pytest-7571,timing-summary.json,traces/timing_summaries.jsonl,True,1667,db3bf706a7fbf91b846088eef9c603d666c228d4fb6ecb5229db3fc765483acd,1
prior_relace,Previous · both models via Relace,06__v4-1-flash__caveman__pytest-dev__pytest-7571__r1,benchmark-results/deepseek-v4-v41-relace-20260920-185646/runs/06__v4-1-flash__caveman__pytest-dev__pytest-7571__r1,6,deepseek/deepseek-v4.1-flash-20260910,relace,caveman,pytest-dev__pytest-7571,treatment-evidence.json,traces/treatment_evidence.jsonl,True,1226,878c924a99cf711fa3ac04bd6d9d2832cb33625b2c8a4957653f5c2e4be3e1aa,1
prior_relace,Previous · both models via Relace,06__v4-1-flash__caveman__pytest-dev__pytest-7571__r1,benchmark-results/deepseek-v4-v41-relace-20260920-185646/runs/06__v4-1-flash__caveman__pytest-dev__pytest-7571__r1,6,deepseek/deepseek-v4.1-flash-20260910,relace,caveman,pytest-dev__pytest-7571,model.patch,traces/model_patches.jsonl,True,1694,96c6d7d427600284d454bc90aaf7299f0d7a7804f11aafca05fed3b582d43059,1
prior_relace,Previous · both models via Relace,07__v4-1-flash__ponytail__django__django-15731__r1,benchmark-results/deepseek-v4-v41-relace-20260920-185646/runs/07__v4-1-flash__ponytail__django__django-15731__r1,7,deepseek/deepseek-v4.1-flash-20260910,relace,ponytail,django__django-15731,api-events.jsonl,traces/api_events.jsonl,True,74437,d72733733b508f8d1a5de0e006f3128c4b4a800fce7f5f3ee57882679228e0c0,62
prior_relace,Previous · both models via Relace,07__v4-1-flash__ponytail__django__django-15731__r1,benchmark-results/deepseek-v4-v41-relace-20260920-185646/runs/07__v4-1-flash__ponytail__django__django-15731__r1,7,deepseek/deepseek-v4.1-flash-20260910,relace,ponytail,django__django-15731,tool-events.jsonl,traces/tool_events.jsonl,True,32806,3eafcf116b9d801036f21ec2bde2d7e37d95fb955b4e09923bd9e2d6c8624059,68
prior_relace,Previous · both models via Relace,07__v4-1-flash__ponytail__django__django-15731__r1,benchmark-results/deepseek-v4-v41-relace-20260920-185646/runs/07__v4-1-flash__ponytail__django__django-15731__r1,7,deepseek/deepseek-v4.1-flash-20260910,relace,ponytail,django__django-15731,hermes-events.jsonl,traces/hermes_events.jsonl,True,109087,dbfe83635e7c2c8485c5cca7f962d27ed3fffe6c0b56778182c98fb61752ae30,134
prior_relace,Previous · both models via Relace,07__v4-1-flash__ponytail__django__django-15731__r1,benchmark-results/deepseek-v4-v41-relace-20260920-185646/runs/07__v4-1-flash__ponytail__django__django-15731__r1,7,deepseek/deepseek-v4.1-flash-20260910,relace,ponytail,django__django-15731,lifecycle-events.jsonl,traces/lifecycle_events.jsonl,True,1844,3c67a6bca8c9ad48184b040ca0f95d16d41c7c6e0ab98db9b538eae2ca7d4786,4
prior_relace,Previous · both models via Relace,07__v4-1-flash__ponytail__django__django-15731__r1,benchmark-results/deepseek-v4-v41-relace-20260920-185646/runs/07__v4-1-flash__ponytail__django__django-15731__r1,7,deepseek/deepseek-v4.1-flash-20260910,relace,ponytail,django__django-15731,hermes-session.trace.jsonl,traces/hermes_session_trace.jsonl,True,82056,0ec592c1c4498a1f66bd91b5061ba3ef8f4e8ee0afca286202f108febfae5b74,66
prior_relace,Previous · both models via Relace,07__v4-1-flash__ponytail__django__django-15731__r1,benchmark-results/deepseek-v4-v41-relace-20260920-185646/runs/07__v4-1-flash__ponytail__django__django-15731__r1,7,deepseek/deepseek-v4.1-flash-20260910,relace,ponytail,django__django-15731,hermes-session.jsonl,traces/hermes_session_records.jsonl,True,122564,0d8bfae98a46d3ffdeb8335fa678823d94abaa47f54fc81e31c0430aac4452e0,1
prior_relace,Previous · both models via Relace,07__v4-1-flash__ponytail__django__django-15731__r1,benchmark-results/deepseek-v4-v41-relace-20260920-185646/runs/07__v4-1-flash__ponytail__django__django-15731__r1,7,deepseek/deepseek-v4.1-flash-20260910,relace,ponytail,django__django-15731,hermes-session.json,traces/hermes_session_records.jsonl,True,139850,f73fe446e043934730cdd0bcbff0f63778f53020acdbd905888f626bd7af3874,1
prior_relace,Previous · both models via Relace,07__v4-1-flash__ponytail__django__django-15731__r1,benchmark-results/deepseek-v4-v41-relace-20260920-185646/runs/07__v4-1-flash__ponytail__django__django-15731__r1,7,deepseek/deepseek-v4.1-flash-20260910,relace,ponytail,django__django-15731,usage.json,traces/usage_records.jsonl,True,963,1f29f24d28b3b1cfa18232f93bf396cacd5b279d748a0b23e3ba398f35e53e81,1
prior_relace,Previous · both models via Relace,07__v4-1-flash__ponytail__django__django-15731__r1,benchmark-results/deepseek-v4-v41-relace-20260920-185646/runs/07__v4-1-flash__ponytail__django__django-15731__r1,7,deepseek/deepseek-v4.1-flash-20260910,relace,ponytail,django__django-15731,timing-summary.json,traces/timing_summaries.jsonl,True,1521,ef976f22168b1003a04053750582f08cb5a67220202a9b2870473a27e316855b,1
prior_relace,Previous · both models via Relace,07__v4-1-flash__ponytail__django__django-15731__r1,benchmark-results/deepseek-v4-v41-relace-20260920-185646/runs/07__v4-1-flash__ponytail__django__django-15731__r1,7,deepseek/deepseek-v4.1-flash-20260910,relace,ponytail,django__django-15731,treatment-evidence.json,traces/treatment_evidence.jsonl,True,1912,fa2d41a7aec03f70f2d081167125d47e5ef2c2ba18808f924bc452aa47d994bd,1
prior_relace,Previous · both models via Relace,07__v4-1-flash__ponytail__django__django-15731__r1,benchmark-results/deepseek-v4-v41-relace-20260920-185646/runs/07__v4-1-flash__ponytail__django__django-15731__r1,7,deepseek/deepseek-v4.1-flash-20260910,relace,ponytail,django__django-15731,model.patch,traces/model_patches.jsonl,True,797,2a56fea7dd82321838b18f3dec71df06255bffcfad87dd3d7153549b44236803,1
prior_relace,Previous · both models via Relace,08__v4-1-flash__caveman__django__django-13516__r1,benchmark-results/deepseek-v4-v41-relace-20260920-185646/runs/08__v4-1-flash__caveman__django__django-13516__r1,8,deepseek/deepseek-v4.1-flash-20260910,relace,caveman,django__django-13516,api-events.jsonl,traces/api_events.jsonl,True,84052,a3186c395bc310bf2b97cd4b6b40da53e67b656d55d7da44460fc7667898cfca,70
prior_relace,Previous · both models via Relace,08__v4-1-flash__caveman__django__django-13516__r1,benchmark-results/deepseek-v4-v41-relace-20260920-185646/runs/08__v4-1-flash__caveman__django__django-13516__r1,8,deepseek/deepseek-v4.1-flash-20260910,relace,caveman,django__django-13516,tool-events.jsonl,traces/tool_events.jsonl,True,36649,f9cd970af7e2164e6c3eff28a356ef42fa7874dd34240484b305834beed1d65b,76
prior_relace,Previous · both models via Relace,08__v4-1-flash__caveman__django__django-13516__r1,benchmark-results/deepseek-v4-v41-relace-20260920-185646/runs/08__v4-1-flash__caveman__django__django-13516__r1,8,deepseek/deepseek-v4.1-flash-20260910,relace,caveman,django__django-13516,hermes-events.jsonl,traces/hermes_events.jsonl,True,123044,e6ef44dadebf12e7305c6721610111d0e2aa785665e120126895f0ac56a39709,151
prior_relace,Previous · both models via Relace,08__v4-1-flash__caveman__django__django-13516__r1,benchmark-results/deepseek-v4-v41-relace-20260920-185646/runs/08__v4-1-flash__caveman__django__django-13516__r1,8,deepseek/deepseek-v4.1-flash-20260910,relace,caveman,django__django-13516,lifecycle-events.jsonl,traces/lifecycle_events.jsonl,True,2343,49360d7e3a1cae7bc0c90d184d8391c0a012c22a76b3388ffb3550bcaa6786d3,5
prior_relace,Previous · both models via Relace,08__v4-1-flash__caveman__django__django-13516__r1,benchmark-results/deepseek-v4-v41-relace-20260920-185646/runs/08__v4-1-flash__caveman__django__django-13516__r1,8,deepseek/deepseek-v4.1-flash-20260910,relace,caveman,django__django-13516,hermes-session.trace.jsonl,traces/hermes_session_trace.jsonl,True,89534,7a193b554c5e9d4c8b230c371b3a001253ba9d044899b9eb4f0e11cf4971969b,74
prior_relace,Previous · both models via Relace,08__v4-1-flash__caveman__django__django-13516__r1,benchmark-results/deepseek-v4-v41-relace-20260920-185646/runs/08__v4-1-flash__caveman__django__django-13516__r1,8,deepseek/deepseek-v4.1-flash-20260910,relace,caveman,django__django-13516,hermes-session.jsonl,traces/hermes_session_records.jsonl,True,124298,2bb99a2f000c72dd13043060f645f89afd2eb23e1aa6531ec6a53d07f65149c7,1
prior_relace,Previous · both models via Relace,08__v4-1-flash__caveman__django__django-13516__r1,benchmark-results/deepseek-v4-v41-relace-20260920-185646/runs/08__v4-1-flash__caveman__django__django-13516__r1,8,deepseek/deepseek-v4.1-flash-20260910,relace,caveman,django__django-13516,hermes-session.json,traces/hermes_session_records.jsonl,True,143648,07ac79e3e24fb9e743a66dc63f4b278d231c695ef351155c16a3b1ce5386b3c8,1
prior_relace,Previous · both models via Relace,08__v4-1-flash__caveman__django__django-13516__r1,benchmark-results/deepseek-v4-v41-relace-20260920-185646/runs/08__v4-1-flash__caveman__django__django-13516__r1,8,deepseek/deepseek-v4.1-flash-20260910,relace,caveman,django__django-13516,usage.json,traces/usage_records.jsonl,True,945,bca3a2dc01c6422e9a0a79b6aeaf83c6c809784cf9a1a1f37aed13ba2f944a04,1
prior_relace,Previous · both models via Relace,08__v4-1-flash__caveman__django__django-13516__r1,benchmark-results/deepseek-v4-v41-relace-20260920-185646/runs/08__v4-1-flash__caveman__django__django-13516__r1,8,deepseek/deepseek-v4.1-flash-20260910,relace,caveman,django__django-13516,timing-summary.json,traces/timing_summaries.jsonl,True,1558,4fee64bb52c0347641826d43e4435b9219c20618bc94c0d58890184d3568df30,1
prior_relace,Previous · both models via Relace,08__v4-1-flash__caveman__django__django-13516__r1,benchmark-results/deepseek-v4-v41-relace-20260920-185646/runs/08__v4-1-flash__caveman__django__django-13516__r1,8,deepseek/deepseek-v4.1-flash-20260910,relace,caveman,django__django-13516,treatment-evidence.json,traces/treatment_evidence.jsonl,True,1226,878c924a99cf711fa3ac04bd6d9d2832cb33625b2c8a4957653f5c2e4be3e1aa,1
prior_relace,Previous · both models via Relace,08__v4-1-flash__caveman__django__django-13516__r1,benchmark-results/deepseek-v4-v41-relace-20260920-185646/runs/08__v4-1-flash__caveman__django__django-13516__r1,8,deepseek/deepseek-v4.1-flash-20260910,relace,caveman,django__django-13516,model.patch,traces/model_patches.jsonl,True,412,c49d4ca1821366c9d7274a75b8ddf5cd0d72d85ddd39a045e4ffb00f8556669e,1
prior_relace,Previous · both models via Relace,09__v4-flash-0731__caveman_ponytail__django__django-16662__r1,benchmark-results/deepseek-v4-v41-relace-20260920-185646/runs/09__v4-flash-0731__caveman_ponytail__django__django-16662__r1,9,deepseek/deepseek-v4-flash-0731,relace,caveman_ponytail,django__django-16662,api-events.jsonl,traces/api_events.jsonl,True,45437,cfbb2d4537f84287589d597982f9d1c49b6a98870c77744c5b2e08f54b99adaf,38
prior_relace,Previous · both models via Relace,09__v4-flash-0731__caveman_ponytail__django__django-16662__r1,benchmark-results/deepseek-v4-v41-relace-20260920-185646/runs/09__v4-flash-0731__caveman_ponytail__django__django-16662__r1,9,deepseek/deepseek-v4-flash-0731,relace,caveman_ponytail,django__django-16662,tool-events.jsonl,traces/tool_events.jsonl,True,17368,901f57e11d136aeeb1cff79e97558fcefcf286df390a7248863158a198f2207e,36
prior_relace,Previous · both models via Relace,09__v4-flash-0731__caveman_ponytail__django__django-16662__r1,benchmark-results/deepseek-v4-v41-relace-20260920-185646/runs/09__v4-flash-0731__caveman_ponytail__django__django-16662__r1,9,deepseek/deepseek-v4-flash-0731,relace,caveman_ponytail,django__django-16662,hermes-events.jsonl,traces/hermes_events.jsonl,True,65124,be7ce80bcf57fbe234a673a26f41e9375146fd3bde4d9fa03d924ff55cb661af,79
prior_relace,Previous · both models via Relace,09__v4-flash-0731__caveman_ponytail__django__django-16662__r1,benchmark-results/deepseek-v4-v41-relace-20260920-185646/runs/09__v4-flash-0731__caveman_ponytail__django__django-16662__r1,9,deepseek/deepseek-v4-flash-0731,relace,caveman_ponytail,django__django-16662,lifecycle-events.jsonl,traces/lifecycle_events.jsonl,True,2319,ecb425f1c2f723bc10ff0c125ed38464ec4c9cfa7fe8de89aff9830f1a4ce47d,5
prior_relace,Previous · both models via Relace,09__v4-flash-0731__caveman_ponytail__django__django-16662__r1,benchmark-results/deepseek-v4-v41-relace-20260920-185646/runs/09__v4-flash-0731__caveman_ponytail__django__django-16662__r1,9,deepseek/deepseek-v4-flash-0731,relace,caveman_ponytail,django__django-16662,hermes-session.trace.jsonl,traces/hermes_session_trace.jsonl,True,61015,4a8bc6c6558c9968e88abb603dc733101f25802616ec48f40149827d54bfdc62,38
prior_relace,Previous · both models via Relace,09__v4-flash-0731__caveman_ponytail__django__django-16662__r1,benchmark-results/deepseek-v4-v41-relace-20260920-185646/runs/09__v4-flash-0731__caveman_ponytail__django__django-16662__r1,9,deepseek/deepseek-v4-flash-0731,relace,caveman_ponytail,django__django-16662,hermes-session.jsonl,traces/hermes_session_records.jsonl,True,92768,e1f4b48ad360a7de6ee3d3b91c138ec47d73d6189162a5dcc2eebab73c6a6a08,1
prior_relace,Previous · both models via Relace,09__v4-flash-0731__caveman_ponytail__django__django-16662__r1,benchmark-results/deepseek-v4-v41-relace-20260920-185646/runs/09__v4-flash-0731__caveman_ponytail__django__django-16662__r1,9,deepseek/deepseek-v4-flash-0731,relace,caveman_ponytail,django__django-16662,hermes-session.json,traces/hermes_session_records.jsonl,True,102638,23b1327c72bc96993e640f215e9ab511efdd5e96bd1394eed9d00089a68d38f5,1
prior_relace,Previous · both models via Relace,09__v4-flash-0731__caveman_ponytail__django__django-16662__r1,benchmark-results/deepseek-v4-v41-relace-20260920-185646/runs/09__v4-flash-0731__caveman_ponytail__django__django-16662__r1,9,deepseek/deepseek-v4-flash-0731,relace,caveman_ponytail,django__django-16662,usage.json,traces/usage_records.jsonl,True,939,8c7c29f7838d1f099db374955911b022f43d1c18b84d51e20ae85016fe5f610e,1
prior_relace,Previous · both models via Relace,09__v4-flash-0731__caveman_ponytail__django__django-16662__r1,benchmark-results/deepseek-v4-v41-relace-20260920-185646/runs/09__v4-flash-0731__caveman_ponytail__django__django-16662__r1,9,deepseek/deepseek-v4-flash-0731,relace,caveman_ponytail,django__django-16662,timing-summary.json,traces/timing_summaries.jsonl,True,1479,874e13fcb5405ddbddafc78037ba77a190933c0ec6a6aa7076848ab1333773b9,1
prior_relace,Previous · both models via Relace,09__v4-flash-0731__caveman_ponytail__django__django-16662__r1,benchmark-results/deepseek-v4-v41-relace-20260920-185646/runs/09__v4-flash-0731__caveman_ponytail__django__django-16662__r1,9,deepseek/deepseek-v4-flash-0731,relace,caveman_ponytail,django__django-16662,treatment-evidence.json,traces/treatment_evidence.jsonl,True,1957,b1345c5269a90df2598aaf6f17175e866a618e5ec8cee428097225c8458bee0b,1
prior_relace,Previous · both models via Relace,09__v4-flash-0731__caveman_ponytail__django__django-16662__r1,benchmark-results/deepseek-v4-v41-relace-20260920-185646/runs/09__v4-flash-0731__caveman_ponytail__django__django-16662__r1,9,deepseek/deepseek-v4-flash-0731,relace,caveman_ponytail,django__django-16662,model.patch,traces/model_patches.jsonl,True,870,72cebe0348dd68491f0d1f0020dfc5f6c11000842ffdaad1c1bd32298b703983,1
prior_relace,Previous · both models via Relace,10__v4-1-flash__baseline__pytest-dev__pytest-7571__r1,benchmark-results/deepseek-v4-v41-relace-20260920-185646/runs/10__v4-1-flash__baseline__pytest-dev__pytest-7571__r1,10,deepseek/deepseek-v4.1-flash-20260910,relace,baseline,pytest-dev__pytest-7571,api-events.jsonl,traces/api_events.jsonl,True,64820,48c60df62fe8f15b071622f5e9b812246ea7f1191c17c6859e658d62824a0aa6,54
prior_relace,Previous · both models via Relace,10__v4-1-flash__baseline__pytest-dev__pytest-7571__r1,benchmark-results/deepseek-v4-v41-relace-20260920-185646/runs/10__v4-1-flash__baseline__pytest-dev__pytest-7571__r1,10,deepseek/deepseek-v4.1-flash-20260910,relace,baseline,pytest-dev__pytest-7571,tool-events.jsonl,traces/tool_events.jsonl,True,28952,5435dc1129892d8cfc6bb992fd4e57a2d48aed57dada4c059abc594eb248e952,60
prior_relace,Previous · both models via Relace,10__v4-1-flash__baseline__pytest-dev__pytest-7571__r1,benchmark-results/deepseek-v4-v41-relace-20260920-185646/runs/10__v4-1-flash__baseline__pytest-dev__pytest-7571__r1,10,deepseek/deepseek-v4.1-flash-20260910,relace,baseline,pytest-dev__pytest-7571,hermes-events.jsonl,traces/hermes_events.jsonl,True,95615,0e7c17ea181067df6502d1a5e868ffce06715a011b940b8a65376cf5af0c4ccf,118
prior_relace,Previous · both models via Relace,10__v4-1-flash__baseline__pytest-dev__pytest-7571__r1,benchmark-results/deepseek-v4-v41-relace-20260920-185646/runs/10__v4-1-flash__baseline__pytest-dev__pytest-7571__r1,10,deepseek/deepseek-v4.1-flash-20260910,relace,baseline,pytest-dev__pytest-7571,lifecycle-events.jsonl,traces/lifecycle_events.jsonl,True,1843,aa36c64ff72cc582c823764fa6d42baa6a1f928238a2cb22eebe6e2f745d2a5f,4
prior_relace,Previous · both models via Relace,10__v4-1-flash__baseline__pytest-dev__pytest-7571__r1,benchmark-results/deepseek-v4-v41-relace-20260920-185646/runs/10__v4-1-flash__baseline__pytest-dev__pytest-7571__r1,10,deepseek/deepseek-v4.1-flash-20260910,relace,baseline,pytest-dev__pytest-7571,hermes-session.trace.jsonl,traces/hermes_session_trace.jsonl,True,99839,192df3ef40db616adce86c2080d5d9783527af228b79978bb351a8f8486b7761,58
prior_relace,Previous · both models via Relace,10__v4-1-flash__baseline__pytest-dev__pytest-7571__r1,benchmark-results/deepseek-v4-v41-relace-20260920-185646/runs/10__v4-1-flash__baseline__pytest-dev__pytest-7571__r1,10,deepseek/deepseek-v4.1-flash-20260910,relace,baseline,pytest-dev__pytest-7571,hermes-session.jsonl,traces/hermes_session_records.jsonl,True,129940,c00b5ee8c622b8af29a828523738eef8e8aaaf3823138688c1268e6a1a150ddd,1
prior_relace,Previous · both models via Relace,10__v4-1-flash__baseline__pytest-dev__pytest-7571__r1,benchmark-results/deepseek-v4-v41-relace-20260920-185646/runs/10__v4-1-flash__baseline__pytest-dev__pytest-7571__r1,10,deepseek/deepseek-v4.1-flash-20260910,relace,baseline,pytest-dev__pytest-7571,hermes-session.json,traces/hermes_session_records.jsonl,True,145162,0b954e35fd3cdc2ea921dc8e44acf55f996232c4fd77fbd779b88cd29aaa9151,1
prior_relace,Previous · both models via Relace,10__v4-1-flash__baseline__pytest-dev__pytest-7571__r1,benchmark-results/deepseek-v4-v41-relace-20260920-185646/runs/10__v4-1-flash__baseline__pytest-dev__pytest-7571__r1,10,deepseek/deepseek-v4.1-flash-20260910,relace,baseline,pytest-dev__pytest-7571,usage.json,traces/usage_records.jsonl,True,963,a87cb37a6d5e8b264da3b28a95e657ea0faa1806285e2e75a60ff3797ed87d49,1
prior_relace,Previous · both models via Relace,10__v4-1-flash__baseline__pytest-dev__pytest-7571__r1,benchmark-results/deepseek-v4-v41-relace-20260920-185646/runs/10__v4-1-flash__baseline__pytest-dev__pytest-7571__r1,10,deepseek/deepseek-v4.1-flash-20260910,relace,baseline,pytest-dev__pytest-7571,timing-summary.json,traces/timing_summaries.jsonl,True,1401,76be33b5505740ce4d8d4247da0632d923e8da232c16164f174a243f1b998c8d,1
prior_relace,Previous · both models via Relace,10__v4-1-flash__baseline__pytest-dev__pytest-7571__r1,benchmark-results/deepseek-v4-v41-relace-20260920-185646/runs/10__v4-1-flash__baseline__pytest-dev__pytest-7571__r1,10,deepseek/deepseek-v4.1-flash-20260910,relace,baseline,pytest-dev__pytest-7571,treatment-evidence.json,traces/treatment_evidence.jsonl,True,1178,31794b6633b7b0153f5957fd2af8ebe3f48c487427a45d6f75ca1e8eee6b50e4,1
prior_relace,Previous · both models via Relace,10__v4-1-flash__baseline__pytest-dev__pytest-7571__r1,benchmark-results/deepseek-v4-v41-relace-20260920-185646/runs/10__v4-1-flash__baseline__pytest-dev__pytest-7571__r1,10,deepseek/deepseek-v4.1-flash-20260910,relace,baseline,pytest-dev__pytest-7571,model.patch,traces/model_patches.jsonl,True,0,e3b0c44298fc1c149afbf4c8996fb92427ae41e4649b934ca495991b7852b855,1
prior_relace,Previous · both models via Relace,11__v4-1-flash__baseline__django__django-13516__r1,benchmark-results/deepseek-v4-v41-relace-20260920-185646/runs/11__v4-1-flash__baseline__django__django-13516__r1,11,deepseek/deepseek-v4.1-flash-20260910,relace,baseline,django__django-13516,api-events.jsonl,traces/api_events.jsonl,True,144116,2192b3fcb4d1abf42e4b95e046b0c121f7517cabe6146e4f34944e5ac2be1a0d,120
prior_relace,Previous · both models via Relace,11__v4-1-flash__baseline__django__django-13516__r1,benchmark-results/deepseek-v4-v41-relace-20260920-185646/runs/11__v4-1-flash__baseline__django__django-13516__r1,11,deepseek/deepseek-v4.1-flash-20260910,relace,baseline,django__django-13516,tool-events.jsonl,traces/tool_events.jsonl,True,60750,d14660cd3e3bda7931db7ba814c5a7512cb1ece30fa06f9e750f718075cdcd03,126
prior_relace,Previous · both models via Relace,11__v4-1-flash__baseline__django__django-13516__r1,benchmark-results/deepseek-v4-v41-relace-20260920-185646/runs/11__v4-1-flash__baseline__django__django-13516__r1,11,deepseek/deepseek-v4.1-flash-20260910,relace,baseline,django__django-13516,hermes-events.jsonl,traces/hermes_events.jsonl,True,206709,15cc18e29e9c822364ad58a4abec2e29a474bf1b73df9211d96b3879d3ede24a,250
prior_relace,Previous · both models via Relace,11__v4-1-flash__baseline__django__django-13516__r1,benchmark-results/deepseek-v4-v41-relace-20260920-185646/runs/11__v4-1-flash__baseline__django__django-13516__r1,11,deepseek/deepseek-v4.1-flash-20260910,relace,baseline,django__django-13516,lifecycle-events.jsonl,traces/lifecycle_events.jsonl,True,1843,9fa4e03877a365ab93d2ac755d9807300866bf8402684bd1db2dd2f87ff7208a,4
prior_relace,Previous · both models via Relace,11__v4-1-flash__baseline__django__django-13516__r1,benchmark-results/deepseek-v4-v41-relace-20260920-185646/runs/11__v4-1-flash__baseline__django__django-13516__r1,11,deepseek/deepseek-v4.1-flash-20260910,relace,baseline,django__django-13516,hermes-session.trace.jsonl,traces/hermes_session_trace.jsonl,True,122351,dd6501bf09dbd05445db1ac2370b48d70303cf3a112b4269980ff5515e409f3c,124
prior_relace,Previous · both models via Relace,11__v4-1-flash__baseline__django__django-13516__r1,benchmark-results/deepseek-v4-v41-relace-20260920-185646/runs/11__v4-1-flash__baseline__django__django-13516__r1,11,deepseek/deepseek-v4.1-flash-20260910,relace,baseline,django__django-13516,hermes-session.jsonl,traces/hermes_session_records.jsonl,True,170913,1e6b57a9bf3aedb030e08393000b916700e086e3e852d85f5790adfd51ece9b0,1
prior_relace,Previous · both models via Relace,11__v4-1-flash__baseline__django__django-13516__r1,benchmark-results/deepseek-v4-v41-relace-20260920-185646/runs/11__v4-1-flash__baseline__django__django-13516__r1,11,deepseek/deepseek-v4.1-flash-20260910,relace,baseline,django__django-13516,hermes-session.json,traces/hermes_session_records.jsonl,True,203163,3317e23a0ff8792f5032db53e428eb2e56b437b12e2f0bc7f5eef8641edd44ab,1
prior_relace,Previous · both models via Relace,11__v4-1-flash__baseline__django__django-13516__r1,benchmark-results/deepseek-v4-v41-relace-20260920-185646/runs/11__v4-1-flash__baseline__django__django-13516__r1,11,deepseek/deepseek-v4.1-flash-20260910,relace,baseline,django__django-13516,usage.json,traces/usage_records.jsonl,True,948,23c429e4305af02b04df871300a3bd7b464e00bf39bae51795b4d56f3987d2ec,1
prior_relace,Previous · both models via Relace,11__v4-1-flash__baseline__django__django-13516__r1,benchmark-results/deepseek-v4-v41-relace-20260920-185646/runs/11__v4-1-flash__baseline__django__django-13516__r1,11,deepseek/deepseek-v4.1-flash-20260910,relace,baseline,django__django-13516,timing-summary.json,traces/timing_summaries.jsonl,True,1382,03417215981cf859a9c8f5fcefc3b97d1db990e1063c3876c838d461767110ad,1
prior_relace,Previous · both models via Relace,11__v4-1-flash__baseline__django__django-13516__r1,benchmark-results/deepseek-v4-v41-relace-20260920-185646/runs/11__v4-1-flash__baseline__django__django-13516__r1,11,deepseek/deepseek-v4.1-flash-20260910,relace,baseline,django__django-13516,treatment-evidence.json,traces/treatment_evidence.jsonl,True,1178,31794b6633b7b0153f5957fd2af8ebe3f48c487427a45d6f75ca1e8eee6b50e4,1
prior_relace,Previous · both models via Relace,11__v4-1-flash__baseline__django__django-13516__r1,benchmark-results/deepseek-v4-v41-relace-20260920-185646/runs/11__v4-1-flash__baseline__django__django-13516__r1,11,deepseek/deepseek-v4.1-flash-20260910,relace,baseline,django__django-13516,model.patch,traces/model_patches.jsonl,True,639,091d2aeaea4db46c66c6b990ae64560d93c03935f75f7a81cacad477b91c560a,1
prior_relace,Previous · both models via Relace,12__v4-flash-0731__caveman_ponytail__django__django-15731__r1,benchmark-results/deepseek-v4-v41-relace-20260920-185646/runs/12__v4-flash-0731__caveman_ponytail__django__django-15731__r1,12,deepseek/deepseek-v4-flash-0731,relace,caveman_ponytail,django__django-15731,api-events.jsonl,traces/api_events.jsonl,True,64602,c6db85cb739cee061e5c65df7ab4fa4a78e624cd5bc2adfb949a4cc2a689958a,54
prior_relace,Previous · both models via Relace,12__v4-flash-0731__caveman_ponytail__django__django-15731__r1,benchmark-results/deepseek-v4-v41-relace-20260920-185646/runs/12__v4-flash-0731__caveman_ponytail__django__django-15731__r1,12,deepseek/deepseek-v4-flash-0731,relace,caveman_ponytail,django__django-15731,tool-events.jsonl,traces/tool_events.jsonl,True,27957,da87630059962353b297ceb3f00dfb7426d7236590d33099ae4de990dfcd9c95,58
prior_relace,Previous · both models via Relace,12__v4-flash-0731__caveman_ponytail__django__django-15731__r1,benchmark-results/deepseek-v4-v41-relace-20260920-185646/runs/12__v4-flash-0731__caveman_ponytail__django__django-15731__r1,12,deepseek/deepseek-v4-flash-0731,relace,caveman_ponytail,django__django-15731,hermes-events.jsonl,traces/hermes_events.jsonl,True,94876,51e0c8a7f2780d8893d3aeec4ec1b1a7a7db4168dfe9746cfa57849f33f7485e,117
prior_relace,Previous · both models via Relace,12__v4-flash-0731__caveman_ponytail__django__django-15731__r1,benchmark-results/deepseek-v4-v41-relace-20260920-185646/runs/12__v4-flash-0731__caveman_ponytail__django__django-15731__r1,12,deepseek/deepseek-v4-flash-0731,relace,caveman_ponytail,django__django-15731,lifecycle-events.jsonl,traces/lifecycle_events.jsonl,True,2317,2b0f6402cedeb3978d4378f9a5851956f2ae55dde5f8f80c0fad3dd1588ece01,5
prior_relace,Previous · both models via Relace,12__v4-flash-0731__caveman_ponytail__django__django-15731__r1,benchmark-results/deepseek-v4-v41-relace-20260920-185646/runs/12__v4-flash-0731__caveman_ponytail__django__django-15731__r1,12,deepseek/deepseek-v4-flash-0731,relace,caveman_ponytail,django__django-15731,hermes-session.trace.jsonl,traces/hermes_session_trace.jsonl,True,58170,839455d3268b1980d13cd189d27464075627e30f9547767fa9b692bf4b9db221,57
prior_relace,Previous · both models via Relace,12__v4-flash-0731__caveman_ponytail__django__django-15731__r1,benchmark-results/deepseek-v4-v41-relace-20260920-185646/runs/12__v4-flash-0731__caveman_ponytail__django__django-15731__r1,12,deepseek/deepseek-v4-flash-0731,relace,caveman_ponytail,django__django-15731,hermes-session.jsonl,traces/hermes_session_records.jsonl,True,95932,c7f7847a1a8f92818c6852f1ccfee0232169cc6abf97f2c3b1d3d5cce9d7e232,1
prior_relace,Previous · both models via Relace,12__v4-flash-0731__caveman_ponytail__django__django-15731__r1,benchmark-results/deepseek-v4-v41-relace-20260920-185646/runs/12__v4-flash-0731__caveman_ponytail__django__django-15731__r1,12,deepseek/deepseek-v4-flash-0731,relace,caveman_ponytail,django__django-15731,hermes-session.json,traces/hermes_session_records.jsonl,True,110848,631f6b023e513c821ef7a238fe8160f8ac811224ed5d0d05213af69af59a2e8a,1
prior_relace,Previous · both models via Relace,12__v4-flash-0731__caveman_ponytail__django__django-15731__r1,benchmark-results/deepseek-v4-v41-relace-20260920-185646/runs/12__v4-flash-0731__caveman_ponytail__django__django-15731__r1,12,deepseek/deepseek-v4-flash-0731,relace,caveman_ponytail,django__django-15731,usage.json,traces/usage_records.jsonl,True,957,e4dc74663b5a024e9e4e54ad77f4b90369ab0555f4e2be04632c7900ce9691f7,1
prior_relace,Previous · both models via Relace,12__v4-flash-0731__caveman_ponytail__django__django-15731__r1,benchmark-results/deepseek-v4-v41-relace-20260920-185646/runs/12__v4-flash-0731__caveman_ponytail__django__django-15731__r1,12,deepseek/deepseek-v4-flash-0731,relace,caveman_ponytail,django__django-15731,timing-summary.json,traces/timing_summaries.jsonl,True,1509,87cc6ca7b6784d780bc3789282b54d95b7b3b912222e86b811a4a7761db6f75b,1
prior_relace,Previous · both models via Relace,12__v4-flash-0731__caveman_ponytail__django__django-15731__r1,benchmark-results/deepseek-v4-v41-relace-20260920-185646/runs/12__v4-flash-0731__caveman_ponytail__django__django-15731__r1,12,deepseek/deepseek-v4-flash-0731,relace,caveman_ponytail,django__django-15731,treatment-evidence.json,traces/treatment_evidence.jsonl,True,1957,b1345c5269a90df2598aaf6f17175e866a618e5ec8cee428097225c8458bee0b,1
prior_relace,Previous · both models via Relace,12__v4-flash-0731__caveman_ponytail__django__django-15731__r1,benchmark-results/deepseek-v4-v41-relace-20260920-185646/runs/12__v4-flash-0731__caveman_ponytail__django__django-15731__r1,12,deepseek/deepseek-v4-flash-0731,relace,caveman_ponytail,django__django-15731,model.patch,traces/model_patches.jsonl,True,766,d50bb8be2af70d220c65a00ccbe26d92820df7394eaea01e8574237edb653696,1
prior_relace,Previous · both models via Relace,13__v4-1-flash__caveman_ponytail__django__django-7530__r1,benchmark-results/deepseek-v4-v41-relace-20260920-185646/runs/13__v4-1-flash__caveman_ponytail__django__django-7530__r1,13,deepseek/deepseek-v4.1-flash-20260910,relace,caveman_ponytail,django__django-7530,api-events.jsonl,traces/api_events.jsonl,True,380179,2613082eb4e67a366a163c2d379b3e3dc2188ea328fd9656e17abbe08c47f29a,318
prior_relace,Previous · both models via Relace,13__v4-1-flash__caveman_ponytail__django__django-7530__r1,benchmark-results/deepseek-v4-v41-relace-20260920-185646/runs/13__v4-1-flash__caveman_ponytail__django__django-7530__r1,13,deepseek/deepseek-v4.1-flash-20260910,relace,caveman_ponytail,django__django-7530,tool-events.jsonl,traces/tool_events.jsonl,True,151491,ccf8685dc95f18d13fb29acdafccf8738a26fd29c084f838f5b2427671147909,314
prior_relace,Previous · both models via Relace,13__v4-1-flash__caveman_ponytail__django__django-7530__r1,benchmark-results/deepseek-v4-v41-relace-20260920-185646/runs/13__v4-1-flash__caveman_ponytail__django__django-7530__r1,13,deepseek/deepseek-v4.1-flash-20260910,relace,caveman_ponytail,django__django-7530,hermes-events.jsonl,traces/hermes_events.jsonl,True,534012,410a2ef2323c43e9d6d979739df6cc1957d969a8724d24cc111871b335ab7415,637
prior_relace,Previous · both models via Relace,13__v4-1-flash__caveman_ponytail__django__django-7530__r1,benchmark-results/deepseek-v4-v41-relace-20260920-185646/runs/13__v4-1-flash__caveman_ponytail__django__django-7530__r1,13,deepseek/deepseek-v4.1-flash-20260910,relace,caveman_ponytail,django__django-7530,lifecycle-events.jsonl,traces/lifecycle_events.jsonl,True,2342,49c151640bbccbc8221ccc5b9b420d0f2c95b5e2d6f089bfd05f394d7ef757d4,5
prior_relace,Previous · both models via Relace,13__v4-1-flash__caveman_ponytail__django__django-7530__r1,benchmark-results/deepseek-v4-v41-relace-20260920-185646/runs/13__v4-1-flash__caveman_ponytail__django__django-7530__r1,13,deepseek/deepseek-v4.1-flash-20260910,relace,caveman_ponytail,django__django-7530,hermes-session.trace.jsonl,traces/hermes_session_trace.jsonl,True,401087,87bb32d046c91977fb3b7b444fb3e328b27f03d3638d4b2ac53222d32cf77c43,313
prior_relace,Previous · both models via Relace,13__v4-1-flash__caveman_ponytail__django__django-7530__r1,benchmark-results/deepseek-v4-v41-relace-20260920-185646/runs/13__v4-1-flash__caveman_ponytail__django__django-7530__r1,13,deepseek/deepseek-v4.1-flash-20260910,relace,caveman_ponytail,django__django-7530,hermes-session.jsonl,traces/hermes_session_records.jsonl,True,509953,a1ad703e48e3de1093cb45683f1519194bdc0dab0990adabb85a13f742cdd12c,1
prior_relace,Previous · both models via Relace,13__v4-1-flash__caveman_ponytail__django__django-7530__r1,benchmark-results/deepseek-v4-v41-relace-20260920-185646/runs/13__v4-1-flash__caveman_ponytail__django__django-7530__r1,13,deepseek/deepseek-v4.1-flash-20260910,relace,caveman_ponytail,django__django-7530,hermes-session.json,traces/hermes_session_records.jsonl,True,590917,f87ceb182eacd20b86bb3485a6b0487b0b58f85f2cbb430c5898c3723ac18dd8,1
prior_relace,Previous · both models via Relace,13__v4-1-flash__caveman_ponytail__django__django-7530__r1,benchmark-results/deepseek-v4-v41-relace-20260920-185646/runs/13__v4-1-flash__caveman_ponytail__django__django-7530__r1,13,deepseek/deepseek-v4.1-flash-20260910,relace,caveman_ponytail,django__django-7530,usage.json,traces/usage_records.jsonl,True,968,05b3784d878fe4d5b83a991ad18b7fde38c99a1abfc6d0a0d3d56a0042edb24e,1
prior_relace,Previous · both models via Relace,13__v4-1-flash__caveman_ponytail__django__django-7530__r1,benchmark-results/deepseek-v4-v41-relace-20260920-185646/runs/13__v4-1-flash__caveman_ponytail__django__django-7530__r1,13,deepseek/deepseek-v4.1-flash-20260910,relace,caveman_ponytail,django__django-7530,timing-summary.json,traces/timing_summaries.jsonl,True,1725,2f6ac7ddf9cf375f4874694366796a717f5269e828be04ee858a443a54654cf3,1
prior_relace,Previous · both models via Relace,13__v4-1-flash__caveman_ponytail__django__django-7530__r1,benchmark-results/deepseek-v4-v41-relace-20260920-185646/runs/13__v4-1-flash__caveman_ponytail__django__django-7530__r1,13,deepseek/deepseek-v4.1-flash-20260910,relace,caveman_ponytail,django__django-7530,treatment-evidence.json,traces/treatment_evidence.jsonl,True,1969,8a5779d33eea3460c04b99ef7da8ec1ca60d47ccbcaba4fefd20bf634a6089fe,1
prior_relace,Previous · both models via Relace,13__v4-1-flash__caveman_ponytail__django__django-7530__r1,benchmark-results/deepseek-v4-v41-relace-20260920-185646/runs/13__v4-1-flash__caveman_ponytail__django__django-7530__r1,13,deepseek/deepseek-v4.1-flash-20260910,relace,caveman_ponytail,django__django-7530,model.patch,traces/model_patches.jsonl,True,1621,f438df4d928892662d6cad0e3b4bddd8f9edd6d72ef1984858b4f53a256b201a,1
prior_relace,Previous · both models via Relace,14__v4-flash-0731__caveman_ponytail__django__django-13516__r1,benchmark-results/deepseek-v4-v41-relace-20260920-185646/runs/14__v4-flash-0731__caveman_ponytail__django__django-13516__r1,14,deepseek/deepseek-v4-flash-0731,relace,caveman_ponytail,django__django-13516,api-events.jsonl,traces/api_events.jsonl,True,52649,799c0ff8b2f36848c6053a44d2b53ad1c77248cf768ef359f68c33cd4105fc2e,44
prior_relace,Previous · both models via Relace,14__v4-flash-0731__caveman_ponytail__django__django-13516__r1,benchmark-results/deepseek-v4-v41-relace-20260920-185646/runs/14__v4-flash-0731__caveman_ponytail__django__django-13516__r1,14,deepseek/deepseek-v4-flash-0731,relace,caveman_ponytail,django__django-13516,tool-events.jsonl,traces/tool_events.jsonl,True,22201,b140c973626772ed6dfdc33059bf050de5f22defc2d0fcef3e69846e0e7ea6ef,46
prior_relace,Previous · both models via Relace,14__v4-flash-0731__caveman_ponytail__django__django-13516__r1,benchmark-results/deepseek-v4-v41-relace-20260920-185646/runs/14__v4-flash-0731__caveman_ponytail__django__django-13516__r1,14,deepseek/deepseek-v4-flash-0731,relace,caveman_ponytail,django__django-13516,hermes-events.jsonl,traces/hermes_events.jsonl,True,77167,e675d1e84451860057865ef11528f74ea64329dac827f40d2e2e7d0767e9e2c5,95
prior_relace,Previous · both models via Relace,14__v4-flash-0731__caveman_ponytail__django__django-13516__r1,benchmark-results/deepseek-v4-v41-relace-20260920-185646/runs/14__v4-flash-0731__caveman_ponytail__django__django-13516__r1,14,deepseek/deepseek-v4-flash-0731,relace,caveman_ponytail,django__django-13516,lifecycle-events.jsonl,traces/lifecycle_events.jsonl,True,2317,23ba37ad0992ac2e830939fbd81b9d29ad220392af1cd13a98f34ab4a23f9bdf,5
prior_relace,Previous · both models via Relace,14__v4-flash-0731__caveman_ponytail__django__django-13516__r1,benchmark-results/deepseek-v4-v41-relace-20260920-185646/runs/14__v4-flash-0731__caveman_ponytail__django__django-13516__r1,14,deepseek/deepseek-v4-flash-0731,relace,caveman_ponytail,django__django-13516,hermes-session.trace.jsonl,traces/hermes_session_trace.jsonl,True,98531,17a08032abf943362961065ec1b7ab77c869f138ee3f1c076617b6cb617e1d0f,46
prior_relace,Previous · both models via Relace,14__v4-flash-0731__caveman_ponytail__django__django-13516__r1,benchmark-results/deepseek-v4-v41-relace-20260920-185646/runs/14__v4-flash-0731__caveman_ponytail__django__django-13516__r1,14,deepseek/deepseek-v4-flash-0731,relace,caveman_ponytail,django__django-13516,hermes-session.jsonl,traces/hermes_session_records.jsonl,True,132493,ef02f0e6c3a4c6b7fa53544ee327cbe3bdd612789755565c9ca7f07c62d2779f,1
prior_relace,Previous · both models via Relace,14__v4-flash-0731__caveman_ponytail__django__django-13516__r1,benchmark-results/deepseek-v4-v41-relace-20260920-185646/runs/14__v4-flash-0731__caveman_ponytail__django__django-13516__r1,14,deepseek/deepseek-v4-flash-0731,relace,caveman_ponytail,django__django-13516,hermes-session.json,traces/hermes_session_records.jsonl,True,144523,acf73f9e7ce6e14734dbdc5f9190385f248e70b27f7e113e041a06826b737a72,1
prior_relace,Previous · both models via Relace,14__v4-flash-0731__caveman_ponytail__django__django-13516__r1,benchmark-results/deepseek-v4-v41-relace-20260920-185646/runs/14__v4-flash-0731__caveman_ponytail__django__django-13516__r1,14,deepseek/deepseek-v4-flash-0731,relace,caveman_ponytail,django__django-13516,usage.json,traces/usage_records.jsonl,True,939,917dbdb2912abcc09e3c1d99cdcf4a1866aa9f8f4a433a7e0862410a8e490166,1
prior_relace,Previous · both models via Relace,14__v4-flash-0731__caveman_ponytail__django__django-13516__r1,benchmark-results/deepseek-v4-v41-relace-20260920-185646/runs/14__v4-flash-0731__caveman_ponytail__django__django-13516__r1,14,deepseek/deepseek-v4-flash-0731,relace,caveman_ponytail,django__django-13516,timing-summary.json,traces/timing_summaries.jsonl,True,1504,373857f8570aed1f779707c5645477c3a67ac284e1bc23b0ec4cb4eec7ff96ce,1
prior_relace,Previous · both models via Relace,14__v4-flash-0731__caveman_ponytail__django__django-13516__r1,benchmark-results/deepseek-v4-v41-relace-20260920-185646/runs/14__v4-flash-0731__caveman_ponytail__django__django-13516__r1,14,deepseek/deepseek-v4-flash-0731,relace,caveman_ponytail,django__django-13516,treatment-evidence.json,traces/treatment_evidence.jsonl,True,1957,b1345c5269a90df2598aaf6f17175e866a618e5ec8cee428097225c8458bee0b,1
prior_relace,Previous · both models via Relace,14__v4-flash-0731__caveman_ponytail__django__django-13516__r1,benchmark-results/deepseek-v4-v41-relace-20260920-185646/runs/14__v4-flash-0731__caveman_ponytail__django__django-13516__r1,14,deepseek/deepseek-v4-flash-0731,relace,caveman_ponytail,django__django-13516,model.patch,traces/model_patches.jsonl,True,593,9bf71e90211af95e770eacde83221e93d9791c35d74bb72efb616885060559af,1
prior_relace,Previous · both models via Relace,15__v4-flash-0731__caveman__django__django-7530__r1,benchmark-results/deepseek-v4-v41-relace-20260920-185646/runs/15__v4-flash-0731__caveman__django__django-7530__r1,15,deepseek/deepseek-v4-flash-0731,relace,caveman,django__django-7530,api-events.jsonl,traces/api_events.jsonl,True,83765,d67fbe053ac27685a4e1ba005203529271cce92a8fab68f51330a275ca4f0ba4,70
prior_relace,Previous · both models via Relace,15__v4-flash-0731__caveman__django__django-7530__r1,benchmark-results/deepseek-v4-v41-relace-20260920-185646/runs/15__v4-flash-0731__caveman__django__django-7530__r1,15,deepseek/deepseek-v4-flash-0731,relace,caveman,django__django-7530,tool-events.jsonl,traces/tool_events.jsonl,True,34716,fb93469cb65c3c7502ce2110871930beecac87d9077ddb07252391808d13cb2c,72
prior_relace,Previous · both models via Relace,15__v4-flash-0731__caveman__django__django-7530__r1,benchmark-results/deepseek-v4-v41-relace-20260920-185646/runs/15__v4-flash-0731__caveman__django__django-7530__r1,15,deepseek/deepseek-v4-flash-0731,relace,caveman,django__django-7530,hermes-events.jsonl,traces/hermes_events.jsonl,True,120799,ea458a330b2a3d09176610ce6cecfddacc01ce16480e25dbbd9815405346e29d,147
prior_relace,Previous · both models via Relace,15__v4-flash-0731__caveman__django__django-7530__r1,benchmark-results/deepseek-v4-v41-relace-20260920-185646/runs/15__v4-flash-0731__caveman__django__django-7530__r1,15,deepseek/deepseek-v4-flash-0731,relace,caveman,django__django-7530,lifecycle-events.jsonl,traces/lifecycle_events.jsonl,True,2318,16c93232dffb89d294880ac467c65c1a1975efa19eb8111571c9158daa653fc5,5
prior_relace,Previous · both models via Relace,15__v4-flash-0731__caveman__django__django-7530__r1,benchmark-results/deepseek-v4-v41-relace-20260920-185646/runs/15__v4-flash-0731__caveman__django__django-7530__r1,15,deepseek/deepseek-v4-flash-0731,relace,caveman,django__django-7530,hermes-session.trace.jsonl,traces/hermes_session_trace.jsonl,True,94569,3290936da4ca047fe208794ef259bcecc844060d366cdeefdab04dcc09d76933,72
prior_relace,Previous · both models via Relace,15__v4-flash-0731__caveman__django__django-7530__r1,benchmark-results/deepseek-v4-v41-relace-20260920-185646/runs/15__v4-flash-0731__caveman__django__django-7530__r1,15,deepseek/deepseek-v4-flash-0731,relace,caveman,django__django-7530,hermes-session.jsonl,traces/hermes_session_records.jsonl,True,128668,59c915368365339e6f59f2ec8670504943620c10e45dd61de9434ef964642892,1
prior_relace,Previous · both models via Relace,15__v4-flash-0731__caveman__django__django-7530__r1,benchmark-results/deepseek-v4-v41-relace-20260920-185646/runs/15__v4-flash-0731__caveman__django__django-7530__r1,15,deepseek/deepseek-v4-flash-0731,relace,caveman,django__django-7530,hermes-session.json,traces/hermes_session_records.jsonl,True,147406,d3b5901e2cd3e1b1db5812d5324de604b06d32977dc167a112c58df8080da50a,1
prior_relace,Previous · both models via Relace,15__v4-flash-0731__caveman__django__django-7530__r1,benchmark-results/deepseek-v4-v41-relace-20260920-185646/runs/15__v4-flash-0731__caveman__django__django-7530__r1,15,deepseek/deepseek-v4-flash-0731,relace,caveman,django__django-7530,usage.json,traces/usage_records.jsonl,True,940,c358ea51503268041d2c9836a9e75fd5f86bb4d04d15e2e56f44d0ab57fd1138,1
prior_relace,Previous · both models via Relace,15__v4-flash-0731__caveman__django__django-7530__r1,benchmark-results/deepseek-v4-v41-relace-20260920-185646/runs/15__v4-flash-0731__caveman__django__django-7530__r1,15,deepseek/deepseek-v4-flash-0731,relace,caveman,django__django-7530,timing-summary.json,traces/timing_summaries.jsonl,True,1513,f87292db16d611467cce6944eadff001b57d1b16c3bdb859c946303ff37603b0,1
prior_relace,Previous · both models via Relace,15__v4-flash-0731__caveman__django__django-7530__r1,benchmark-results/deepseek-v4-v41-relace-20260920-185646/runs/15__v4-flash-0731__caveman__django__django-7530__r1,15,deepseek/deepseek-v4-flash-0731,relace,caveman,django__django-7530,treatment-evidence.json,traces/treatment_evidence.jsonl,True,1214,cda8ee2b467aec18f8c8a17dd4fce18ea32cd5f9407747f766997da3208afea7,1
prior_relace,Previous · both models via Relace,15__v4-flash-0731__caveman__django__django-7530__r1,benchmark-results/deepseek-v4-v41-relace-20260920-185646/runs/15__v4-flash-0731__caveman__django__django-7530__r1,15,deepseek/deepseek-v4-flash-0731,relace,caveman,django__django-7530,model.patch,traces/model_patches.jsonl,True,770,c3590a0b092cad2ea4afcdcc8d6cc004836bba6dd3ad4855d5607781d09b8737,1
prior_relace,Previous · both models via Relace,16__v4-flash-0731__baseline__django__django-7530__r1,benchmark-results/deepseek-v4-v41-relace-20260920-185646/runs/16__v4-flash-0731__baseline__django__django-7530__r1,16,deepseek/deepseek-v4-flash-0731,relace,baseline,django__django-7530,api-events.jsonl,traces/api_events.jsonl,True,122145,31a38f6f9685977294bd3a0cd6080dc1587d2a2fce7b24bd00d2550fccd5bd3c,102
prior_relace,Previous · both models via Relace,16__v4-flash-0731__baseline__django__django-7530__r1,benchmark-results/deepseek-v4-v41-relace-20260920-185646/runs/16__v4-flash-0731__baseline__django__django-7530__r1,16,deepseek/deepseek-v4-flash-0731,relace,baseline,django__django-7530,tool-events.jsonl,traces/tool_events.jsonl,True,52096,f642474d72373ea98be9cf64d9f730e4448fe07b3462dba4877bcbf022d65c00,108
prior_relace,Previous · both models via Relace,16__v4-flash-0731__baseline__django__django-7530__r1,benchmark-results/deepseek-v4-v41-relace-20260920-185646/runs/16__v4-flash-0731__baseline__django__django-7530__r1,16,deepseek/deepseek-v4-flash-0731,relace,baseline,django__django-7530,hermes-events.jsonl,traces/hermes_events.jsonl,True,176059,a017ea6ed8edd236a40fd13adbdf0120666cbb00c79080ce65879fd8bc907dba,214
prior_relace,Previous · both models via Relace,16__v4-flash-0731__baseline__django__django-7530__r1,benchmark-results/deepseek-v4-v41-relace-20260920-185646/runs/16__v4-flash-0731__baseline__django__django-7530__r1,16,deepseek/deepseek-v4-flash-0731,relace,baseline,django__django-7530,lifecycle-events.jsonl,traces/lifecycle_events.jsonl,True,1818,e4be5f958737db0d621cdb3ca34486296f3f1ef693e2fa9d875e6ae97be0e3d5,4
prior_relace,Previous · both models via Relace,16__v4-flash-0731__baseline__django__django-7530__r1,benchmark-results/deepseek-v4-v41-relace-20260920-185646/runs/16__v4-flash-0731__baseline__django__django-7530__r1,16,deepseek/deepseek-v4-flash-0731,relace,baseline,django__django-7530,hermes-session.trace.jsonl,traces/hermes_session_trace.jsonl,True,172685,fea21aec796558bd1a0526277136f46cd7d54957aa2f3e325a2e9fb6a801e5e8,106
prior_relace,Previous · both models via Relace,16__v4-flash-0731__baseline__django__django-7530__r1,benchmark-results/deepseek-v4-v41-relace-20260920-185646/runs/16__v4-flash-0731__baseline__django__django-7530__r1,16,deepseek/deepseek-v4-flash-0731,relace,baseline,django__django-7530,hermes-session.jsonl,traces/hermes_session_records.jsonl,True,216518,ce394865761d7c6e6909f26bdaa942da84bf7c0656babfe4c7be7b66b11ce1b9,1
prior_relace,Previous · both models via Relace,16__v4-flash-0731__baseline__django__django-7530__r1,benchmark-results/deepseek-v4-v41-relace-20260920-185646/runs/16__v4-flash-0731__baseline__django__django-7530__r1,16,deepseek/deepseek-v4-flash-0731,relace,baseline,django__django-7530,hermes-session.json,traces/hermes_session_records.jsonl,True,244124,1f97c6e7b29f0e297cf06eee59ba29570e51c0d281ec6370774936c6965c3ef5,1
prior_relace,Previous · both models via Relace,16__v4-flash-0731__baseline__django__django-7530__r1,benchmark-results/deepseek-v4-v41-relace-20260920-185646/runs/16__v4-flash-0731__baseline__django__django-7530__r1,16,deepseek/deepseek-v4-flash-0731,relace,baseline,django__django-7530,usage.json,traces/usage_records.jsonl,True,961,e647effaa391de7dc3fe649e601e013c2777181dc54ea561f8f6eecd8d16bf1e,1
prior_relace,Previous · both models via Relace,16__v4-flash-0731__baseline__django__django-7530__r1,benchmark-results/deepseek-v4-v41-relace-20260920-185646/runs/16__v4-flash-0731__baseline__django__django-7530__r1,16,deepseek/deepseek-v4-flash-0731,relace,baseline,django__django-7530,timing-summary.json,traces/timing_summaries.jsonl,True,1548,6e04114b7975e8e9980912c367534ba8964fe168dd3d2c573ba26c21af0bd404,1
prior_relace,Previous · both models via Relace,16__v4-flash-0731__baseline__django__django-7530__r1,benchmark-results/deepseek-v4-v41-relace-20260920-185646/runs/16__v4-flash-0731__baseline__django__django-7530__r1,16,deepseek/deepseek-v4-flash-0731,relace,baseline,django__django-7530,treatment-evidence.json,traces/treatment_evidence.jsonl,True,1166,cdf4935af388cf13990b28300b5c08dad0ff3453e599631de9ee3d9634d35554,1
prior_relace,Previous · both models via Relace,16__v4-flash-0731__baseline__django__django-7530__r1,benchmark-results/deepseek-v4-v41-relace-20260920-185646/runs/16__v4-flash-0731__baseline__django__django-7530__r1,16,deepseek/deepseek-v4-flash-0731,relace,baseline,django__django-7530,model.patch,traces/model_patches.jsonl,True,770,c3590a0b092cad2ea4afcdcc8d6cc004836bba6dd3ad4855d5607781d09b8737,1
prior_relace,Previous · both models via Relace,17__v4-flash-0731__ponytail__django__django-13516__r1,benchmark-results/deepseek-v4-v41-relace-20260920-185646/runs/17__v4-flash-0731__ponytail__django__django-13516__r1,17,deepseek/deepseek-v4-flash-0731,relace,ponytail,django__django-13516,api-events.jsonl,traces/api_events.jsonl,True,64607,d82908cb3cd4639cc8f0ef2535869caf13a77bb9d05d381da03a6314eba43c26,54
prior_relace,Previous · both models via Relace,17__v4-flash-0731__ponytail__django__django-13516__r1,benchmark-results/deepseek-v4-v41-relace-20260920-185646/runs/17__v4-flash-0731__ponytail__django__django-13516__r1,17,deepseek/deepseek-v4-flash-0731,relace,ponytail,django__django-13516,tool-events.jsonl,traces/tool_events.jsonl,True,25042,fe9e5512f6c6bbdf6c4b122aa238ea6bbcf9588d25ffe49c2542859bacdc782d,52
prior_relace,Previous · both models via Relace,17__v4-flash-0731__ponytail__django__django-13516__r1,benchmark-results/deepseek-v4-v41-relace-20260920-185646/runs/17__v4-flash-0731__ponytail__django__django-13516__r1,17,deepseek/deepseek-v4-flash-0731,relace,ponytail,django__django-13516,hermes-events.jsonl,traces/hermes_events.jsonl,True,91469,00514e14deb9e87416ae1a26744729900b87e4830012a08a5ca7d8fa523c2bb5,110
prior_relace,Previous · both models via Relace,17__v4-flash-0731__ponytail__django__django-13516__r1,benchmark-results/deepseek-v4-v41-relace-20260920-185646/runs/17__v4-flash-0731__ponytail__django__django-13516__r1,17,deepseek/deepseek-v4-flash-0731,relace,ponytail,django__django-13516,lifecycle-events.jsonl,traces/lifecycle_events.jsonl,True,1820,af2c3825418c06ce8a94fe51ef42c9a901bb09c597e22b1e5fb80c5dee347278,4
prior_relace,Previous · both models via Relace,17__v4-flash-0731__ponytail__django__django-13516__r1,benchmark-results/deepseek-v4-v41-relace-20260920-185646/runs/17__v4-flash-0731__ponytail__django__django-13516__r1,17,deepseek/deepseek-v4-flash-0731,relace,ponytail,django__django-13516,hermes-session.trace.jsonl,traces/hermes_session_trace.jsonl,True,54831,bc4df1c80a23827544c30599e85088f66817d2a116debd52dd1fa1190865068b,54
prior_relace,Previous · both models via Relace,17__v4-flash-0731__ponytail__django__django-13516__r1,benchmark-results/deepseek-v4-v41-relace-20260920-185646/runs/17__v4-flash-0731__ponytail__django__django-13516__r1,17,deepseek/deepseek-v4-flash-0731,relace,ponytail,django__django-13516,hermes-session.jsonl,traces/hermes_session_records.jsonl,True,90786,83bf36671bb4de8e0c12ce4cdd20a0503b62b26746c3c03e97ad3036d20bdca6,1
prior_relace,Previous · both models via Relace,17__v4-flash-0731__ponytail__django__django-13516__r1,benchmark-results/deepseek-v4-v41-relace-20260920-185646/runs/17__v4-flash-0731__ponytail__django__django-13516__r1,17,deepseek/deepseek-v4-flash-0731,relace,ponytail,django__django-13516,hermes-session.json,traces/hermes_session_records.jsonl,True,104784,47ec79e995a9b1fb5109605263de751d0e04ba7587dd4d3b2f92857dcd857683,1
prior_relace,Previous · both models via Relace,17__v4-flash-0731__ponytail__django__django-13516__r1,benchmark-results/deepseek-v4-v41-relace-20260920-185646/runs/17__v4-flash-0731__ponytail__django__django-13516__r1,17,deepseek/deepseek-v4-flash-0731,relace,ponytail,django__django-13516,usage.json,traces/usage_records.jsonl,True,937,e6e000beb690fddefb4ea4bdc881be206997f3e2d18f052f66fdbadfd1028a4d,1
prior_relace,Previous · both models via Relace,17__v4-flash-0731__ponytail__django__django-13516__r1,benchmark-results/deepseek-v4-v41-relace-20260920-185646/runs/17__v4-flash-0731__ponytail__django__django-13516__r1,17,deepseek/deepseek-v4-flash-0731,relace,ponytail,django__django-13516,timing-summary.json,traces/timing_summaries.jsonl,True,1326,cfcadc4822cbc43e1de726e422fb839bea65a4d35ae833a4da7e9997b0ac28e1,1
prior_relace,Previous · both models via Relace,17__v4-flash-0731__ponytail__django__django-13516__r1,benchmark-results/deepseek-v4-v41-relace-20260920-185646/runs/17__v4-flash-0731__ponytail__django__django-13516__r1,17,deepseek/deepseek-v4-flash-0731,relace,ponytail,django__django-13516,treatment-evidence.json,traces/treatment_evidence.jsonl,True,1900,9fdec7dc6df6c9ed2277647d96ddeab68149ec33f245ed2d723576db4cc3dc6a,1
prior_relace,Previous · both models via Relace,17__v4-flash-0731__ponytail__django__django-13516__r1,benchmark-results/deepseek-v4-v41-relace-20260920-185646/runs/17__v4-flash-0731__ponytail__django__django-13516__r1,17,deepseek/deepseek-v4-flash-0731,relace,ponytail,django__django-13516,model.patch,traces/model_patches.jsonl,True,593,9bf71e90211af95e770eacde83221e93d9791c35d74bb72efb616885060559af,1
prior_relace,Previous · both models via Relace,18__v4-flash-0731__ponytail__django__django-15731__r1,benchmark-results/deepseek-v4-v41-relace-20260920-185646/runs/18__v4-flash-0731__ponytail__django__django-15731__r1,18,deepseek/deepseek-v4-flash-0731,relace,ponytail,django__django-15731,api-events.jsonl,traces/api_events.jsonl,True,40652,f0dcc34cf81fd7028e3013d0410500efa91c4e9cdcf0f2868cdb9115a6b98168,34
prior_relace,Previous · both models via Relace,18__v4-flash-0731__ponytail__django__django-15731__r1,benchmark-results/deepseek-v4-v41-relace-20260920-185646/runs/18__v4-flash-0731__ponytail__django__django-15731__r1,18,deepseek/deepseek-v4-flash-0731,relace,ponytail,django__django-15731,tool-events.jsonl,traces/tool_events.jsonl,True,15418,8f7d0581080ec0a8be23bcfc82e3d384f897db053185dfed269ad27512a05500,32
prior_relace,Previous · both models via Relace,18__v4-flash-0731__ponytail__django__django-15731__r1,benchmark-results/deepseek-v4-v41-relace-20260920-185646/runs/18__v4-flash-0731__ponytail__django__django-15731__r1,18,deepseek/deepseek-v4-flash-0731,relace,ponytail,django__django-15731,hermes-events.jsonl,traces/hermes_events.jsonl,True,57890,4c97e2c452a3cdd82d437a15b650c01ba78340f6299dee85d865f01d4ec37bd8,70
prior_relace,Previous · both models via Relace,18__v4-flash-0731__ponytail__django__django-15731__r1,benchmark-results/deepseek-v4-v41-relace-20260920-185646/runs/18__v4-flash-0731__ponytail__django__django-15731__r1,18,deepseek/deepseek-v4-flash-0731,relace,ponytail,django__django-15731,lifecycle-events.jsonl,traces/lifecycle_events.jsonl,True,1820,bfbd5fd495a2aa6c0878c84fb7ea84ea2131e4b7efb307c3752ebec0c00d4b95,4
prior_relace,Previous · both models via Relace,18__v4-flash-0731__ponytail__django__django-15731__r1,benchmark-results/deepseek-v4-v41-relace-20260920-185646/runs/18__v4-flash-0731__ponytail__django__django-15731__r1,18,deepseek/deepseek-v4-flash-0731,relace,ponytail,django__django-15731,hermes-session.trace.jsonl,traces/hermes_session_trace.jsonl,True,34917,fa8f807743b5c06f0017176e9749a6782504f4270570225ee708fb9acad23d00,34
prior_relace,Previous · both models via Relace,18__v4-flash-0731__ponytail__django__django-15731__r1,benchmark-results/deepseek-v4-v41-relace-20260920-185646/runs/18__v4-flash-0731__ponytail__django__django-15731__r1,18,deepseek/deepseek-v4-flash-0731,relace,ponytail,django__django-15731,hermes-session.jsonl,traces/hermes_session_records.jsonl,True,65877,f8ef0b96fef8d697113ec1f916d44573b3aa553217889574804394132ebf2d9f,1
prior_relace,Previous · both models via Relace,18__v4-flash-0731__ponytail__django__django-15731__r1,benchmark-results/deepseek-v4-v41-relace-20260920-185646/runs/18__v4-flash-0731__ponytail__django__django-15731__r1,18,deepseek/deepseek-v4-flash-0731,relace,ponytail,django__django-15731,hermes-session.json,traces/hermes_session_records.jsonl,True,74715,135caadb8b4b93b9ae9dd429af098e1dee5a0885f0755da8ccee7011672725e1,1
prior_relace,Previous · both models via Relace,18__v4-flash-0731__ponytail__django__django-15731__r1,benchmark-results/deepseek-v4-v41-relace-20260920-185646/runs/18__v4-flash-0731__ponytail__django__django-15731__r1,18,deepseek/deepseek-v4-flash-0731,relace,ponytail,django__django-15731,usage.json,traces/usage_records.jsonl,True,957,11f7eec2cb5c46f7bed6637622c55f221623e44c3e1bac75114b577ec23364f4,1
prior_relace,Previous · both models via Relace,18__v4-flash-0731__ponytail__django__django-15731__r1,benchmark-results/deepseek-v4-v41-relace-20260920-185646/runs/18__v4-flash-0731__ponytail__django__django-15731__r1,18,deepseek/deepseek-v4-flash-0731,relace,ponytail,django__django-15731,timing-summary.json,traces/timing_summaries.jsonl,True,1395,4cba4758dc3074ea6481c7a7ebeff31a5a68f27e8696862be4fedcca385e6631,1
prior_relace,Previous · both models via Relace,18__v4-flash-0731__ponytail__django__django-15731__r1,benchmark-results/deepseek-v4-v41-relace-20260920-185646/runs/18__v4-flash-0731__ponytail__django__django-15731__r1,18,deepseek/deepseek-v4-flash-0731,relace,ponytail,django__django-15731,treatment-evidence.json,traces/treatment_evidence.jsonl,True,1900,9fdec7dc6df6c9ed2277647d96ddeab68149ec33f245ed2d723576db4cc3dc6a,1
prior_relace,Previous · both models via Relace,18__v4-flash-0731__ponytail__django__django-15731__r1,benchmark-results/deepseek-v4-v41-relace-20260920-185646/runs/18__v4-flash-0731__ponytail__django__django-15731__r1,18,deepseek/deepseek-v4-flash-0731,relace,ponytail,django__django-15731,model.patch,traces/model_patches.jsonl,True,753,bfd19097730b029e06ddcef65439d751ce9028073bcf9b2adacd34bab70031e8,1
prior_relace,Previous · both models via Relace,19__v4-flash-0731__caveman__pytest-dev__pytest-7571__r1,benchmark-results/deepseek-v4-v41-relace-20260920-185646/runs/19__v4-flash-0731__caveman__pytest-dev__pytest-7571__r1,19,deepseek/deepseek-v4-flash-0731,relace,caveman,pytest-dev__pytest-7571,api-events.jsonl,traces/api_events.jsonl,True,105329,465043ed78b654cc58e16b0623983c710e5a8b21ed79efeac4295bff0b1a7b5d,88
prior_relace,Previous · both models via Relace,19__v4-flash-0731__caveman__pytest-dev__pytest-7571__r1,benchmark-results/deepseek-v4-v41-relace-20260920-185646/runs/19__v4-flash-0731__caveman__pytest-dev__pytest-7571__r1,19,deepseek/deepseek-v4-flash-0731,relace,caveman,pytest-dev__pytest-7571,tool-events.jsonl,traces/tool_events.jsonl,True,42423,0aa634221eb13af1a95c21154926a6509619db32ac5f2d9e1a497edd3d23c4c0,88
prior_relace,Previous · both models via Relace,19__v4-flash-0731__caveman__pytest-dev__pytest-7571__r1,benchmark-results/deepseek-v4-v41-relace-20260920-185646/runs/19__v4-flash-0731__caveman__pytest-dev__pytest-7571__r1,19,deepseek/deepseek-v4-flash-0731,relace,caveman,pytest-dev__pytest-7571,hermes-events.jsonl,traces/hermes_events.jsonl,True,150071,beec4c76069209df178030991683e640e71f0d69166ea2ac4dfb2eb4c89e5de0,181
prior_relace,Previous · both models via Relace,19__v4-flash-0731__caveman__pytest-dev__pytest-7571__r1,benchmark-results/deepseek-v4-v41-relace-20260920-185646/runs/19__v4-flash-0731__caveman__pytest-dev__pytest-7571__r1,19,deepseek/deepseek-v4-flash-0731,relace,caveman,pytest-dev__pytest-7571,lifecycle-events.jsonl,traces/lifecycle_events.jsonl,True,2319,837f84d2305ff19b6d8d4a8a1f08b45eec506c82bc481297711bb142082ee7e1,5
prior_relace,Previous · both models via Relace,19__v4-flash-0731__caveman__pytest-dev__pytest-7571__r1,benchmark-results/deepseek-v4-v41-relace-20260920-185646/runs/19__v4-flash-0731__caveman__pytest-dev__pytest-7571__r1,19,deepseek/deepseek-v4-flash-0731,relace,caveman,pytest-dev__pytest-7571,hermes-session.trace.jsonl,traces/hermes_session_trace.jsonl,True,115081,1f3f15d812a7f53ff0781e370ca311fd92026e5e125a8272bf15248de8f5c150,89
prior_relace,Previous · both models via Relace,19__v4-flash-0731__caveman__pytest-dev__pytest-7571__r1,benchmark-results/deepseek-v4-v41-relace-20260920-185646/runs/19__v4-flash-0731__caveman__pytest-dev__pytest-7571__r1,19,deepseek/deepseek-v4-flash-0731,relace,caveman,pytest-dev__pytest-7571,hermes-session.jsonl,traces/hermes_session_records.jsonl,True,153981,0f811a35db700ac2f7d1dc6768a00fcc4ca2a5e239de2025798ede8d7ab5b9af,1
prior_relace,Previous · both models via Relace,19__v4-flash-0731__caveman__pytest-dev__pytest-7571__r1,benchmark-results/deepseek-v4-v41-relace-20260920-185646/runs/19__v4-flash-0731__caveman__pytest-dev__pytest-7571__r1,19,deepseek/deepseek-v4-flash-0731,relace,caveman,pytest-dev__pytest-7571,hermes-session.json,traces/hermes_session_records.jsonl,True,177057,30edd691ffdc751a7152aaae299d9eb3cbc027be725b346e0d3f0658ea52adf0,1
prior_relace,Previous · both models via Relace,19__v4-flash-0731__caveman__pytest-dev__pytest-7571__r1,benchmark-results/deepseek-v4-v41-relace-20260920-185646/runs/19__v4-flash-0731__caveman__pytest-dev__pytest-7571__r1,19,deepseek/deepseek-v4-flash-0731,relace,caveman,pytest-dev__pytest-7571,usage.json,traces/usage_records.jsonl,True,960,3175946d5a4b9913ec5883443c78b159f5de5cbd890124e9fa89966563860d9c,1
prior_relace,Previous · both models via Relace,19__v4-flash-0731__caveman__pytest-dev__pytest-7571__r1,benchmark-results/deepseek-v4-v41-relace-20260920-185646/runs/19__v4-flash-0731__caveman__pytest-dev__pytest-7571__r1,19,deepseek/deepseek-v4-flash-0731,relace,caveman,pytest-dev__pytest-7571,timing-summary.json,traces/timing_summaries.jsonl,True,1578,a4903680956a464325396300dc05d3a8f3cf0cb6844020261cd2f27cfa1db3ba,1
prior_relace,Previous · both models via Relace,19__v4-flash-0731__caveman__pytest-dev__pytest-7571__r1,benchmark-results/deepseek-v4-v41-relace-20260920-185646/runs/19__v4-flash-0731__caveman__pytest-dev__pytest-7571__r1,19,deepseek/deepseek-v4-flash-0731,relace,caveman,pytest-dev__pytest-7571,treatment-evidence.json,traces/treatment_evidence.jsonl,True,1214,cda8ee2b467aec18f8c8a17dd4fce18ea32cd5f9407747f766997da3208afea7,1
prior_relace,Previous · both models via Relace,19__v4-flash-0731__caveman__pytest-dev__pytest-7571__r1,benchmark-results/deepseek-v4-v41-relace-20260920-185646/runs/19__v4-flash-0731__caveman__pytest-dev__pytest-7571__r1,19,deepseek/deepseek-v4-flash-0731,relace,caveman,pytest-dev__pytest-7571,model.patch,traces/model_patches.jsonl,True,1307,c17bb5996eb63f18cb164ee82553920ee931441c58faf2552ebf882462a5e6e2,1
prior_relace,Previous · both models via Relace,20__v4-1-flash__ponytail__django__django-16662__r1,benchmark-results/deepseek-v4-v41-relace-20260920-185646/runs/20__v4-1-flash__ponytail__django__django-16662__r1,20,deepseek/deepseek-v4.1-flash-20260910,relace,ponytail,django__django-16662,api-events.jsonl,traces/api_events.jsonl,True,151974,03df0159264e257acea1d162952ccd732132f88abe6869f0a28393e272e9fea5,128
prior_relace,Previous · both models via Relace,20__v4-1-flash__ponytail__django__django-16662__r1,benchmark-results/deepseek-v4-v41-relace-20260920-185646/runs/20__v4-1-flash__ponytail__django__django-16662__r1,20,deepseek/deepseek-v4.1-flash-20260910,relace,ponytail,django__django-16662,tool-events.jsonl,traces/tool_events.jsonl,True,61808,b3f810eabe9b0c43fa478784ddfe245c52f4329cc7550f7c3a874e1446095f36,128
prior_relace,Previous · both models via Relace,20__v4-1-flash__ponytail__django__django-16662__r1,benchmark-results/deepseek-v4-v41-relace-20260920-185646/runs/20__v4-1-flash__ponytail__django__django-16662__r1,20,deepseek/deepseek-v4.1-flash-20260910,relace,ponytail,django__django-16662,hermes-events.jsonl,traces/hermes_events.jsonl,True,215625,3b76fee71096209dd62fe0afd9bc192fe37fa6fb7634e81bcc665571f0893dca,260
prior_relace,Previous · both models via Relace,20__v4-1-flash__ponytail__django__django-16662__r1,benchmark-results/deepseek-v4-v41-relace-20260920-185646/runs/20__v4-1-flash__ponytail__django__django-16662__r1,20,deepseek/deepseek-v4.1-flash-20260910,relace,ponytail,django__django-16662,lifecycle-events.jsonl,traces/lifecycle_events.jsonl,True,1843,070780dcc44448eb0ea18adab655e14ff4fe36949af4ed86ccae041941fdcdaa,4
prior_relace,Previous · both models via Relace,20__v4-1-flash__ponytail__django__django-16662__r1,benchmark-results/deepseek-v4-v41-relace-20260920-185646/runs/20__v4-1-flash__ponytail__django__django-16662__r1,20,deepseek/deepseek-v4.1-flash-20260910,relace,ponytail,django__django-16662,hermes-session.trace.jsonl,traces/hermes_session_trace.jsonl,True,143381,ba4bcb9b5f4ce823827c937a865fee853a41c368411e068d95a1ee0478ff48c9,126
prior_relace,Previous · both models via Relace,20__v4-1-flash__ponytail__django__django-16662__r1,benchmark-results/deepseek-v4-v41-relace-20260920-185646/runs/20__v4-1-flash__ponytail__django__django-16662__r1,20,deepseek/deepseek-v4.1-flash-20260910,relace,ponytail,django__django-16662,hermes-session.jsonl,traces/hermes_session_records.jsonl,True,199524,52b73e3a612a488d9ee6df85df9754d9bd258487bb7b3e19808c8ca4933c888f,1
prior_relace,Previous · both models via Relace,20__v4-1-flash__ponytail__django__django-16662__r1,benchmark-results/deepseek-v4-v41-relace-20260920-185646/runs/20__v4-1-flash__ponytail__django__django-16662__r1,20,deepseek/deepseek-v4.1-flash-20260910,relace,ponytail,django__django-16662,hermes-session.json,traces/hermes_session_records.jsonl,True,232290,06801f830c523ac6e09b83b63ae989b89bb9147e9a05dca141493522d7121cee,1
prior_relace,Previous · both models via Relace,20__v4-1-flash__ponytail__django__django-16662__r1,benchmark-results/deepseek-v4-v41-relace-20260920-185646/runs/20__v4-1-flash__ponytail__django__django-16662__r1,20,deepseek/deepseek-v4.1-flash-20260910,relace,ponytail,django__django-16662,usage.json,traces/usage_records.jsonl,True,966,2cc86ba27b6372aa0a42993f341139d3ab96b76e0fd3484a18802c4e49c46d40,1
prior_relace,Previous · both models via Relace,20__v4-1-flash__ponytail__django__django-16662__r1,benchmark-results/deepseek-v4-v41-relace-20260920-185646/runs/20__v4-1-flash__ponytail__django__django-16662__r1,20,deepseek/deepseek-v4.1-flash-20260910,relace,ponytail,django__django-16662,timing-summary.json,traces/timing_summaries.jsonl,True,1399,b5c45e0dd65c8a65bfadbace9ebd20101a1bcca39acd3521c4932a35040c0c6f,1
prior_relace,Previous · both models via Relace,20__v4-1-flash__ponytail__django__django-16662__r1,benchmark-results/deepseek-v4-v41-relace-20260920-185646/runs/20__v4-1-flash__ponytail__django__django-16662__r1,20,deepseek/deepseek-v4.1-flash-20260910,relace,ponytail,django__django-16662,treatment-evidence.json,traces/treatment_evidence.jsonl,True,1912,fa2d41a7aec03f70f2d081167125d47e5ef2c2ba18808f924bc452aa47d994bd,1
prior_relace,Previous · both models via Relace,20__v4-1-flash__ponytail__django__django-16662__r1,benchmark-results/deepseek-v4-v41-relace-20260920-185646/runs/20__v4-1-flash__ponytail__django__django-16662__r1,20,deepseek/deepseek-v4.1-flash-20260910,relace,ponytail,django__django-16662,model.patch,traces/model_patches.jsonl,True,1286,f96339d9e4e0efe8ed0a5290becc3c866e3a2ab5dc79cfc04e09d1b8f8b6d320,1
prior_relace,Previous · both models via Relace,21__v4-1-flash__ponytail__pytest-dev__pytest-7571__r1,benchmark-results/deepseek-v4-v41-relace-20260920-185646/runs/21__v4-1-flash__ponytail__pytest-dev__pytest-7571__r1,21,deepseek/deepseek-v4.1-flash-20260910,relace,ponytail,pytest-dev__pytest-7571,api-events.jsonl,traces/api_events.jsonl,True,114105,afbd94db5762503ad75fcb1cc12a64d89011e43cf458a77896367c2bda9ca4f8,96
prior_relace,Previous · both models via Relace,21__v4-1-flash__ponytail__pytest-dev__pytest-7571__r1,benchmark-results/deepseek-v4-v41-relace-20260920-185646/runs/21__v4-1-flash__ponytail__pytest-dev__pytest-7571__r1,21,deepseek/deepseek-v4.1-flash-20260910,relace,ponytail,pytest-dev__pytest-7571,tool-events.jsonl,traces/tool_events.jsonl,True,44367,f67d5b0820e0942bf6ed4486aab5bd8f82ea5019af6b3b83b27fd68975ae3974,92
prior_relace,Previous · both models via Relace,21__v4-1-flash__ponytail__pytest-dev__pytest-7571__r1,benchmark-results/deepseek-v4-v41-relace-20260920-185646/runs/21__v4-1-flash__ponytail__pytest-dev__pytest-7571__r1,21,deepseek/deepseek-v4.1-flash-20260910,relace,ponytail,pytest-dev__pytest-7571,hermes-events.jsonl,traces/hermes_events.jsonl,True,160316,fd276267ef1080b6ef2d54225b5d943709fdacf4f09256c83c282e359b733463,192
prior_relace,Previous · both models via Relace,21__v4-1-flash__ponytail__pytest-dev__pytest-7571__r1,benchmark-results/deepseek-v4-v41-relace-20260920-185646/runs/21__v4-1-flash__ponytail__pytest-dev__pytest-7571__r1,21,deepseek/deepseek-v4.1-flash-20260910,relace,ponytail,pytest-dev__pytest-7571,lifecycle-events.jsonl,traces/lifecycle_events.jsonl,True,1844,886dd6f16011c092c2ff1f25e83548e0f5c3ad59c20615a6dbb6e16beac742a2,4
prior_relace,Previous · both models via Relace,21__v4-1-flash__ponytail__pytest-dev__pytest-7571__r1,benchmark-results/deepseek-v4-v41-relace-20260920-185646/runs/21__v4-1-flash__ponytail__pytest-dev__pytest-7571__r1,21,deepseek/deepseek-v4.1-flash-20260910,relace,ponytail,pytest-dev__pytest-7571,hermes-session.trace.jsonl,traces/hermes_session_trace.jsonl,True,121787,96ce20231ad9ac27576ef049c99bcc63a3bceee6351bcd23ab1bcd8bb53b89d1,93
prior_relace,Previous · both models via Relace,21__v4-1-flash__ponytail__pytest-dev__pytest-7571__r1,benchmark-results/deepseek-v4-v41-relace-20260920-185646/runs/21__v4-1-flash__ponytail__pytest-dev__pytest-7571__r1,21,deepseek/deepseek-v4.1-flash-20260910,relace,ponytail,pytest-dev__pytest-7571,hermes-session.jsonl,traces/hermes_session_records.jsonl,True,167975,30d902d75d5e1ce48fe0490fda0fe2d5edb5904254abcdfbe6a54bf4e7a84208,1
prior_relace,Previous · both models via Relace,21__v4-1-flash__ponytail__pytest-dev__pytest-7571__r1,benchmark-results/deepseek-v4-v41-relace-20260920-185646/runs/21__v4-1-flash__ponytail__pytest-dev__pytest-7571__r1,21,deepseek/deepseek-v4.1-flash-20260910,relace,ponytail,pytest-dev__pytest-7571,hermes-session.json,traces/hermes_session_records.jsonl,True,192083,d243934eff994c328c3f0809e17651e4b2f3f960f2faa40f5f98135083bff9fb,1
prior_relace,Previous · both models via Relace,21__v4-1-flash__ponytail__pytest-dev__pytest-7571__r1,benchmark-results/deepseek-v4-v41-relace-20260920-185646/runs/21__v4-1-flash__ponytail__pytest-dev__pytest-7571__r1,21,deepseek/deepseek-v4.1-flash-20260910,relace,ponytail,pytest-dev__pytest-7571,usage.json,traces/usage_records.jsonl,True,949,44229ab6a647f40ee3a2b30cc32704673562723a6f2db287cf9ea26a2cd877fe,1
prior_relace,Previous · both models via Relace,21__v4-1-flash__ponytail__pytest-dev__pytest-7571__r1,benchmark-results/deepseek-v4-v41-relace-20260920-185646/runs/21__v4-1-flash__ponytail__pytest-dev__pytest-7571__r1,21,deepseek/deepseek-v4.1-flash-20260910,relace,ponytail,pytest-dev__pytest-7571,timing-summary.json,traces/timing_summaries.jsonl,True,1535,f2fcc9a23d20e4e4a639d7f9e4a076d244d9e7a48f1f31d98a0c6375a3ad812b,1
prior_relace,Previous · both models via Relace,21__v4-1-flash__ponytail__pytest-dev__pytest-7571__r1,benchmark-results/deepseek-v4-v41-relace-20260920-185646/runs/21__v4-1-flash__ponytail__pytest-dev__pytest-7571__r1,21,deepseek/deepseek-v4.1-flash-20260910,relace,ponytail,pytest-dev__pytest-7571,treatment-evidence.json,traces/treatment_evidence.jsonl,True,1912,fa2d41a7aec03f70f2d081167125d47e5ef2c2ba18808f924bc452aa47d994bd,1
prior_relace,Previous · both models via Relace,21__v4-1-flash__ponytail__pytest-dev__pytest-7571__r1,benchmark-results/deepseek-v4-v41-relace-20260920-185646/runs/21__v4-1-flash__ponytail__pytest-dev__pytest-7571__r1,21,deepseek/deepseek-v4.1-flash-20260910,relace,ponytail,pytest-dev__pytest-7571,model.patch,traces/model_patches.jsonl,True,934,fd534cecc0a7156893db0ce4c5adf2bd3a7f681d704ab3a816101367bf193af7,1
prior_relace,Previous · both models via Relace,22__v4-flash-0731__ponytail__django__django-16662__r1,benchmark-results/deepseek-v4-v41-relace-20260920-185646/runs/22__v4-flash-0731__ponytail__django__django-16662__r1,22,deepseek/deepseek-v4-flash-0731,relace,ponytail,django__django-16662,api-events.jsonl,traces/api_events.jsonl,True,55008,29ec0d2135ec4cdf3fd13ef83c5e8d19293bea47c9aeee40b9954fc9b6be7ba3,46
prior_relace,Previous · both models via Relace,22__v4-flash-0731__ponytail__django__django-16662__r1,benchmark-results/deepseek-v4-v41-relace-20260920-185646/runs/22__v4-flash-0731__ponytail__django__django-16662__r1,22,deepseek/deepseek-v4-flash-0731,relace,ponytail,django__django-16662,tool-events.jsonl,traces/tool_events.jsonl,True,22183,f10f4926ded8e0620873dc652693aed4c1fc7c544d96a11daeb10402c50b42bd,46
prior_relace,Previous · both models via Relace,22__v4-flash-0731__ponytail__django__django-16662__r1,benchmark-results/deepseek-v4-v41-relace-20260920-185646/runs/22__v4-flash-0731__ponytail__django__django-16662__r1,22,deepseek/deepseek-v4-flash-0731,relace,ponytail,django__django-16662,hermes-events.jsonl,traces/hermes_events.jsonl,True,79011,64adf97bad2197105a44c2d55e9d77c0cffd6d6139c657b25f8459952d5a1457,96
prior_relace,Previous · both models via Relace,22__v4-flash-0731__ponytail__django__django-16662__r1,benchmark-results/deepseek-v4-v41-relace-20260920-185646/runs/22__v4-flash-0731__ponytail__django__django-16662__r1,22,deepseek/deepseek-v4-flash-0731,relace,ponytail,django__django-16662,lifecycle-events.jsonl,traces/lifecycle_events.jsonl,True,1820,4dab345d282f572689e6722ed03420983e4dfaf4795203e71e059526da3884f3,4
prior_relace,Previous · both models via Relace,22__v4-flash-0731__ponytail__django__django-16662__r1,benchmark-results/deepseek-v4-v41-relace-20260920-185646/runs/22__v4-flash-0731__ponytail__django__django-16662__r1,22,deepseek/deepseek-v4-flash-0731,relace,ponytail,django__django-16662,hermes-session.trace.jsonl,traces/hermes_session_trace.jsonl,True,48068,524cc436a98614e4012d848aa43d667d466172cea2e4771bcbb5ce35697c3de7,47
prior_relace,Previous · both models via Relace,22__v4-flash-0731__ponytail__django__django-16662__r1,benchmark-results/deepseek-v4-v41-relace-20260920-185646/runs/22__v4-flash-0731__ponytail__django__django-16662__r1,22,deepseek/deepseek-v4-flash-0731,relace,ponytail,django__django-16662,hermes-session.jsonl,traces/hermes_session_records.jsonl,True,82223,d47721deb2f5b804a33327f3c630d31257f4f5dcc1f1d24588904c3f748685b1,1
prior_relace,Previous · both models via Relace,22__v4-flash-0731__ponytail__django__django-16662__r1,benchmark-results/deepseek-v4-v41-relace-20260920-185646/runs/22__v4-flash-0731__ponytail__django__django-16662__r1,22,deepseek/deepseek-v4-flash-0731,relace,ponytail,django__django-16662,hermes-session.json,traces/hermes_session_records.jsonl,True,94463,ac97e7941d7f5295b62a09eedef3440c193747c1a04f2924c4e1f197d0f60993,1
prior_relace,Previous · both models via Relace,22__v4-flash-0731__ponytail__django__django-16662__r1,benchmark-results/deepseek-v4-v41-relace-20260920-185646/runs/22__v4-flash-0731__ponytail__django__django-16662__r1,22,deepseek/deepseek-v4-flash-0731,relace,ponytail,django__django-16662,usage.json,traces/usage_records.jsonl,True,937,aa080a74432bd2c71ec46c203fc0bf9c09973d66cb2de657fa49270b31dcc3db,1
prior_relace,Previous · both models via Relace,22__v4-flash-0731__ponytail__django__django-16662__r1,benchmark-results/deepseek-v4-v41-relace-20260920-185646/runs/22__v4-flash-0731__ponytail__django__django-16662__r1,22,deepseek/deepseek-v4-flash-0731,relace,ponytail,django__django-16662,timing-summary.json,traces/timing_summaries.jsonl,True,1460,1c03e3ce939cf6bf48217f01f6df18f1db69c95686afe625ca4da61a242affe0,1
prior_relace,Previous · both models via Relace,22__v4-flash-0731__ponytail__django__django-16662__r1,benchmark-results/deepseek-v4-v41-relace-20260920-185646/runs/22__v4-flash-0731__ponytail__django__django-16662__r1,22,deepseek/deepseek-v4-flash-0731,relace,ponytail,django__django-16662,treatment-evidence.json,traces/treatment_evidence.jsonl,True,1900,9fdec7dc6df6c9ed2277647d96ddeab68149ec33f245ed2d723576db4cc3dc6a,1
prior_relace,Previous · both models via Relace,22__v4-flash-0731__ponytail__django__django-16662__r1,benchmark-results/deepseek-v4-v41-relace-20260920-185646/runs/22__v4-flash-0731__ponytail__django__django-16662__r1,22,deepseek/deepseek-v4-flash-0731,relace,ponytail,django__django-16662,model.patch,traces/model_patches.jsonl,True,0,e3b0c44298fc1c149afbf4c8996fb92427ae41e4649b934ca495991b7852b855,1
prior_relace,Previous · both models via Relace,23__v4-flash-0731__baseline__django__django-16662__r1,benchmark-results/deepseek-v4-v41-relace-20260920-185646/runs/23__v4-flash-0731__baseline__django__django-16662__r1,23,deepseek/deepseek-v4-flash-0731,relace,baseline,django__django-16662,api-events.jsonl,traces/api_events.jsonl,True,126902,abc336d478e2b2e51853e1191e92a8c2487c4e7557ae58c9fd8deae1e1ee68a0,106
prior_relace,Previous · both models via Relace,23__v4-flash-0731__baseline__django__django-16662__r1,benchmark-results/deepseek-v4-v41-relace-20260920-185646/runs/23__v4-flash-0731__baseline__django__django-16662__r1,23,deepseek/deepseek-v4-flash-0731,relace,baseline,django__django-16662,tool-events.jsonl,traces/tool_events.jsonl,True,50121,01f4873ba60b44ec3ceabea283426ddbfe31858297d54acecc2300c3f476109f,104
prior_relace,Previous · both models via Relace,23__v4-flash-0731__baseline__django__django-16662__r1,benchmark-results/deepseek-v4-v41-relace-20260920-185646/runs/23__v4-flash-0731__baseline__django__django-16662__r1,23,deepseek/deepseek-v4-flash-0731,relace,baseline,django__django-16662,hermes-events.jsonl,traces/hermes_events.jsonl,True,178842,4cd182f66e15b2bffa3554deba70edd02d5926c4226f9c3121f6031c5bff68ed,214
prior_relace,Previous · both models via Relace,23__v4-flash-0731__baseline__django__django-16662__r1,benchmark-results/deepseek-v4-v41-relace-20260920-185646/runs/23__v4-flash-0731__baseline__django__django-16662__r1,23,deepseek/deepseek-v4-flash-0731,relace,baseline,django__django-16662,lifecycle-events.jsonl,traces/lifecycle_events.jsonl,True,1819,aafede6a7a7f7b0f1d6a99f118a7bb3499c224a9fb7a78b303fde910e2d2c8a9,4
prior_relace,Previous · both models via Relace,23__v4-flash-0731__baseline__django__django-16662__r1,benchmark-results/deepseek-v4-v41-relace-20260920-185646/runs/23__v4-flash-0731__baseline__django__django-16662__r1,23,deepseek/deepseek-v4-flash-0731,relace,baseline,django__django-16662,hermes-session.trace.jsonl,traces/hermes_session_trace.jsonl,True,134475,97e738292b16e991883c33903835f18e5c78c0b0a70f9d7c7f75de70d3563a0c,106
prior_relace,Previous · both models via Relace,23__v4-flash-0731__baseline__django__django-16662__r1,benchmark-results/deepseek-v4-v41-relace-20260920-185646/runs/23__v4-flash-0731__baseline__django__django-16662__r1,23,deepseek/deepseek-v4-flash-0731,relace,baseline,django__django-16662,hermes-session.jsonl,traces/hermes_session_records.jsonl,True,178810,54eafafafb34d81036e7e3c22325a8a771359dc22404fd83c2c313db7c0d4760,1
prior_relace,Previous · both models via Relace,23__v4-flash-0731__baseline__django__django-16662__r1,benchmark-results/deepseek-v4-v41-relace-20260920-185646/runs/23__v4-flash-0731__baseline__django__django-16662__r1,23,deepseek/deepseek-v4-flash-0731,relace,baseline,django__django-16662,hermes-session.json,traces/hermes_session_records.jsonl,True,206224,9943ad81ab279255c2c93534fe7d5ff41a992dba2f5d1efb9f79d9aa867a3d1b,1
prior_relace,Previous · both models via Relace,23__v4-flash-0731__baseline__django__django-16662__r1,benchmark-results/deepseek-v4-v41-relace-20260920-185646/runs/23__v4-flash-0731__baseline__django__django-16662__r1,23,deepseek/deepseek-v4-flash-0731,relace,baseline,django__django-16662,usage.json,traces/usage_records.jsonl,True,959,e1dfe4fbda068678359ac766cd1d222a62f1597174b6c2463eceb9bbaeda3a32,1
prior_relace,Previous · both models via Relace,23__v4-flash-0731__baseline__django__django-16662__r1,benchmark-results/deepseek-v4-v41-relace-20260920-185646/runs/23__v4-flash-0731__baseline__django__django-16662__r1,23,deepseek/deepseek-v4-flash-0731,relace,baseline,django__django-16662,timing-summary.json,traces/timing_summaries.jsonl,True,1340,03f992eb09532376deb579fffb08dc3b91af61c477f28511b178a757bb15959f,1
prior_relace,Previous · both models via Relace,23__v4-flash-0731__baseline__django__django-16662__r1,benchmark-results/deepseek-v4-v41-relace-20260920-185646/runs/23__v4-flash-0731__baseline__django__django-16662__r1,23,deepseek/deepseek-v4-flash-0731,relace,baseline,django__django-16662,treatment-evidence.json,traces/treatment_evidence.jsonl,True,1166,cdf4935af388cf13990b28300b5c08dad0ff3453e599631de9ee3d9634d35554,1
prior_relace,Previous · both models via Relace,23__v4-flash-0731__baseline__django__django-16662__r1,benchmark-results/deepseek-v4-v41-relace-20260920-185646/runs/23__v4-flash-0731__baseline__django__django-16662__r1,23,deepseek/deepseek-v4-flash-0731,relace,baseline,django__django-16662,model.patch,traces/model_patches.jsonl,True,907,c3de73a7559910d7f95ad813b217f3e1d490851b5a098544ac8dc44218ceef37,1
prior_relace,Previous · both models via Relace,24__v4-flash-0731__baseline__django__django-13516__r1,benchmark-results/deepseek-v4-v41-relace-20260920-185646/runs/24__v4-flash-0731__baseline__django__django-13516__r1,24,deepseek/deepseek-v4-flash-0731,relace,baseline,django__django-13516,api-events.jsonl,traces/api_events.jsonl,True,74183,7146e1ec9b3b6c3c47a604ca4e905ff4a217d211b08e72fe9071f747c6168e7d,62
prior_relace,Previous · both models via Relace,24__v4-flash-0731__baseline__django__django-13516__r1,benchmark-results/deepseek-v4-v41-relace-20260920-185646/runs/24__v4-flash-0731__baseline__django__django-13516__r1,24,deepseek/deepseek-v4-flash-0731,relace,baseline,django__django-13516,tool-events.jsonl,traces/tool_events.jsonl,True,28911,a866326ac2531aab2c7bc26864c794171a9246d420ef794e8f54581ca877b7f3,60
prior_relace,Previous · both models via Relace,24__v4-flash-0731__baseline__django__django-13516__r1,benchmark-results/deepseek-v4-v41-relace-20260920-185646/runs/24__v4-flash-0731__baseline__django__django-13516__r1,24,deepseek/deepseek-v4-flash-0731,relace,baseline,django__django-13516,hermes-events.jsonl,traces/hermes_events.jsonl,True,104913,547b92c5c0306c2c20b0435d710c63cf823d44c8c16eb79552321d032f596029,126
prior_relace,Previous · both models via Relace,24__v4-flash-0731__baseline__django__django-13516__r1,benchmark-results/deepseek-v4-v41-relace-20260920-185646/runs/24__v4-flash-0731__baseline__django__django-13516__r1,24,deepseek/deepseek-v4-flash-0731,relace,baseline,django__django-13516,lifecycle-events.jsonl,traces/lifecycle_events.jsonl,True,1819,940dac95ac4d8319c6f46950622fead45b8fd65c221d7f0587712c8f5890148f,4
prior_relace,Previous · both models via Relace,24__v4-flash-0731__baseline__django__django-13516__r1,benchmark-results/deepseek-v4-v41-relace-20260920-185646/runs/24__v4-flash-0731__baseline__django__django-13516__r1,24,deepseek/deepseek-v4-flash-0731,relace,baseline,django__django-13516,hermes-session.trace.jsonl,traces/hermes_session_trace.jsonl,True,91129,7b0930989401bfbffe62422d24b887bec1934396581d7cec43b609f4f57bf261,62
prior_relace,Previous · both models via Relace,24__v4-flash-0731__baseline__django__django-13516__r1,benchmark-results/deepseek-v4-v41-relace-20260920-185646/runs/24__v4-flash-0731__baseline__django__django-13516__r1,24,deepseek/deepseek-v4-flash-0731,relace,baseline,django__django-13516,hermes-session.jsonl,traces/hermes_session_records.jsonl,True,122633,417f8c91774fb009c50d02941550eab7a5b45c398a62d0093fe3d014c1156abd,1
prior_relace,Previous · both models via Relace,24__v4-flash-0731__baseline__django__django-13516__r1,benchmark-results/deepseek-v4-v41-relace-20260920-185646/runs/24__v4-flash-0731__baseline__django__django-13516__r1,24,deepseek/deepseek-v4-flash-0731,relace,baseline,django__django-13516,hermes-session.json,traces/hermes_session_records.jsonl,True,138695,84e280e3699b832587d97ef10cffd13b41b49ab91d79f59440884f2a7ab1936d,1
prior_relace,Previous · both models via Relace,24__v4-flash-0731__baseline__django__django-13516__r1,benchmark-results/deepseek-v4-v41-relace-20260920-185646/runs/24__v4-flash-0731__baseline__django__django-13516__r1,24,deepseek/deepseek-v4-flash-0731,relace,baseline,django__django-13516,usage.json,traces/usage_records.jsonl,True,957,bd0b133a33ceab5374bccf196f6ea36748deb1aaf7d100f663edba8462be9b48,1
prior_relace,Previous · both models via Relace,24__v4-flash-0731__baseline__django__django-13516__r1,benchmark-results/deepseek-v4-v41-relace-20260920-185646/runs/24__v4-flash-0731__baseline__django__django-13516__r1,24,deepseek/deepseek-v4-flash-0731,relace,baseline,django__django-13516,timing-summary.json,traces/timing_summaries.jsonl,True,1340,72ed3610b2ac72ed7067944cea8e4da9a76421e02122e72e1b9284478504831a,1
prior_relace,Previous · both models via Relace,24__v4-flash-0731__baseline__django__django-13516__r1,benchmark-results/deepseek-v4-v41-relace-20260920-185646/runs/24__v4-flash-0731__baseline__django__django-13516__r1,24,deepseek/deepseek-v4-flash-0731,relace,baseline,django__django-13516,treatment-evidence.json,traces/treatment_evidence.jsonl,True,1166,cdf4935af388cf13990b28300b5c08dad0ff3453e599631de9ee3d9634d35554,1
prior_relace,Previous · both models via Relace,24__v4-flash-0731__baseline__django__django-13516__r1,benchmark-results/deepseek-v4-v41-relace-20260920-185646/runs/24__v4-flash-0731__baseline__django__django-13516__r1,24,deepseek/deepseek-v4-flash-0731,relace,baseline,django__django-13516,model.patch,traces/model_patches.jsonl,True,412,c49d4ca1821366c9d7274a75b8ddf5cd0d72d85ddd39a045e4ffb00f8556669e,1
prior_relace,Previous · both models via Relace,25__v4-flash-0731__baseline__pytest-dev__pytest-7571__r1,benchmark-results/deepseek-v4-v41-relace-20260920-185646/runs/25__v4-flash-0731__baseline__pytest-dev__pytest-7571__r1,25,deepseek/deepseek-v4-flash-0731,relace,baseline,pytest-dev__pytest-7571,api-events.jsonl,traces/api_events.jsonl,True,90971,dbe78cada286cfedc022a8c4fb1f161c9efab7536ecdb97bccad180baa39e0cb,76
prior_relace,Previous · both models via Relace,25__v4-flash-0731__baseline__pytest-dev__pytest-7571__r1,benchmark-results/deepseek-v4-v41-relace-20260920-185646/runs/25__v4-flash-0731__baseline__pytest-dev__pytest-7571__r1,25,deepseek/deepseek-v4-flash-0731,relace,baseline,pytest-dev__pytest-7571,tool-events.jsonl,traces/tool_events.jsonl,True,38622,285ac87329cf80676a2d566d604b59b186913bcab0079d32d24aeb6cb011b826,80
prior_relace,Previous · both models via Relace,25__v4-flash-0731__baseline__pytest-dev__pytest-7571__r1,benchmark-results/deepseek-v4-v41-relace-20260920-185646/runs/25__v4-flash-0731__baseline__pytest-dev__pytest-7571__r1,25,deepseek/deepseek-v4-flash-0731,relace,baseline,pytest-dev__pytest-7571,hermes-events.jsonl,traces/hermes_events.jsonl,True,131413,784f2b4b64d204462cd449fd366ddad90046494e4877c7690c858e0e30491c38,160
prior_relace,Previous · both models via Relace,25__v4-flash-0731__baseline__pytest-dev__pytest-7571__r1,benchmark-results/deepseek-v4-v41-relace-20260920-185646/runs/25__v4-flash-0731__baseline__pytest-dev__pytest-7571__r1,25,deepseek/deepseek-v4-flash-0731,relace,baseline,pytest-dev__pytest-7571,lifecycle-events.jsonl,traces/lifecycle_events.jsonl,True,1820,3b77a79c5517bc11a3b6a3a4f67cfdafbe32198f039345d7b43ac5b93dd21010,4
prior_relace,Previous · both models via Relace,25__v4-flash-0731__baseline__pytest-dev__pytest-7571__r1,benchmark-results/deepseek-v4-v41-relace-20260920-185646/runs/25__v4-flash-0731__baseline__pytest-dev__pytest-7571__r1,25,deepseek/deepseek-v4-flash-0731,relace,baseline,pytest-dev__pytest-7571,hermes-session.trace.jsonl,traces/hermes_session_trace.jsonl,True,113867,d90fb6bc4dbdfb2a37b320824e286308d0c5bc6be8b19ab06d040b68b1ac3deb,79
prior_relace,Previous · both models via Relace,25__v4-flash-0731__baseline__pytest-dev__pytest-7571__r1,benchmark-results/deepseek-v4-v41-relace-20260920-185646/runs/25__v4-flash-0731__baseline__pytest-dev__pytest-7571__r1,25,deepseek/deepseek-v4-flash-0731,relace,baseline,pytest-dev__pytest-7571,hermes-session.jsonl,traces/hermes_session_records.jsonl,True,150004,9ce60e5088308124b5f3eaa87dfd94ce767f2fe0d6adf84d30d0255012676e82,1
prior_relace,Previous · both models via Relace,25__v4-flash-0731__baseline__pytest-dev__pytest-7571__r1,benchmark-results/deepseek-v4-v41-relace-20260920-185646/runs/25__v4-flash-0731__baseline__pytest-dev__pytest-7571__r1,25,deepseek/deepseek-v4-flash-0731,relace,baseline,pytest-dev__pytest-7571,hermes-session.json,traces/hermes_session_records.jsonl,True,170596,8f2ed39dc2324a61fdc0d7d6cda02b9423286c655718a58588eac1e75dee8c8c,1
prior_relace,Previous · both models via Relace,25__v4-flash-0731__baseline__pytest-dev__pytest-7571__r1,benchmark-results/deepseek-v4-v41-relace-20260920-185646/runs/25__v4-flash-0731__baseline__pytest-dev__pytest-7571__r1,25,deepseek/deepseek-v4-flash-0731,relace,baseline,pytest-dev__pytest-7571,usage.json,traces/usage_records.jsonl,True,939,974bafe063580eecf0bea37f7951d2aae9404b358f6d40437511f0b4eaf99486,1
prior_relace,Previous · both models via Relace,25__v4-flash-0731__baseline__pytest-dev__pytest-7571__r1,benchmark-results/deepseek-v4-v41-relace-20260920-185646/runs/25__v4-flash-0731__baseline__pytest-dev__pytest-7571__r1,25,deepseek/deepseek-v4-flash-0731,relace,baseline,pytest-dev__pytest-7571,timing-summary.json,traces/timing_summaries.jsonl,True,1465,980b789935a0e23bc32455e57e01680dee313248b5edd35c330b5e488175e5fc,1
prior_relace,Previous · both models via Relace,25__v4-flash-0731__baseline__pytest-dev__pytest-7571__r1,benchmark-results/deepseek-v4-v41-relace-20260920-185646/runs/25__v4-flash-0731__baseline__pytest-dev__pytest-7571__r1,25,deepseek/deepseek-v4-flash-0731,relace,baseline,pytest-dev__pytest-7571,treatment-evidence.json,traces/treatment_evidence.jsonl,True,1166,cdf4935af388cf13990b28300b5c08dad0ff3453e599631de9ee3d9634d35554,1
prior_relace,Previous · both models via Relace,25__v4-flash-0731__baseline__pytest-dev__pytest-7571__r1,benchmark-results/deepseek-v4-v41-relace-20260920-185646/runs/25__v4-flash-0731__baseline__pytest-dev__pytest-7571__r1,25,deepseek/deepseek-v4-flash-0731,relace,baseline,pytest-dev__pytest-7571,model.patch,traces/model_patches.jsonl,True,1331,59880115951e7329b36019baa0ece28399fb080a101a1085e67a34c6a8be7f5f,1
prior_relace,Previous · both models via Relace,26__v4-1-flash__caveman__django__django-15731__r1,benchmark-results/deepseek-v4-v41-relace-20260920-185646/runs/26__v4-1-flash__caveman__django__django-15731__r1,26,deepseek/deepseek-v4.1-flash-20260910,relace,caveman,django__django-15731,api-events.jsonl,traces/api_events.jsonl,True,81625,d2f6dc8711fcd18155f3e6255f9db90e9f1b3034a6431b5b661d8a1fd728851d,68
prior_relace,Previous · both models via Relace,26__v4-1-flash__caveman__django__django-15731__r1,benchmark-results/deepseek-v4-v41-relace-20260920-185646/runs/26__v4-1-flash__caveman__django__django-15731__r1,26,deepseek/deepseek-v4.1-flash-20260910,relace,caveman,django__django-15731,tool-events.jsonl,traces/tool_events.jsonl,True,37630,0bd890067bb5beed01747ea72f190205976d91102e02ac0f46ffce42350e095a,78
prior_relace,Previous · both models via Relace,26__v4-1-flash__caveman__django__django-15731__r1,benchmark-results/deepseek-v4-v41-relace-20260920-185646/runs/26__v4-1-flash__caveman__django__django-15731__r1,26,deepseek/deepseek-v4.1-flash-20260910,relace,caveman,django__django-15731,hermes-events.jsonl,traces/hermes_events.jsonl,True,121597,37c7878f0a4af14e4a562a705e4652309beb0e568e39f8c5d226855b8eef66b3,151
prior_relace,Previous · both models via Relace,26__v4-1-flash__caveman__django__django-15731__r1,benchmark-results/deepseek-v4-v41-relace-20260920-185646/runs/26__v4-1-flash__caveman__django__django-15731__r1,26,deepseek/deepseek-v4.1-flash-20260910,relace,caveman,django__django-15731,lifecycle-events.jsonl,traces/lifecycle_events.jsonl,True,2342,1d35aac2ba33d8461cb8c42daed3b70fc425967fe8a14c4e15583ebf7465d651,5
prior_relace,Previous · both models via Relace,26__v4-1-flash__caveman__django__django-15731__r1,benchmark-results/deepseek-v4-v41-relace-20260920-185646/runs/26__v4-1-flash__caveman__django__django-15731__r1,26,deepseek/deepseek-v4.1-flash-20260910,relace,caveman,django__django-15731,hermes-session.trace.jsonl,traces/hermes_session_trace.jsonl,True,87163,da8db4a2c44833be58d5b6a838fef13e15ecb7bd5577d7d90e38131c9f285496,74
prior_relace,Previous · both models via Relace,26__v4-1-flash__caveman__django__django-15731__r1,benchmark-results/deepseek-v4-v41-relace-20260920-185646/runs/26__v4-1-flash__caveman__django__django-15731__r1,26,deepseek/deepseek-v4.1-flash-20260910,relace,caveman,django__django-15731,hermes-session.jsonl,traces/hermes_session_records.jsonl,True,121890,de312f20d17534972232f990f8072521b8731d5989dacec04b7132101585a1d7,1
prior_relace,Previous · both models via Relace,26__v4-1-flash__caveman__django__django-15731__r1,benchmark-results/deepseek-v4-v41-relace-20260920-185646/runs/26__v4-1-flash__caveman__django__django-15731__r1,26,deepseek/deepseek-v4.1-flash-20260910,relace,caveman,django__django-15731,hermes-session.json,traces/hermes_session_records.jsonl,True,141336,fb9fb4b4b11807c22d42aaa1bba232684dcb8ad798a5d1c2e3bea4fa2fe28499,1
prior_relace,Previous · both models via Relace,26__v4-1-flash__caveman__django__django-15731__r1,benchmark-results/deepseek-v4-v41-relace-20260920-185646/runs/26__v4-1-flash__caveman__django__django-15731__r1,26,deepseek/deepseek-v4.1-flash-20260910,relace,caveman,django__django-15731,usage.json,traces/usage_records.jsonl,True,963,fa963e09d7a43c967448060de9b577f7be9a8e1d6871ec120fb752cde1806b79,1
prior_relace,Previous · both models via Relace,26__v4-1-flash__caveman__django__django-15731__r1,benchmark-results/deepseek-v4-v41-relace-20260920-185646/runs/26__v4-1-flash__caveman__django__django-15731__r1,26,deepseek/deepseek-v4.1-flash-20260910,relace,caveman,django__django-15731,timing-summary.json,traces/timing_summaries.jsonl,True,1579,216a48af0f689530cb96531dbc20e79e81f0ff817961cb0763d55f5402b44dfd,1
prior_relace,Previous · both models via Relace,26__v4-1-flash__caveman__django__django-15731__r1,benchmark-results/deepseek-v4-v41-relace-20260920-185646/runs/26__v4-1-flash__caveman__django__django-15731__r1,26,deepseek/deepseek-v4.1-flash-20260910,relace,caveman,django__django-15731,treatment-evidence.json,traces/treatment_evidence.jsonl,True,1226,878c924a99cf711fa3ac04bd6d9d2832cb33625b2c8a4957653f5c2e4be3e1aa,1
prior_relace,Previous · both models via Relace,26__v4-1-flash__caveman__django__django-15731__r1,benchmark-results/deepseek-v4-v41-relace-20260920-185646/runs/26__v4-1-flash__caveman__django__django-15731__r1,26,deepseek/deepseek-v4.1-flash-20260910,relace,caveman,django__django-15731,model.patch,traces/model_patches.jsonl,True,797,2a56fea7dd82321838b18f3dec71df06255bffcfad87dd3d7153549b44236803,1
prior_relace,Previous · both models via Relace,27__v4-1-flash__caveman_ponytail__django__django-13516__r1,benchmark-results/deepseek-v4-v41-relace-20260920-185646/runs/27__v4-1-flash__caveman_ponytail__django__django-13516__r1,27,deepseek/deepseek-v4.1-flash-20260910,relace,caveman_ponytail,django__django-13516,api-events.jsonl,traces/api_events.jsonl,True,153154,6eb39252462b8dca12559c205d9b3198892cf33d0660b193ee6db90a4f9dfa85,128
prior_relace,Previous · both models via Relace,27__v4-1-flash__caveman_ponytail__django__django-13516__r1,benchmark-results/deepseek-v4-v41-relace-20260920-185646/runs/27__v4-1-flash__caveman_ponytail__django__django-13516__r1,27,deepseek/deepseek-v4.1-flash-20260910,relace,caveman_ponytail,django__django-13516,tool-events.jsonl,traces/tool_events.jsonl,True,63775,abecd6e2d715faaf53598771070ce27fddfdd251c7d539deb043471fcde46db0,132
prior_relace,Previous · both models via Relace,27__v4-1-flash__caveman_ponytail__django__django-13516__r1,benchmark-results/deepseek-v4-v41-relace-20260920-185646/runs/27__v4-1-flash__caveman_ponytail__django__django-13516__r1,27,deepseek/deepseek-v4.1-flash-20260910,relace,caveman_ponytail,django__django-13516,hermes-events.jsonl,traces/hermes_events.jsonl,True,218771,303633e5c15d2c752def77d200eee58145d8b11c2ae6fe5245150c47cba95b9e,264
prior_relace,Previous · both models via Relace,27__v4-1-flash__caveman_ponytail__django__django-13516__r1,benchmark-results/deepseek-v4-v41-relace-20260920-185646/runs/27__v4-1-flash__caveman_ponytail__django__django-13516__r1,27,deepseek/deepseek-v4.1-flash-20260910,relace,caveman_ponytail,django__django-13516,lifecycle-events.jsonl,traces/lifecycle_events.jsonl,True,1842,adadb78af63790e78cdee603de9bac5dd4393aefa2360d1fd0a61db0f33d7851,4
prior_relace,Previous · both models via Relace,27__v4-1-flash__caveman_ponytail__django__django-13516__r1,benchmark-results/deepseek-v4-v41-relace-20260920-185646/runs/27__v4-1-flash__caveman_ponytail__django__django-13516__r1,27,deepseek/deepseek-v4.1-flash-20260910,relace,caveman_ponytail,django__django-13516,hermes-session.trace.jsonl,traces/hermes_session_trace.jsonl,True,139809,9a1ac002db0890b2405e478ad3b4b5fe290e964e0094567bc02942fc9fa5a551,130
prior_relace,Previous · both models via Relace,27__v4-1-flash__caveman_ponytail__django__django-13516__r1,benchmark-results/deepseek-v4-v41-relace-20260920-185646/runs/27__v4-1-flash__caveman_ponytail__django__django-13516__r1,27,deepseek/deepseek-v4.1-flash-20260910,relace,caveman_ponytail,django__django-13516,hermes-session.jsonl,traces/hermes_session_records.jsonl,True,196999,54258f3e136ae2f2164e0d839a8861819c94c63c7c295b322870b0bbcc129cf0,1
prior_relace,Previous · both models via Relace,27__v4-1-flash__caveman_ponytail__django__django-13516__r1,benchmark-results/deepseek-v4-v41-relace-20260920-185646/runs/27__v4-1-flash__caveman_ponytail__django__django-13516__r1,27,deepseek/deepseek-v4.1-flash-20260910,relace,caveman_ponytail,django__django-13516,hermes-session.json,traces/hermes_session_records.jsonl,True,230797,7883819171fe077176bc710c396cef33c9a36cae939afbacdac15d2bb2c2495f,1
prior_relace,Previous · both models via Relace,27__v4-1-flash__caveman_ponytail__django__django-13516__r1,benchmark-results/deepseek-v4-v41-relace-20260920-185646/runs/27__v4-1-flash__caveman_ponytail__django__django-13516__r1,27,deepseek/deepseek-v4.1-flash-20260910,relace,caveman_ponytail,django__django-13516,usage.json,traces/usage_records.jsonl,True,967,4c99e38cd377a6aeb52a585eb3ef947888f34735f14f4e09d454604c0e70bc44,1
prior_relace,Previous · both models via Relace,27__v4-1-flash__caveman_ponytail__django__django-13516__r1,benchmark-results/deepseek-v4-v41-relace-20260920-185646/runs/27__v4-1-flash__caveman_ponytail__django__django-13516__r1,27,deepseek/deepseek-v4.1-flash-20260910,relace,caveman_ponytail,django__django-13516,timing-summary.json,traces/timing_summaries.jsonl,True,1605,352a9334b4c1383a5c5fd803801515334fff6e9e584dba82c0e3ecc10bd07e23,1
prior_relace,Previous · both models via Relace,27__v4-1-flash__caveman_ponytail__django__django-13516__r1,benchmark-results/deepseek-v4-v41-relace-20260920-185646/runs/27__v4-1-flash__caveman_ponytail__django__django-13516__r1,27,deepseek/deepseek-v4.1-flash-20260910,relace,caveman_ponytail,django__django-13516,treatment-evidence.json,traces/treatment_evidence.jsonl,True,3022,b6182d83d51bc9898e0b93fdb32e2575658762ae5dc4613eb81702bc4297501f,1
prior_relace,Previous · both models via Relace,27__v4-1-flash__caveman_ponytail__django__django-13516__r1,benchmark-results/deepseek-v4-v41-relace-20260920-185646/runs/27__v4-1-flash__caveman_ponytail__django__django-13516__r1,27,deepseek/deepseek-v4.1-flash-20260910,relace,caveman_ponytail,django__django-13516,model.patch,traces/model_patches.jsonl,True,501,3975e5271caf55f91eaae185cb93dad178c6fd7c864233ea615dc6afb95593f5,1
prior_relace,Previous · both models via Relace,28__v4-1-flash__caveman__django__django-16662__r1,benchmark-results/deepseek-v4-v41-relace-20260920-185646/runs/28__v4-1-flash__caveman__django__django-16662__r1,28,deepseek/deepseek-v4.1-flash-20260910,relace,caveman,django__django-16662,api-events.jsonl,traces/api_events.jsonl,True,76819,3ed3ba91df87361e825cb7b5db3a49a8b8c3bf474583fe639f512d7c03f645c2,64
prior_relace,Previous · both models via Relace,28__v4-1-flash__caveman__django__django-16662__r1,benchmark-results/deepseek-v4-v41-relace-20260920-185646/runs/28__v4-1-flash__caveman__django__django-16662__r1,28,deepseek/deepseek-v4.1-flash-20260910,relace,caveman,django__django-16662,tool-events.jsonl,traces/tool_events.jsonl,True,33551,408bf2fab7cf4af97c58f1cb1abfebb74e358d42103d6bc270cbc0a2bfb4ea0c,70
prior_relace,Previous · both models via Relace,28__v4-1-flash__caveman__django__django-16662__r1,benchmark-results/deepseek-v4-v41-relace-20260920-185646/runs/28__v4-1-flash__caveman__django__django-16662__r1,28,deepseek/deepseek-v4.1-flash-20260910,relace,caveman,django__django-16662,hermes-events.jsonl,traces/hermes_events.jsonl,True,112710,8e3460b177db11723ae431861732c9df4bb9303a1fe34fc98400c7f41bce22fe,139
prior_relace,Previous · both models via Relace,28__v4-1-flash__caveman__django__django-16662__r1,benchmark-results/deepseek-v4-v41-relace-20260920-185646/runs/28__v4-1-flash__caveman__django__django-16662__r1,28,deepseek/deepseek-v4.1-flash-20260910,relace,caveman,django__django-16662,lifecycle-events.jsonl,traces/lifecycle_events.jsonl,True,2340,7880249ee4a375360778bcd87428884c11d8ceb0c69987fdf3311bb6a67eff26,5
prior_relace,Previous · both models via Relace,28__v4-1-flash__caveman__django__django-16662__r1,benchmark-results/deepseek-v4-v41-relace-20260920-185646/runs/28__v4-1-flash__caveman__django__django-16662__r1,28,deepseek/deepseek-v4.1-flash-20260910,relace,caveman,django__django-16662,hermes-session.trace.jsonl,traces/hermes_session_trace.jsonl,True,88945,54898a4b4fe4953476373bec7c6379a0bc5bf6d9749141d0caa24ff9fd3e1ea3,67
prior_relace,Previous · both models via Relace,28__v4-1-flash__caveman__django__django-16662__r1,benchmark-results/deepseek-v4-v41-relace-20260920-185646/runs/28__v4-1-flash__caveman__django__django-16662__r1,28,deepseek/deepseek-v4.1-flash-20260910,relace,caveman,django__django-16662,hermes-session.jsonl,traces/hermes_session_records.jsonl,True,121865,78e10551b86a42ff6e3a94bf5dca234a2a2b8b35b4e01ef0c623dcbbbd0e67aa,1
prior_relace,Previous · both models via Relace,28__v4-1-flash__caveman__django__django-16662__r1,benchmark-results/deepseek-v4-v41-relace-20260920-185646/runs/28__v4-1-flash__caveman__django__django-16662__r1,28,deepseek/deepseek-v4.1-flash-20260910,relace,caveman,django__django-16662,hermes-session.json,traces/hermes_session_records.jsonl,True,139361,c902c2ba6c515d6eb1d775bc6f46a5edf07c2d4e39b5a9f1ae84dc13a4a47f51,1
prior_relace,Previous · both models via Relace,28__v4-1-flash__caveman__django__django-16662__r1,benchmark-results/deepseek-v4-v41-relace-20260920-185646/runs/28__v4-1-flash__caveman__django__django-16662__r1,28,deepseek/deepseek-v4.1-flash-20260910,relace,caveman,django__django-16662,usage.json,traces/usage_records.jsonl,True,945,f7f96d4ba1c2429ec31315f38c00f4a68cfe9435429e21780b73a7831caa1d2c,1
prior_relace,Previous · both models via Relace,28__v4-1-flash__caveman__django__django-16662__r1,benchmark-results/deepseek-v4-v41-relace-20260920-185646/runs/28__v4-1-flash__caveman__django__django-16662__r1,28,deepseek/deepseek-v4.1-flash-20260910,relace,caveman,django__django-16662,timing-summary.json,traces/timing_summaries.jsonl,True,1539,69d96322af86c0541bb41ad334a8bbe4efcf7af393de1a0e992bde90b234bd21,1
prior_relace,Previous · both models via Relace,28__v4-1-flash__caveman__django__django-16662__r1,benchmark-results/deepseek-v4-v41-relace-20260920-185646/runs/28__v4-1-flash__caveman__django__django-16662__r1,28,deepseek/deepseek-v4.1-flash-20260910,relace,caveman,django__django-16662,treatment-evidence.json,traces/treatment_evidence.jsonl,True,1226,878c924a99cf711fa3ac04bd6d9d2832cb33625b2c8a4957653f5c2e4be3e1aa,1
prior_relace,Previous · both models via Relace,28__v4-1-flash__caveman__django__django-16662__r1,benchmark-results/deepseek-v4-v41-relace-20260920-185646/runs/28__v4-1-flash__caveman__django__django-16662__r1,28,deepseek/deepseek-v4.1-flash-20260910,relace,caveman,django__django-16662,model.patch,traces/model_patches.jsonl,True,804,14eee127f0b2092bb82bd487e1c5a20bce344ac36db62aaaf9db7ca003a4ee22,1
prior_relace,Previous · both models via Relace,29__v4-flash-0731__caveman__django__django-16662__r1,benchmark-results/deepseek-v4-v41-relace-20260920-185646/runs/29__v4-flash-0731__caveman__django__django-16662__r1,29,deepseek/deepseek-v4-flash-0731,relace,caveman,django__django-16662,api-events.jsonl,traces/api_events.jsonl,True,126915,74e5bd1f1d3a7125f3de116742eb9d588fd8ecc7e8a2d70c92979867a63414c6,106
prior_relace,Previous · both models via Relace,29__v4-flash-0731__caveman__django__django-16662__r1,benchmark-results/deepseek-v4-v41-relace-20260920-185646/runs/29__v4-flash-0731__caveman__django__django-16662__r1,29,deepseek/deepseek-v4-flash-0731,relace,caveman,django__django-16662,tool-events.jsonl,traces/tool_events.jsonl,True,52105,1ce1c2585689995a3050be427320d6ee9ee970ba424ac582813efa8c68e6c65b,108
prior_relace,Previous · both models via Relace,29__v4-flash-0731__caveman__django__django-16662__r1,benchmark-results/deepseek-v4-v41-relace-20260920-185646/runs/29__v4-flash-0731__caveman__django__django-16662__r1,29,deepseek/deepseek-v4-flash-0731,relace,caveman,django__django-16662,hermes-events.jsonl,traces/hermes_events.jsonl,True,181339,7087f9ce172fedd108e7b3011940294b00cb522e12c3d2f20d982dadf620e240,219
prior_relace,Previous · both models via Relace,29__v4-flash-0731__caveman__django__django-16662__r1,benchmark-results/deepseek-v4-v41-relace-20260920-185646/runs/29__v4-flash-0731__caveman__django__django-16662__r1,29,deepseek/deepseek-v4-flash-0731,relace,caveman,django__django-16662,lifecycle-events.jsonl,traces/lifecycle_events.jsonl,True,2319,172dca35e76d9edd6790815e48f5bd54902515cb4d9a2f142926bc3085a1a5c9,5
prior_relace,Previous · both models via Relace,29__v4-flash-0731__caveman__django__django-16662__r1,benchmark-results/deepseek-v4-v41-relace-20260920-185646/runs/29__v4-flash-0731__caveman__django__django-16662__r1,29,deepseek/deepseek-v4-flash-0731,relace,caveman,django__django-16662,hermes-session.trace.jsonl,traces/hermes_session_trace.jsonl,True,135875,d00ca7fdd91ff39be33d622832c658371f417e4eeb00d596a22f2026277231d1,108
prior_relace,Previous · both models via Relace,29__v4-flash-0731__caveman__django__django-16662__r1,benchmark-results/deepseek-v4-v41-relace-20260920-185646/runs/29__v4-flash-0731__caveman__django__django-16662__r1,29,deepseek/deepseek-v4-flash-0731,relace,caveman,django__django-16662,hermes-session.jsonl,traces/hermes_session_records.jsonl,True,180572,79bd04a2e728c66652774d04bbca09cfefd2751fbdbc2a2cb56789698e4c53e8,1
prior_relace,Previous · both models via Relace,29__v4-flash-0731__caveman__django__django-16662__r1,benchmark-results/deepseek-v4-v41-relace-20260920-185646/runs/29__v4-flash-0731__caveman__django__django-16662__r1,29,deepseek/deepseek-v4-flash-0731,relace,caveman,django__django-16662,hermes-session.json,traces/hermes_session_records.jsonl,True,208598,7002ce374bf0cbaa8583e3b42ffb12d25b2cfcc3f8ce802be6a751e50333f7f5,1
prior_relace,Previous · both models via Relace,29__v4-flash-0731__caveman__django__django-16662__r1,benchmark-results/deepseek-v4-v41-relace-20260920-185646/runs/29__v4-flash-0731__caveman__django__django-16662__r1,29,deepseek/deepseek-v4-flash-0731,relace,caveman,django__django-16662,usage.json,traces/usage_records.jsonl,True,941,02bc5863078f7a87cc2a7005bf438e090771227507b3d889385a353b1e19375c,1
prior_relace,Previous · both models via Relace,29__v4-flash-0731__caveman__django__django-16662__r1,benchmark-results/deepseek-v4-v41-relace-20260920-185646/runs/29__v4-flash-0731__caveman__django__django-16662__r1,29,deepseek/deepseek-v4-flash-0731,relace,caveman,django__django-16662,timing-summary.json,traces/timing_summaries.jsonl,True,1493,883ab88bddc5c207aeee18e1e69a37e0a255c158cf569f30fae97bd505449039,1
prior_relace,Previous · both models via Relace,29__v4-flash-0731__caveman__django__django-16662__r1,benchmark-results/deepseek-v4-v41-relace-20260920-185646/runs/29__v4-flash-0731__caveman__django__django-16662__r1,29,deepseek/deepseek-v4-flash-0731,relace,caveman,django__django-16662,treatment-evidence.json,traces/treatment_evidence.jsonl,True,1214,cda8ee2b467aec18f8c8a17dd4fce18ea32cd5f9407747f766997da3208afea7,1
prior_relace,Previous · both models via Relace,29__v4-flash-0731__caveman__django__django-16662__r1,benchmark-results/deepseek-v4-v41-relace-20260920-185646/runs/29__v4-flash-0731__caveman__django__django-16662__r1,29,deepseek/deepseek-v4-flash-0731,relace,caveman,django__django-16662,model.patch,traces/model_patches.jsonl,True,989,54a2c2e482b1bb7724d474eb820ab6b9e7fa07b672a8584dc089dbc6e63262e0,1
prior_relace,Previous · both models via Relace,30__v4-1-flash__ponytail__django__django-7530__r1,benchmark-results/deepseek-v4-v41-relace-20260920-185646/runs/30__v4-1-flash__ponytail__django__django-7530__r1,30,deepseek/deepseek-v4.1-flash-20260910,relace,ponytail,django__django-7530,api-events.jsonl,traces/api_events.jsonl,True,450759,fdc3bab98e3af8a0c6ab009bc25158962607879dc967e95ff2d4f3fc32313645,376
prior_relace,Previous · both models via Relace,30__v4-1-flash__ponytail__django__django-7530__r1,benchmark-results/deepseek-v4-v41-relace-20260920-185646/runs/30__v4-1-flash__ponytail__django__django-7530__r1,30,deepseek/deepseek-v4.1-flash-20260910,relace,ponytail,django__django-7530,tool-events.jsonl,traces/tool_events.jsonl,True,183232,5a7a525e5b04c2d9022befd134e777e40e1f9f7fd6f9c2439b1022a71900ab3b,380
prior_relace,Previous · both models via Relace,30__v4-1-flash__ponytail__django__django-7530__r1,benchmark-results/deepseek-v4-v41-relace-20260920-185646/runs/30__v4-1-flash__ponytail__django__django-7530__r1,30,deepseek/deepseek-v4.1-flash-20260910,relace,ponytail,django__django-7530,hermes-events.jsonl,traces/hermes_events.jsonl,True,635835,3f7a13e75f42ac3d8976222768a6a941227aa7ffa765ab6084dc295269f1bfc0,760
prior_relace,Previous · both models via Relace,30__v4-1-flash__ponytail__django__django-7530__r1,benchmark-results/deepseek-v4-v41-relace-20260920-185646/runs/30__v4-1-flash__ponytail__django__django-7530__r1,30,deepseek/deepseek-v4.1-flash-20260910,relace,ponytail,django__django-7530,lifecycle-events.jsonl,traces/lifecycle_events.jsonl,True,1844,00d69a1a12b471f50e7ded60eb7bf30211cd940d667d1e227403891f61ca2506,4
prior_relace,Previous · both models via Relace,30__v4-1-flash__ponytail__django__django-7530__r1,benchmark-results/deepseek-v4-v41-relace-20260920-185646/runs/30__v4-1-flash__ponytail__django__django-7530__r1,30,deepseek/deepseek-v4.1-flash-20260910,relace,ponytail,django__django-7530,hermes-session.trace.jsonl,traces/hermes_session_trace.jsonl,True,518750,393699b64f57a0d25cb825678d673df65e0e1a8ddaceaa652b7a78d92632f51f,376
prior_relace,Previous · both models via Relace,30__v4-1-flash__ponytail__django__django-7530__r1,benchmark-results/deepseek-v4-v41-relace-20260920-185646/runs/30__v4-1-flash__ponytail__django__django-7530__r1,30,deepseek/deepseek-v4.1-flash-20260910,relace,ponytail,django__django-7530,hermes-session.jsonl,traces/hermes_session_records.jsonl,True,644336,d6cc5473d7aba5a20dbf83b0dc98880c8d72ebb97381977b3393c48b62fc5071,1
prior_relace,Previous · both models via Relace,30__v4-1-flash__ponytail__django__django-7530__r1,benchmark-results/deepseek-v4-v41-relace-20260920-185646/runs/30__v4-1-flash__ponytail__django__django-7530__r1,30,deepseek/deepseek-v4.1-flash-20260910,relace,ponytail,django__django-7530,hermes-session.json,traces/hermes_session_records.jsonl,True,741698,ba6022514b7f27e5631a22add08bb6ef9240e41e050bddee5981a3828717e1f6,1
prior_relace,Previous · both models via Relace,30__v4-1-flash__ponytail__django__django-7530__r1,benchmark-results/deepseek-v4-v41-relace-20260920-185646/runs/30__v4-1-flash__ponytail__django__django-7530__r1,30,deepseek/deepseek-v4.1-flash-20260910,relace,ponytail,django__django-7530,usage.json,traces/usage_records.jsonl,True,971,c837cef65395f8e6a442e02921d5137172d9ba97d9a422c18ae1b49ca5162fe3,1
prior_relace,Previous · both models via Relace,30__v4-1-flash__ponytail__django__django-7530__r1,benchmark-results/deepseek-v4-v41-relace-20260920-185646/runs/30__v4-1-flash__ponytail__django__django-7530__r1,30,deepseek/deepseek-v4.1-flash-20260910,relace,ponytail,django__django-7530,timing-summary.json,traces/timing_summaries.jsonl,True,1415,7c507e32a567fcaa9a95801499f990f9ebb9176ad4f223e7302cf236c5590d4d,1
prior_relace,Previous · both models via Relace,30__v4-1-flash__ponytail__django__django-7530__r1,benchmark-results/deepseek-v4-v41-relace-20260920-185646/runs/30__v4-1-flash__ponytail__django__django-7530__r1,30,deepseek/deepseek-v4.1-flash-20260910,relace,ponytail,django__django-7530,treatment-evidence.json,traces/treatment_evidence.jsonl,True,1912,fa2d41a7aec03f70f2d081167125d47e5ef2c2ba18808f924bc452aa47d994bd,1
prior_relace,Previous · both models via Relace,30__v4-1-flash__ponytail__django__django-7530__r1,benchmark-results/deepseek-v4-v41-relace-20260920-185646/runs/30__v4-1-flash__ponytail__django__django-7530__r1,30,deepseek/deepseek-v4.1-flash-20260910,relace,ponytail,django__django-7530,model.patch,traces/model_patches.jsonl,True,1073,1c9cf959a868a10ba2e2b8f27f136dd827c1c389e738a48f6a03f6d95af31726,1
prior_relace,Previous · both models via Relace,31__v4-flash-0731__caveman__django__django-13516__r1,benchmark-results/deepseek-v4-v41-relace-20260920-185646/runs/31__v4-flash-0731__caveman__django__django-13516__r1,31,deepseek/deepseek-v4-flash-0731,relace,caveman,django__django-13516,api-events.jsonl,traces/api_events.jsonl,True,71802,866afc8b6fbad4c439a068385c4b8e309c12ef0bd3af60143bba37bc3afe2553,60
prior_relace,Previous · both models via Relace,31__v4-flash-0731__caveman__django__django-13516__r1,benchmark-results/deepseek-v4-v41-relace-20260920-185646/runs/31__v4-flash-0731__caveman__django__django-13516__r1,31,deepseek/deepseek-v4-flash-0731,relace,caveman,django__django-13516,tool-events.jsonl,traces/tool_events.jsonl,True,28904,b7dc2fb1fbf3e0cd5531d389c03566dbe487f73029d63a828050036709d77575,60
prior_relace,Previous · both models via Relace,31__v4-flash-0731__caveman__django__django-13516__r1,benchmark-results/deepseek-v4-v41-relace-20260920-185646/runs/31__v4-flash-0731__caveman__django__django-13516__r1,31,deepseek/deepseek-v4-flash-0731,relace,caveman,django__django-13516,hermes-events.jsonl,traces/hermes_events.jsonl,True,103025,8377fbbdd7955162faf15813e0ca3d023ba3c8f97fcd50cf3ebb2f1b4ad51382,125
prior_relace,Previous · both models via Relace,31__v4-flash-0731__caveman__django__django-13516__r1,benchmark-results/deepseek-v4-v41-relace-20260920-185646/runs/31__v4-flash-0731__caveman__django__django-13516__r1,31,deepseek/deepseek-v4-flash-0731,relace,caveman,django__django-13516,lifecycle-events.jsonl,traces/lifecycle_events.jsonl,True,2319,04b9946053f7917ffabb2a97c289d4c65937c16801c320883d2715b321d75eee,5
prior_relace,Previous · both models via Relace,31__v4-flash-0731__caveman__django__django-13516__r1,benchmark-results/deepseek-v4-v41-relace-20260920-185646/runs/31__v4-flash-0731__caveman__django__django-13516__r1,31,deepseek/deepseek-v4-flash-0731,relace,caveman,django__django-13516,hermes-session.trace.jsonl,traces/hermes_session_trace.jsonl,True,74257,ec431145527b0fadeb46fa852c121d9716898c922f75adcca3977256bb8f489d,61
prior_relace,Previous · both models via Relace,31__v4-flash-0731__caveman__django__django-13516__r1,benchmark-results/deepseek-v4-v41-relace-20260920-185646/runs/31__v4-flash-0731__caveman__django__django-13516__r1,31,deepseek/deepseek-v4-flash-0731,relace,caveman,django__django-13516,hermes-session.jsonl,traces/hermes_session_records.jsonl,True,105538,af720e6c47b5df7a761415c4ae5c6fe6a9b94a5ee5a65e0101ba3fc6db574a5f,1
prior_relace,Previous · both models via Relace,31__v4-flash-0731__caveman__django__django-13516__r1,benchmark-results/deepseek-v4-v41-relace-20260920-185646/runs/31__v4-flash-0731__caveman__django__django-13516__r1,31,deepseek/deepseek-v4-flash-0731,relace,caveman,django__django-13516,hermes-session.json,traces/hermes_session_records.jsonl,True,121390,80e51305eb4c955c4b96a305e29985a4bd0e369f8632190cfd5f4a3f09978b5c,1
prior_relace,Previous · both models via Relace,31__v4-flash-0731__caveman__django__django-13516__r1,benchmark-results/deepseek-v4-v41-relace-20260920-185646/runs/31__v4-flash-0731__caveman__django__django-13516__r1,31,deepseek/deepseek-v4-flash-0731,relace,caveman,django__django-13516,usage.json,traces/usage_records.jsonl,True,957,ef1ce981a4e924bb96375b5d89353c8ae08d4ff8d5ea829cdeb845e60c639ec0,1
prior_relace,Previous · both models via Relace,31__v4-flash-0731__caveman__django__django-13516__r1,benchmark-results/deepseek-v4-v41-relace-20260920-185646/runs/31__v4-flash-0731__caveman__django__django-13516__r1,31,deepseek/deepseek-v4-flash-0731,relace,caveman,django__django-13516,timing-summary.json,traces/timing_summaries.jsonl,True,1409,78569462df8d9b08a0a8770eb0163a67bd6cbed9346e57f64b46b3086707ad7d,1
prior_relace,Previous · both models via Relace,31__v4-flash-0731__caveman__django__django-13516__r1,benchmark-results/deepseek-v4-v41-relace-20260920-185646/runs/31__v4-flash-0731__caveman__django__django-13516__r1,31,deepseek/deepseek-v4-flash-0731,relace,caveman,django__django-13516,treatment-evidence.json,traces/treatment_evidence.jsonl,True,1214,cda8ee2b467aec18f8c8a17dd4fce18ea32cd5f9407747f766997da3208afea7,1
prior_relace,Previous · both models via Relace,31__v4-flash-0731__caveman__django__django-13516__r1,benchmark-results/deepseek-v4-v41-relace-20260920-185646/runs/31__v4-flash-0731__caveman__django__django-13516__r1,31,deepseek/deepseek-v4-flash-0731,relace,caveman,django__django-13516,model.patch,traces/model_patches.jsonl,True,593,9bf71e90211af95e770eacde83221e93d9791c35d74bb72efb616885060559af,1
prior_relace,Previous · both models via Relace,32__v4-1-flash__caveman_ponytail__django__django-16662__r1,benchmark-results/deepseek-v4-v41-relace-20260920-185646/runs/32__v4-1-flash__caveman_ponytail__django__django-16662__r1,32,deepseek/deepseek-v4.1-flash-20260910,relace,caveman_ponytail,django__django-16662,api-events.jsonl,traces/api_events.jsonl,True,74420,cd80e059ee2921bedab699047f3293e3984212850017abb3480d13c904f832be,62
prior_relace,Previous · both models via Relace,32__v4-1-flash__caveman_ponytail__django__django-16662__r1,benchmark-results/deepseek-v4-v41-relace-20260920-185646/runs/32__v4-1-flash__caveman_ponytail__django__django-16662__r1,32,deepseek/deepseek-v4.1-flash-20260910,relace,caveman_ponytail,django__django-16662,tool-events.jsonl,traces/tool_events.jsonl,True,30870,459e0e51fe2c00067fffadde15cefe3199241114dfb0ebb3d51a1dfb5d09e874,64
prior_relace,Previous · both models via Relace,32__v4-1-flash__caveman_ponytail__django__django-16662__r1,benchmark-results/deepseek-v4-v41-relace-20260920-185646/runs/32__v4-1-flash__caveman_ponytail__django__django-16662__r1,32,deepseek/deepseek-v4.1-flash-20260910,relace,caveman_ponytail,django__django-16662,hermes-events.jsonl,traces/hermes_events.jsonl,True,107633,3d9129a5fbfe7162de8a148f3d31d631bfbafeb34c1573f4fcb22ddd0b86d043,131
prior_relace,Previous · both models via Relace,32__v4-1-flash__caveman_ponytail__django__django-16662__r1,benchmark-results/deepseek-v4-v41-relace-20260920-185646/runs/32__v4-1-flash__caveman_ponytail__django__django-16662__r1,32,deepseek/deepseek-v4.1-flash-20260910,relace,caveman_ponytail,django__django-16662,lifecycle-events.jsonl,traces/lifecycle_events.jsonl,True,2343,fc2abb264b7e436b979480933cab79f73c050474b90ca622b89d1b5efb25fea6,5
prior_relace,Previous · both models via Relace,32__v4-1-flash__caveman_ponytail__django__django-16662__r1,benchmark-results/deepseek-v4-v41-relace-20260920-185646/runs/32__v4-1-flash__caveman_ponytail__django__django-16662__r1,32,deepseek/deepseek-v4.1-flash-20260910,relace,caveman_ponytail,django__django-16662,hermes-session.trace.jsonl,traces/hermes_session_trace.jsonl,True,73594,5354c690d98df4e556a870c901433088f5666c7e24ab2789302051cfac1741bc,64
prior_relace,Previous · both models via Relace,32__v4-1-flash__caveman_ponytail__django__django-16662__r1,benchmark-results/deepseek-v4-v41-relace-20260920-185646/runs/32__v4-1-flash__caveman_ponytail__django__django-16662__r1,32,deepseek/deepseek-v4.1-flash-20260910,relace,caveman_ponytail,django__django-16662,hermes-session.jsonl,traces/hermes_session_records.jsonl,True,112770,d5ef64dd71a0bd1afaaa6a5dcc81a976b33047a5a52176130f2bdeb07b677fe0,1
prior_relace,Previous · both models via Relace,32__v4-1-flash__caveman_ponytail__django__django-16662__r1,benchmark-results/deepseek-v4-v41-relace-20260920-185646/runs/32__v4-1-flash__caveman_ponytail__django__django-16662__r1,32,deepseek/deepseek-v4.1-flash-20260910,relace,caveman_ponytail,django__django-16662,hermes-session.json,traces/hermes_session_records.jsonl,True,129444,b853a693c730815fabf5e88b48ae6d6d1461f734b774c8a3531fde8a47f272e7,1
prior_relace,Previous · both models via Relace,32__v4-1-flash__caveman_ponytail__django__django-16662__r1,benchmark-results/deepseek-v4-v41-relace-20260920-185646/runs/32__v4-1-flash__caveman_ponytail__django__django-16662__r1,32,deepseek/deepseek-v4.1-flash-20260910,relace,caveman_ponytail,django__django-16662,usage.json,traces/usage_records.jsonl,True,963,952c01539634b3b8924e63b77179e1fd759249c5057dcbb46eb280d5ead69237,1
prior_relace,Previous · both models via Relace,32__v4-1-flash__caveman_ponytail__django__django-16662__r1,benchmark-results/deepseek-v4-v41-relace-20260920-185646/runs/32__v4-1-flash__caveman_ponytail__django__django-16662__r1,32,deepseek/deepseek-v4.1-flash-20260910,relace,caveman_ponytail,django__django-16662,timing-summary.json,traces/timing_summaries.jsonl,True,1580,7db8e149fc208e9f54f5487975a8c00b7ee9ee2d881ccc79121e789a37b827db,1
prior_relace,Previous · both models via Relace,32__v4-1-flash__caveman_ponytail__django__django-16662__r1,benchmark-results/deepseek-v4-v41-relace-20260920-185646/runs/32__v4-1-flash__caveman_ponytail__django__django-16662__r1,32,deepseek/deepseek-v4.1-flash-20260910,relace,caveman_ponytail,django__django-16662,treatment-evidence.json,traces/treatment_evidence.jsonl,True,1969,8a5779d33eea3460c04b99ef7da8ec1ca60d47ccbcaba4fefd20bf634a6089fe,1
prior_relace,Previous · both models via Relace,32__v4-1-flash__caveman_ponytail__django__django-16662__r1,benchmark-results/deepseek-v4-v41-relace-20260920-185646/runs/32__v4-1-flash__caveman_ponytail__django__django-16662__r1,32,deepseek/deepseek-v4.1-flash-20260910,relace,caveman_ponytail,django__django-16662,model.patch,traces/model_patches.jsonl,True,892,ad4712b777d1b307d258efbb69f9e44d68db27e823b61f4ee602b623d08fa2ef,1
prior_relace,Previous · both models via Relace,33__v4-flash-0731__caveman_ponytail__pytest-dev__pytest-7571__r1,benchmark-results/deepseek-v4-v41-relace-20260920-185646/runs/33__v4-flash-0731__caveman_ponytail__pytest-dev__pytest-7571__r1,33,deepseek/deepseek-v4-flash-0731,relace,caveman_ponytail,pytest-dev__pytest-7571,api-events.jsonl,traces/api_events.jsonl,True,71797,5caa5a18e3bd0bf7d27c1cd8d1a9a8d28f3a2bf19291abb896d7386bf343e35c,60
prior_relace,Previous · both models via Relace,33__v4-flash-0731__caveman_ponytail__pytest-dev__pytest-7571__r1,benchmark-results/deepseek-v4-v41-relace-20260920-185646/runs/33__v4-flash-0731__caveman_ponytail__pytest-dev__pytest-7571__r1,33,deepseek/deepseek-v4-flash-0731,relace,caveman_ponytail,pytest-dev__pytest-7571,tool-events.jsonl,traces/tool_events.jsonl,True,30883,bf76ce1d699dafafd901e9766690f1f9bbd66a0ff0f8a76aa60626fc43e2397f,64
prior_relace,Previous · both models via Relace,33__v4-flash-0731__caveman_ponytail__pytest-dev__pytest-7571__r1,benchmark-results/deepseek-v4-v41-relace-20260920-185646/runs/33__v4-flash-0731__caveman_ponytail__pytest-dev__pytest-7571__r1,33,deepseek/deepseek-v4-flash-0731,relace,caveman_ponytail,pytest-dev__pytest-7571,hermes-events.jsonl,traces/hermes_events.jsonl,True,104998,41833333bb34fd32b379bff735fefd0c362f7b44dcce19fe5be074b6d3e91904,129
prior_relace,Previous · both models via Relace,33__v4-flash-0731__caveman_ponytail__pytest-dev__pytest-7571__r1,benchmark-results/deepseek-v4-v41-relace-20260920-185646/runs/33__v4-flash-0731__caveman_ponytail__pytest-dev__pytest-7571__r1,33,deepseek/deepseek-v4-flash-0731,relace,caveman_ponytail,pytest-dev__pytest-7571,lifecycle-events.jsonl,traces/lifecycle_events.jsonl,True,2318,d06c872de37227f862e3ba59f4bbcb94749ea0cb092762777767d7ff41ff74c1,5
prior_relace,Previous · both models via Relace,33__v4-flash-0731__caveman_ponytail__pytest-dev__pytest-7571__r1,benchmark-results/deepseek-v4-v41-relace-20260920-185646/runs/33__v4-flash-0731__caveman_ponytail__pytest-dev__pytest-7571__r1,33,deepseek/deepseek-v4-flash-0731,relace,caveman_ponytail,pytest-dev__pytest-7571,hermes-session.trace.jsonl,traces/hermes_session_trace.jsonl,True,79333,251a188ec439778549d0ec4b12795af35abde34b8c0b8de60e2299582f8031a8,63
prior_relace,Previous · both models via Relace,33__v4-flash-0731__caveman_ponytail__pytest-dev__pytest-7571__r1,benchmark-results/deepseek-v4-v41-relace-20260920-185646/runs/33__v4-flash-0731__caveman_ponytail__pytest-dev__pytest-7571__r1,33,deepseek/deepseek-v4-flash-0731,relace,caveman_ponytail,pytest-dev__pytest-7571,hermes-session.jsonl,traces/hermes_session_records.jsonl,True,118023,fc7370fdb8bd0edd6b4185bfcb2ddef9a037928e59aeff848ebcd7c5e9f7c7a4,1
prior_relace,Previous · both models via Relace,33__v4-flash-0731__caveman_ponytail__pytest-dev__pytest-7571__r1,benchmark-results/deepseek-v4-v41-relace-20260920-185646/runs/33__v4-flash-0731__caveman_ponytail__pytest-dev__pytest-7571__r1,33,deepseek/deepseek-v4-flash-0731,relace,caveman_ponytail,pytest-dev__pytest-7571,hermes-session.json,traces/hermes_session_records.jsonl,True,134487,34e4e601e3fd65fab467b14682cdf418baacb8a6db66beb681140b6f1a5d0a81,1
prior_relace,Previous · both models via Relace,33__v4-flash-0731__caveman_ponytail__pytest-dev__pytest-7571__r1,benchmark-results/deepseek-v4-v41-relace-20260920-185646/runs/33__v4-flash-0731__caveman_ponytail__pytest-dev__pytest-7571__r1,33,deepseek/deepseek-v4-flash-0731,relace,caveman_ponytail,pytest-dev__pytest-7571,usage.json,traces/usage_records.jsonl,True,939,332cc66a6d5ab7b0e6f8579c2b32f01a8d1e429cdf761e15a5e9c267e81d7b46,1
prior_relace,Previous · both models via Relace,33__v4-flash-0731__caveman_ponytail__pytest-dev__pytest-7571__r1,benchmark-results/deepseek-v4-v41-relace-20260920-185646/runs/33__v4-flash-0731__caveman_ponytail__pytest-dev__pytest-7571__r1,33,deepseek/deepseek-v4-flash-0731,relace,caveman_ponytail,pytest-dev__pytest-7571,timing-summary.json,traces/timing_summaries.jsonl,True,1476,1e0233f5b1ef77cfbdb4c432b1ba7c3c1637913c5d5742b869ffa7b32f21d3bc,1
prior_relace,Previous · both models via Relace,33__v4-flash-0731__caveman_ponytail__pytest-dev__pytest-7571__r1,benchmark-results/deepseek-v4-v41-relace-20260920-185646/runs/33__v4-flash-0731__caveman_ponytail__pytest-dev__pytest-7571__r1,33,deepseek/deepseek-v4-flash-0731,relace,caveman_ponytail,pytest-dev__pytest-7571,treatment-evidence.json,traces/treatment_evidence.jsonl,True,1957,b1345c5269a90df2598aaf6f17175e866a618e5ec8cee428097225c8458bee0b,1
prior_relace,Previous · both models via Relace,33__v4-flash-0731__caveman_ponytail__pytest-dev__pytest-7571__r1,benchmark-results/deepseek-v4-v41-relace-20260920-185646/runs/33__v4-flash-0731__caveman_ponytail__pytest-dev__pytest-7571__r1,33,deepseek/deepseek-v4-flash-0731,relace,caveman_ponytail,pytest-dev__pytest-7571,model.patch,traces/model_patches.jsonl,True,1261,7da895b5c0ce8e3ba397471e62e537abc3ab8b1ae0ae06f81a1f122201d2101b,1
prior_relace,Previous · both models via Relace,34__v4-1-flash__baseline__django__django-15731__r1,benchmark-results/deepseek-v4-v41-relace-20260920-185646/runs/34__v4-1-flash__baseline__django__django-15731__r1,34,deepseek/deepseek-v4.1-flash-20260910,relace,baseline,django__django-15731,api-events.jsonl,traces/api_events.jsonl,True,129741,ad983f5a72899ceee325879039db72b4221daadda43ef64ed5a7dadc0d2676fa,108
prior_relace,Previous · both models via Relace,34__v4-1-flash__baseline__django__django-15731__r1,benchmark-results/deepseek-v4-v41-relace-20260920-185646/runs/34__v4-1-flash__baseline__django__django-15731__r1,34,deepseek/deepseek-v4.1-flash-20260910,relace,baseline,django__django-15731,tool-events.jsonl,traces/tool_events.jsonl,True,54976,352e9000347734b2940463af941d1b5b5c69de96cd626dae316138db794d4cd6,114
prior_relace,Previous · both models via Relace,34__v4-1-flash__baseline__django__django-15731__r1,benchmark-results/deepseek-v4-v41-relace-20260920-185646/runs/34__v4-1-flash__baseline__django__django-15731__r1,34,deepseek/deepseek-v4.1-flash-20260910,relace,baseline,django__django-15731,hermes-events.jsonl,traces/hermes_events.jsonl,True,186559,cf527c3712ff56be49c88ed61fb45e361d6ee6eacb9a5342b8b206abf9f39c5d,226
prior_relace,Previous · both models via Relace,34__v4-1-flash__baseline__django__django-15731__r1,benchmark-results/deepseek-v4-v41-relace-20260920-185646/runs/34__v4-1-flash__baseline__django__django-15731__r1,34,deepseek/deepseek-v4.1-flash-20260910,relace,baseline,django__django-15731,lifecycle-events.jsonl,traces/lifecycle_events.jsonl,True,1842,f308d33bc5baf493293fe5bcf5cbb0ad8be8ac8ffe4e514da11f20f7f3655096,4
prior_relace,Previous · both models via Relace,34__v4-1-flash__baseline__django__django-15731__r1,benchmark-results/deepseek-v4-v41-relace-20260920-185646/runs/34__v4-1-flash__baseline__django__django-15731__r1,34,deepseek/deepseek-v4.1-flash-20260910,relace,baseline,django__django-15731,hermes-session.trace.jsonl,traces/hermes_session_trace.jsonl,True,130516,110bd0946725c108b12feb9094a1c1a556eb815f33c45b1c6870188272c4b436,112
prior_relace,Previous · both models via Relace,34__v4-1-flash__baseline__django__django-15731__r1,benchmark-results/deepseek-v4-v41-relace-20260920-185646/runs/34__v4-1-flash__baseline__django__django-15731__r1,34,deepseek/deepseek-v4.1-flash-20260910,relace,baseline,django__django-15731,hermes-session.jsonl,traces/hermes_session_records.jsonl,True,177060,fbd1891809852f1acd81e7fbbb858c5dfffc0074180b53886376f1914f1effdd,1
prior_relace,Previous · both models via Relace,34__v4-1-flash__baseline__django__django-15731__r1,benchmark-results/deepseek-v4-v41-relace-20260920-185646/runs/34__v4-1-flash__baseline__django__django-15731__r1,34,deepseek/deepseek-v4.1-flash-20260910,relace,baseline,django__django-15731,hermes-session.json,traces/hermes_session_records.jsonl,True,206214,9bfd7877449096f7241229404b3b0f475e3a8d07ee837385ec8f947c762693e8,1
prior_relace,Previous · both models via Relace,34__v4-1-flash__baseline__django__django-15731__r1,benchmark-results/deepseek-v4-v41-relace-20260920-185646/runs/34__v4-1-flash__baseline__django__django-15731__r1,34,deepseek/deepseek-v4.1-flash-20260910,relace,baseline,django__django-15731,usage.json,traces/usage_records.jsonl,True,967,2e2ac1965e2b9dcc716fd3fcb1614ba524ebe6dd10e1497130b0266fbb85b909,1
prior_relace,Previous · both models via Relace,34__v4-1-flash__baseline__django__django-15731__r1,benchmark-results/deepseek-v4-v41-relace-20260920-185646/runs/34__v4-1-flash__baseline__django__django-15731__r1,34,deepseek/deepseek-v4.1-flash-20260910,relace,baseline,django__django-15731,timing-summary.json,traces/timing_summaries.jsonl,True,1454,16d13fa2880e3b34e073d27437c01e6accde80d071d4903f57dc2f083aafeab2,1
prior_relace,Previous · both models via Relace,34__v4-1-flash__baseline__django__django-15731__r1,benchmark-results/deepseek-v4-v41-relace-20260920-185646/runs/34__v4-1-flash__baseline__django__django-15731__r1,34,deepseek/deepseek-v4.1-flash-20260910,relace,baseline,django__django-15731,treatment-evidence.json,traces/treatment_evidence.jsonl,True,1178,31794b6633b7b0153f5957fd2af8ebe3f48c487427a45d6f75ca1e8eee6b50e4,1
prior_relace,Previous · both models via Relace,34__v4-1-flash__baseline__django__django-15731__r1,benchmark-results/deepseek-v4-v41-relace-20260920-185646/runs/34__v4-1-flash__baseline__django__django-15731__r1,34,deepseek/deepseek-v4.1-flash-20260910,relace,baseline,django__django-15731,model.patch,traces/model_patches.jsonl,True,573,72127a5bac4f508ede51fcb8b85220b4975d75964ff2c3417cc4a24167126b59,1
prior_relace,Previous · both models via Relace,35__v4-1-flash__caveman_ponytail__pytest-dev__pytest-7571__r1,benchmark-results/deepseek-v4-v41-relace-20260920-185646/runs/35__v4-1-flash__caveman_ponytail__pytest-dev__pytest-7571__r1,35,deepseek/deepseek-v4.1-flash-20260910,relace,caveman_ponytail,pytest-dev__pytest-7571,api-events.jsonl,traces/api_events.jsonl,True,509062,8fb9da0f7fc043efd17cf5564ae80ff4461031b00608c7aa349df9c2a059daf6,423
prior_relace,Previous · both models via Relace,35__v4-1-flash__caveman_ponytail__pytest-dev__pytest-7571__r1,benchmark-results/deepseek-v4-v41-relace-20260920-185646/runs/35__v4-1-flash__caveman_ponytail__pytest-dev__pytest-7571__r1,35,deepseek/deepseek-v4.1-flash-20260910,relace,caveman_ponytail,pytest-dev__pytest-7571,tool-events.jsonl,traces/tool_events.jsonl,True,205351,a4e015139ef4011946c16d5fc3582ff79b56a8c6c1a305b0c3346c6990990200,426
prior_relace,Previous · both models via Relace,35__v4-1-flash__caveman_ponytail__pytest-dev__pytest-7571__r1,benchmark-results/deepseek-v4-v41-relace-20260920-185646/runs/35__v4-1-flash__caveman_ponytail__pytest-dev__pytest-7571__r1,35,deepseek/deepseek-v4.1-flash-20260910,relace,caveman_ponytail,pytest-dev__pytest-7571,hermes-events.jsonl,traces/hermes_events.jsonl,True,715696,4da861f84763d5e7d6c8f7cf373907682fab7d90a86c236f7969199a8c2a6500,852
prior_relace,Previous · both models via Relace,35__v4-1-flash__caveman_ponytail__pytest-dev__pytest-7571__r1,benchmark-results/deepseek-v4-v41-relace-20260920-185646/runs/35__v4-1-flash__caveman_ponytail__pytest-dev__pytest-7571__r1,35,deepseek/deepseek-v4.1-flash-20260910,relace,caveman_ponytail,pytest-dev__pytest-7571,lifecycle-events.jsonl,traces/lifecycle_events.jsonl,True,1283,e45344fab13e5a6e77555bf63336d13e6e019fb541b974fd11ad26e7c28858d7,3
prior_relace,Previous · both models via Relace,35__v4-1-flash__caveman_ponytail__pytest-dev__pytest-7571__r1,benchmark-results/deepseek-v4-v41-relace-20260920-185646/runs/35__v4-1-flash__caveman_ponytail__pytest-dev__pytest-7571__r1,35,deepseek/deepseek-v4.1-flash-20260910,relace,caveman_ponytail,pytest-dev__pytest-7571,hermes-session.trace.jsonl,traces/hermes_session_trace.jsonl,True,565131,b4cfd4e4bc19dfc677fa709a169592860623b3b6e31111d3f21369a1c2f3e355,427
prior_relace,Previous · both models via Relace,35__v4-1-flash__caveman_ponytail__pytest-dev__pytest-7571__r1,benchmark-results/deepseek-v4-v41-relace-20260920-185646/runs/35__v4-1-flash__caveman_ponytail__pytest-dev__pytest-7571__r1,35,deepseek/deepseek-v4.1-flash-20260910,relace,caveman_ponytail,pytest-dev__pytest-7571,hermes-session.jsonl,traces/hermes_session_records.jsonl,True,706207,744290eed6dca7dd31861184913f1bdfc0f37bd747d4bf0fad94d15f15dcc155,1
prior_relace,Previous · both models via Relace,35__v4-1-flash__caveman_ponytail__pytest-dev__pytest-7571__r1,benchmark-results/deepseek-v4-v41-relace-20260920-185646/runs/35__v4-1-flash__caveman_ponytail__pytest-dev__pytest-7571__r1,35,deepseek/deepseek-v4.1-flash-20260910,relace,caveman_ponytail,pytest-dev__pytest-7571,hermes-session.json,traces/hermes_session_records.jsonl,True,816591,a8a6154c26abea6eddf8b3d7e6a6eb9e3f7bc132cf319932a5b551691cc57908,1
prior_relace,Previous · both models via Relace,35__v4-1-flash__caveman_ponytail__pytest-dev__pytest-7571__r1,benchmark-results/deepseek-v4-v41-relace-20260920-185646/runs/35__v4-1-flash__caveman_ponytail__pytest-dev__pytest-7571__r1,35,deepseek/deepseek-v4.1-flash-20260910,relace,caveman_ponytail,pytest-dev__pytest-7571,usage.json,traces/usage_records.jsonl,False,,,
prior_relace,Previous · both models via Relace,35__v4-1-flash__caveman_ponytail__pytest-dev__pytest-7571__r1,benchmark-results/deepseek-v4-v41-relace-20260920-185646/runs/35__v4-1-flash__caveman_ponytail__pytest-dev__pytest-7571__r1,35,deepseek/deepseek-v4.1-flash-20260910,relace,caveman_ponytail,pytest-dev__pytest-7571,timing-summary.json,traces/timing_summaries.jsonl,True,1550,8bd3500440d99e3c4fb20952bcb4c3ccf0b123478a8fac9657aec2abc3710dff,1
prior_relace,Previous · both models via Relace,35__v4-1-flash__caveman_ponytail__pytest-dev__pytest-7571__r1,benchmark-results/deepseek-v4-v41-relace-20260920-185646/runs/35__v4-1-flash__caveman_ponytail__pytest-dev__pytest-7571__r1,35,deepseek/deepseek-v4.1-flash-20260910,relace,caveman_ponytail,pytest-dev__pytest-7571,treatment-evidence.json,traces/treatment_evidence.jsonl,True,1969,8a5779d33eea3460c04b99ef7da8ec1ca60d47ccbcaba4fefd20bf634a6089fe,1
prior_relace,Previous · both models via Relace,35__v4-1-flash__caveman_ponytail__pytest-dev__pytest-7571__r1,benchmark-results/deepseek-v4-v41-relace-20260920-185646/runs/35__v4-1-flash__caveman_ponytail__pytest-dev__pytest-7571__r1,35,deepseek/deepseek-v4.1-flash-20260910,relace,caveman_ponytail,pytest-dev__pytest-7571,model.patch,traces/model_patches.jsonl,False,,,
prior_relace,Previous · both models via Relace,36__v4-flash-0731__caveman__django__django-15731__r1,benchmark-results/deepseek-v4-v41-relace-20260920-185646/runs/36__v4-flash-0731__caveman__django__django-15731__r1,36,deepseek/deepseek-v4-flash-0731,relace,caveman,django__django-15731,api-events.jsonl,traces/api_events.jsonl,True,74196,a8bafb8b4de1bf3695b26edc69ed55e496dd4d0493a566fa636ab352970e9b8c,62
prior_relace,Previous · both models via Relace,36__v4-flash-0731__caveman__django__django-15731__r1,benchmark-results/deepseek-v4-v41-relace-20260920-185646/runs/36__v4-flash-0731__caveman__django__django-15731__r1,36,deepseek/deepseek-v4-flash-0731,relace,caveman,django__django-15731,tool-events.jsonl,traces/tool_events.jsonl,True,30855,110153b7942ee7ce99999eeea5feba823b1fe194fde25cf1642be25ebad1252b,64
prior_relace,Previous · both models via Relace,36__v4-flash-0731__caveman__django__django-15731__r1,benchmark-results/deepseek-v4-v41-relace-20260920-185646/runs/36__v4-flash-0731__caveman__django__django-15731__r1,36,deepseek/deepseek-v4-flash-0731,relace,caveman,django__django-15731,hermes-events.jsonl,traces/hermes_events.jsonl,True,107369,5c213899b3c73af83406b5295575f5783a26e08b756e2a536dd52d664a518a3b,131
prior_relace,Previous · both models via Relace,36__v4-flash-0731__caveman__django__django-15731__r1,benchmark-results/deepseek-v4-v41-relace-20260920-185646/runs/36__v4-flash-0731__caveman__django__django-15731__r1,36,deepseek/deepseek-v4-flash-0731,relace,caveman,django__django-15731,lifecycle-events.jsonl,traces/lifecycle_events.jsonl,True,2318,54aeb946d644f0f81cf313142fd445f09ea80c551f7c2114d43eaebc7b1a109f,5
prior_relace,Previous · both models via Relace,36__v4-flash-0731__caveman__django__django-15731__r1,benchmark-results/deepseek-v4-v41-relace-20260920-185646/runs/36__v4-flash-0731__caveman__django__django-15731__r1,36,deepseek/deepseek-v4-flash-0731,relace,caveman,django__django-15731,hermes-session.trace.jsonl,traces/hermes_session_trace.jsonl,True,80522,7927b497c2d455b68daca0c01828b7f853264168c8ec485e3052541dfbc8d79f,64
prior_relace,Previous · both models via Relace,36__v4-flash-0731__caveman__django__django-15731__r1,benchmark-results/deepseek-v4-v41-relace-20260920-185646/runs/36__v4-flash-0731__caveman__django__django-15731__r1,36,deepseek/deepseek-v4-flash-0731,relace,caveman,django__django-15731,hermes-session.jsonl,traces/hermes_session_records.jsonl,True,112783,4984051d6e192c499b5713bf8fd3cc5182c5673bec94f005050269a303ceedbe,1
prior_relace,Previous · both models via Relace,36__v4-flash-0731__caveman__django__django-15731__r1,benchmark-results/deepseek-v4-v41-relace-20260920-185646/runs/36__v4-flash-0731__caveman__django__django-15731__r1,36,deepseek/deepseek-v4-flash-0731,relace,caveman,django__django-15731,hermes-session.json,traces/hermes_session_records.jsonl,True,129457,cd85e12105892b6da52cfc05375640e432eeb0c46c6321974c19cb0f355d8e15,1
prior_relace,Previous · both models via Relace,36__v4-flash-0731__caveman__django__django-15731__r1,benchmark-results/deepseek-v4-v41-relace-20260920-185646/runs/36__v4-flash-0731__caveman__django__django-15731__r1,36,deepseek/deepseek-v4-flash-0731,relace,caveman,django__django-15731,usage.json,traces/usage_records.jsonl,True,957,c46abff852c99c9f1b8db060f00bcf66ae2ff8b5658db6f85dae8f602777d559,1
prior_relace,Previous · both models via Relace,36__v4-flash-0731__caveman__django__django-15731__r1,benchmark-results/deepseek-v4-v41-relace-20260920-185646/runs/36__v4-flash-0731__caveman__django__django-15731__r1,36,deepseek/deepseek-v4-flash-0731,relace,caveman,django__django-15731,timing-summary.json,traces/timing_summaries.jsonl,True,1467,ea73fde95a36ed6f6047b01b97cf1689f47339dfa8c914d1e665c3d7ec977723,1
prior_relace,Previous · both models via Relace,36__v4-flash-0731__caveman__django__django-15731__r1,benchmark-results/deepseek-v4-v41-relace-20260920-185646/runs/36__v4-flash-0731__caveman__django__django-15731__r1,36,deepseek/deepseek-v4-flash-0731,relace,caveman,django__django-15731,treatment-evidence.json,traces/treatment_evidence.jsonl,True,1214,cda8ee2b467aec18f8c8a17dd4fce18ea32cd5f9407747f766997da3208afea7,1
prior_relace,Previous · both models via Relace,36__v4-flash-0731__caveman__django__django-15731__r1,benchmark-results/deepseek-v4-v41-relace-20260920-185646/runs/36__v4-flash-0731__caveman__django__django-15731__r1,36,deepseek/deepseek-v4-flash-0731,relace,caveman,django__django-15731,model.patch,traces/model_patches.jsonl,True,766,d50bb8be2af70d220c65a00ccbe26d92820df7394eaea01e8574237edb653696,1
prior_relace,Previous · both models via Relace,37__v4-1-flash__ponytail__django__django-13516__r1,benchmark-results/deepseek-v4-v41-relace-20260920-185646/runs/37__v4-1-flash__ponytail__django__django-13516__r1,37,deepseek/deepseek-v4.1-flash-20260910,relace,ponytail,django__django-13516,api-events.jsonl,traces/api_events.jsonl,True,136912,6eb5beec56710979d091377f0856b5f98c30f05e97346ac615a1702366ea96e3,114
prior_relace,Previous · both models via Relace,37__v4-1-flash__ponytail__django__django-13516__r1,benchmark-results/deepseek-v4-v41-relace-20260920-185646/runs/37__v4-1-flash__ponytail__django__django-13516__r1,37,deepseek/deepseek-v4.1-flash-20260910,relace,ponytail,django__django-13516,tool-events.jsonl,traces/tool_events.jsonl,True,56998,124fdd32a13ad996184e39821c2ed8fa150813399f21861d4f72869a2c4e9ebe,118
prior_relace,Previous · both models via Relace,37__v4-1-flash__ponytail__django__django-13516__r1,benchmark-results/deepseek-v4-v41-relace-20260920-185646/runs/37__v4-1-flash__ponytail__django__django-13516__r1,37,deepseek/deepseek-v4.1-flash-20260910,relace,ponytail,django__django-13516,hermes-events.jsonl,traces/hermes_events.jsonl,True,195754,83af88b61120952a828f3e84dd8c5b4f8e23a7d0698e8224ca8458a9ca6cd62c,236
prior_relace,Previous · both models via Relace,37__v4-1-flash__ponytail__django__django-13516__r1,benchmark-results/deepseek-v4-v41-relace-20260920-185646/runs/37__v4-1-flash__ponytail__django__django-13516__r1,37,deepseek/deepseek-v4.1-flash-20260910,relace,ponytail,django__django-13516,lifecycle-events.jsonl,traces/lifecycle_events.jsonl,True,1844,dfe820b9cad8b2df9f675f95e775581f6e161f74415b3c5ed201433e19d04739,4
prior_relace,Previous · both models via Relace,37__v4-1-flash__ponytail__django__django-13516__r1,benchmark-results/deepseek-v4-v41-relace-20260920-185646/runs/37__v4-1-flash__ponytail__django__django-13516__r1,37,deepseek/deepseek-v4.1-flash-20260910,relace,ponytail,django__django-13516,hermes-session.trace.jsonl,traces/hermes_session_trace.jsonl,True,128885,fdf4845b4faaa3109208f9add3ad3d63e98ae07dc522b97bbfd7bacf34641b5b,117
prior_relace,Previous · both models via Relace,37__v4-1-flash__ponytail__django__django-13516__r1,benchmark-results/deepseek-v4-v41-relace-20260920-185646/runs/37__v4-1-flash__ponytail__django__django-13516__r1,37,deepseek/deepseek-v4.1-flash-20260910,relace,ponytail,django__django-13516,hermes-session.jsonl,traces/hermes_session_records.jsonl,True,182596,69cee343fb91cd920f7451ddef0e59d2d9e2b5c8cafff6cafe39d9e0135362c9,1
prior_relace,Previous · both models via Relace,37__v4-1-flash__ponytail__django__django-13516__r1,benchmark-results/deepseek-v4-v41-relace-20260920-185646/runs/37__v4-1-flash__ponytail__django__django-13516__r1,37,deepseek/deepseek-v4.1-flash-20260910,relace,ponytail,django__django-13516,hermes-session.json,traces/hermes_session_records.jsonl,True,212992,c6cba1272b3026ef5325dbbe13b0a856e3b5a22f9370832ef549f369ef6e1358,1
prior_relace,Previous · both models via Relace,37__v4-1-flash__ponytail__django__django-13516__r1,benchmark-results/deepseek-v4-v41-relace-20260920-185646/runs/37__v4-1-flash__ponytail__django__django-13516__r1,37,deepseek/deepseek-v4.1-flash-20260910,relace,ponytail,django__django-13516,usage.json,traces/usage_records.jsonl,True,966,94bcc682e78893e8479f08ee2afea64162258275e74783e4f2d3bb80c2bc0be0,1
prior_relace,Previous · both models via Relace,37__v4-1-flash__ponytail__django__django-13516__r1,benchmark-results/deepseek-v4-v41-relace-20260920-185646/runs/37__v4-1-flash__ponytail__django__django-13516__r1,37,deepseek/deepseek-v4.1-flash-20260910,relace,ponytail,django__django-13516,timing-summary.json,traces/timing_summaries.jsonl,True,1507,064bf25a2755a2ddacc68df0e631ed755eecc99ef6461c4f3e512117cc1d43f2,1
prior_relace,Previous · both models via Relace,37__v4-1-flash__ponytail__django__django-13516__r1,benchmark-results/deepseek-v4-v41-relace-20260920-185646/runs/37__v4-1-flash__ponytail__django__django-13516__r1,37,deepseek/deepseek-v4.1-flash-20260910,relace,ponytail,django__django-13516,treatment-evidence.json,traces/treatment_evidence.jsonl,True,1912,fa2d41a7aec03f70f2d081167125d47e5ef2c2ba18808f924bc452aa47d994bd,1
prior_relace,Previous · both models via Relace,37__v4-1-flash__ponytail__django__django-13516__r1,benchmark-results/deepseek-v4-v41-relace-20260920-185646/runs/37__v4-1-flash__ponytail__django__django-13516__r1,37,deepseek/deepseek-v4.1-flash-20260910,relace,ponytail,django__django-13516,model.patch,traces/model_patches.jsonl,True,412,c49d4ca1821366c9d7274a75b8ddf5cd0d72d85ddd39a045e4ffb00f8556669e,1
prior_relace,Previous · both models via Relace,38__v4-1-flash__baseline__django__django-7530__r1,benchmark-results/deepseek-v4-v41-relace-20260920-185646/runs/38__v4-1-flash__baseline__django__django-7530__r1,38,deepseek/deepseek-v4.1-flash-20260910,relace,baseline,django__django-7530,api-events.jsonl,traces/api_events.jsonl,True,448763,86fdd96a0675f335219c4eca2dce63ee56845a3093842eebbc6bc917ab1d4779,377
prior_relace,Previous · both models via Relace,38__v4-1-flash__baseline__django__django-7530__r1,benchmark-results/deepseek-v4-v41-relace-20260920-185646/runs/38__v4-1-flash__baseline__django__django-7530__r1,38,deepseek/deepseek-v4.1-flash-20260910,relace,baseline,django__django-7530,tool-events.jsonl,traces/tool_events.jsonl,True,175327,af38989cf77e5a4ff2c4277eee4807f3c1b1c059c4e4c499856d68a8f7a5d57c,364
prior_relace,Previous · both models via Relace,38__v4-1-flash__baseline__django__django-7530__r1,benchmark-results/deepseek-v4-v41-relace-20260920-185646/runs/38__v4-1-flash__baseline__django__django-7530__r1,38,deepseek/deepseek-v4.1-flash-20260910,relace,baseline,django__django-7530,hermes-events.jsonl,traces/hermes_events.jsonl,True,624873,0181e118e3fc0c2530dde46c7be62ceb308157c7a25b489819883e1e2e192511,743
prior_relace,Previous · both models via Relace,38__v4-1-flash__baseline__django__django-7530__r1,benchmark-results/deepseek-v4-v41-relace-20260920-185646/runs/38__v4-1-flash__baseline__django__django-7530__r1,38,deepseek/deepseek-v4.1-flash-20260910,relace,baseline,django__django-7530,lifecycle-events.jsonl,traces/lifecycle_events.jsonl,True,783,a1eb251016867d7d396e310f8f4ebf97abc47705784a0dbfb73545e5ae7e8456,2
prior_relace,Previous · both models via Relace,38__v4-1-flash__baseline__django__django-7530__r1,benchmark-results/deepseek-v4-v41-relace-20260920-185646/runs/38__v4-1-flash__baseline__django__django-7530__r1,38,deepseek/deepseek-v4.1-flash-20260910,relace,baseline,django__django-7530,hermes-session.trace.jsonl,traces/hermes_session_trace.jsonl,True,493793,ef810ce57a3872551ca2819e5f9a99b768623c6babd45ad7bbd3e8706d1099e7,366
prior_relace,Previous · both models via Relace,38__v4-1-flash__baseline__django__django-7530__r1,benchmark-results/deepseek-v4-v41-relace-20260920-185646/runs/38__v4-1-flash__baseline__django__django-7530__r1,38,deepseek/deepseek-v4.1-flash-20260910,relace,baseline,django__django-7530,hermes-session.jsonl,traces/hermes_session_records.jsonl,True,607930,c15bd0b0d25fa9377679536e5d404fc2c107ccd4ac0eca5d742f767d4cfdf409,1
prior_relace,Previous · both models via Relace,38__v4-1-flash__baseline__django__django-7530__r1,benchmark-results/deepseek-v4-v41-relace-20260920-185646/runs/38__v4-1-flash__baseline__django__django-7530__r1,38,deepseek/deepseek-v4.1-flash-20260910,relace,baseline,django__django-7530,hermes-session.json,traces/hermes_session_records.jsonl,True,702318,a21c8ced352908d67a0710eede8c6d9a3b77119a0f80d9c3574dbde95a0ff79a,1
prior_relace,Previous · both models via Relace,38__v4-1-flash__baseline__django__django-7530__r1,benchmark-results/deepseek-v4-v41-relace-20260920-185646/runs/38__v4-1-flash__baseline__django__django-7530__r1,38,deepseek/deepseek-v4.1-flash-20260910,relace,baseline,django__django-7530,usage.json,traces/usage_records.jsonl,False,,,
prior_relace,Previous · both models via Relace,38__v4-1-flash__baseline__django__django-7530__r1,benchmark-results/deepseek-v4-v41-relace-20260920-185646/runs/38__v4-1-flash__baseline__django__django-7530__r1,38,deepseek/deepseek-v4.1-flash-20260910,relace,baseline,django__django-7530,timing-summary.json,traces/timing_summaries.jsonl,True,1496,0a449dd5205147c5ca9218b99835ccd935138267636e4aaebf1cb8d41553a4fa,1
prior_relace,Previous · both models via Relace,38__v4-1-flash__baseline__django__django-7530__r1,benchmark-results/deepseek-v4-v41-relace-20260920-185646/runs/38__v4-1-flash__baseline__django__django-7530__r1,38,deepseek/deepseek-v4.1-flash-20260910,relace,baseline,django__django-7530,treatment-evidence.json,traces/treatment_evidence.jsonl,True,1178,31794b6633b7b0153f5957fd2af8ebe3f48c487427a45d6f75ca1e8eee6b50e4,1
prior_relace,Previous · both models via Relace,38__v4-1-flash__baseline__django__django-7530__r1,benchmark-results/deepseek-v4-v41-relace-20260920-185646/runs/38__v4-1-flash__baseline__django__django-7530__r1,38,deepseek/deepseek-v4.1-flash-20260910,relace,baseline,django__django-7530,model.patch,traces/model_patches.jsonl,False,,,
prior_relace,Previous · both models via Relace,39__v4-1-flash__caveman_ponytail__django__django-15731__r1,benchmark-results/deepseek-v4-v41-relace-20260920-185646/runs/39__v4-1-flash__caveman_ponytail__django__django-15731__r1,39,deepseek/deepseek-v4.1-flash-20260910,relace,caveman_ponytail,django__django-15731,api-events.jsonl,traces/api_events.jsonl,True,111672,d29d51dace48601dd39ec13d5e8c89cbc9a94878144ce3a9234cae824a02979e,94
prior_relace,Previous · both models via Relace,39__v4-1-flash__caveman_ponytail__django__django-15731__r1,benchmark-results/deepseek-v4-v41-relace-20260920-185646/runs/39__v4-1-flash__caveman_ponytail__django__django-15731__r1,39,deepseek/deepseek-v4.1-flash-20260910,relace,caveman_ponytail,django__django-15731,tool-events.jsonl,traces/tool_events.jsonl,True,50151,bc7998c24d02e85b97318975e02be829875d6fc3568e2449c6e3412f381e5ac7,104
prior_relace,Previous · both models via Relace,39__v4-1-flash__caveman_ponytail__django__django-15731__r1,benchmark-results/deepseek-v4-v41-relace-20260920-185646/runs/39__v4-1-flash__caveman_ponytail__django__django-15731__r1,39,deepseek/deepseek-v4.1-flash-20260910,relace,caveman_ponytail,django__django-15731,hermes-events.jsonl,traces/hermes_events.jsonl,True,164165,743c6133ff9e150c262756e3f079ccd165915b452cce0302c6ed6d76211e860b,203
prior_relace,Previous · both models via Relace,39__v4-1-flash__caveman_ponytail__django__django-15731__r1,benchmark-results/deepseek-v4-v41-relace-20260920-185646/runs/39__v4-1-flash__caveman_ponytail__django__django-15731__r1,39,deepseek/deepseek-v4.1-flash-20260910,relace,caveman_ponytail,django__django-15731,lifecycle-events.jsonl,traces/lifecycle_events.jsonl,True,2342,2a44ae3a3f3cb186bb4d488c089eb166526a9b10c50224e6bd263279a93c7947,5
prior_relace,Previous · both models via Relace,39__v4-1-flash__caveman_ponytail__django__django-15731__r1,benchmark-results/deepseek-v4-v41-relace-20260920-185646/runs/39__v4-1-flash__caveman_ponytail__django__django-15731__r1,39,deepseek/deepseek-v4.1-flash-20260910,relace,caveman_ponytail,django__django-15731,hermes-session.trace.jsonl,traces/hermes_session_trace.jsonl,True,117652,bbdabfb163001484ea150156222ca95ec532917c43660080a85c52996bcd752b,98
prior_relace,Previous · both models via Relace,39__v4-1-flash__caveman_ponytail__django__django-15731__r1,benchmark-results/deepseek-v4-v41-relace-20260920-185646/runs/39__v4-1-flash__caveman_ponytail__django__django-15731__r1,39,deepseek/deepseek-v4.1-flash-20260910,relace,caveman_ponytail,django__django-15731,hermes-session.jsonl,traces/hermes_session_records.jsonl,True,166742,28be88870a2e657fcb3067c5bb0c6de91cb36b2ed0aa37b6df90d01e98ac92b0,1
prior_relace,Previous · both models via Relace,39__v4-1-flash__caveman_ponytail__django__django-15731__r1,benchmark-results/deepseek-v4-v41-relace-20260920-185646/runs/39__v4-1-flash__caveman_ponytail__django__django-15731__r1,39,deepseek/deepseek-v4.1-flash-20260910,relace,caveman_ponytail,django__django-15731,hermes-session.json,traces/hermes_session_records.jsonl,True,192476,db1be247b361897ab0ee1c9e382868267f539469290025cb77b25930b22fcf36,1
prior_relace,Previous · both models via Relace,39__v4-1-flash__caveman_ponytail__django__django-15731__r1,benchmark-results/deepseek-v4-v41-relace-20260920-185646/runs/39__v4-1-flash__caveman_ponytail__django__django-15731__r1,39,deepseek/deepseek-v4.1-flash-20260910,relace,caveman_ponytail,django__django-15731,usage.json,traces/usage_records.jsonl,True,966,19ffe1c51a79d28af9d745c4f284787073855624c8a1d3110b962f511334850e,1
prior_relace,Previous · both models via Relace,39__v4-1-flash__caveman_ponytail__django__django-15731__r1,benchmark-results/deepseek-v4-v41-relace-20260920-185646/runs/39__v4-1-flash__caveman_ponytail__django__django-15731__r1,39,deepseek/deepseek-v4.1-flash-20260910,relace,caveman_ponytail,django__django-15731,timing-summary.json,traces/timing_summaries.jsonl,True,1626,4268f4def0d3fe387c9cba8368d59819adc716e34d165549189c837d75f8a430,1
prior_relace,Previous · both models via Relace,39__v4-1-flash__caveman_ponytail__django__django-15731__r1,benchmark-results/deepseek-v4-v41-relace-20260920-185646/runs/39__v4-1-flash__caveman_ponytail__django__django-15731__r1,39,deepseek/deepseek-v4.1-flash-20260910,relace,caveman_ponytail,django__django-15731,treatment-evidence.json,traces/treatment_evidence.jsonl,True,1969,8a5779d33eea3460c04b99ef7da8ec1ca60d47ccbcaba4fefd20bf634a6089fe,1
prior_relace,Previous · both models via Relace,39__v4-1-flash__caveman_ponytail__django__django-15731__r1,benchmark-results/deepseek-v4-v41-relace-20260920-185646/runs/39__v4-1-flash__caveman_ponytail__django__django-15731__r1,39,deepseek/deepseek-v4.1-flash-20260910,relace,caveman_ponytail,django__django-15731,model.patch,traces/model_patches.jsonl,True,797,2a56fea7dd82321838b18f3dec71df06255bffcfad87dd3d7153549b44236803,1
prior_relace,Previous · both models via Relace,40__v4-flash-0731__ponytail__pytest-dev__pytest-7571__r1,benchmark-results/deepseek-v4-v41-relace-20260920-185646/runs/40__v4-flash-0731__ponytail__pytest-dev__pytest-7571__r1,40,deepseek/deepseek-v4-flash-0731,relace,ponytail,pytest-dev__pytest-7571,api-events.jsonl,traces/api_events.jsonl,True,88567,76c632d7e7e9d2db439a36d1c259d1ffbcebd93e36e34475b76a6963e2688741,74
prior_relace,Previous · both models via Relace,40__v4-flash-0731__ponytail__pytest-dev__pytest-7571__r1,benchmark-results/deepseek-v4-v41-relace-20260920-185646/runs/40__v4-flash-0731__ponytail__pytest-dev__pytest-7571__r1,40,deepseek/deepseek-v4-flash-0731,relace,ponytail,pytest-dev__pytest-7571,tool-events.jsonl,traces/tool_events.jsonl,True,34734,331471f583ce94973a98a9614fa28fa8f59be3c5a128e8bdb6b2fb6d21b66b30,72
prior_relace,Previous · both models via Relace,40__v4-flash-0731__ponytail__pytest-dev__pytest-7571__r1,benchmark-results/deepseek-v4-v41-relace-20260920-185646/runs/40__v4-flash-0731__ponytail__pytest-dev__pytest-7571__r1,40,deepseek/deepseek-v4-flash-0731,relace,ponytail,pytest-dev__pytest-7571,hermes-events.jsonl,traces/hermes_events.jsonl,True,125121,5f6e53ccef18680e4e70b5fb842f361831e8dfddf24f7a7bac5dbd9978597155,150
prior_relace,Previous · both models via Relace,40__v4-flash-0731__ponytail__pytest-dev__pytest-7571__r1,benchmark-results/deepseek-v4-v41-relace-20260920-185646/runs/40__v4-flash-0731__ponytail__pytest-dev__pytest-7571__r1,40,deepseek/deepseek-v4-flash-0731,relace,ponytail,pytest-dev__pytest-7571,lifecycle-events.jsonl,traces/lifecycle_events.jsonl,True,1820,09d02661670130b12245f1a789fd32ffc2d324ec8457d6a41b6a091f7e986ab5,4
prior_relace,Previous · both models via Relace,40__v4-flash-0731__ponytail__pytest-dev__pytest-7571__r1,benchmark-results/deepseek-v4-v41-relace-20260920-185646/runs/40__v4-flash-0731__ponytail__pytest-dev__pytest-7571__r1,40,deepseek/deepseek-v4-flash-0731,relace,ponytail,pytest-dev__pytest-7571,hermes-session.trace.jsonl,traces/hermes_session_trace.jsonl,True,118410,4d63793396b0a05d63080161c2af3ed9a12e1ce3dd8a659098cb3f578b4b6fb6,74
prior_relace,Previous · both models via Relace,40__v4-flash-0731__ponytail__pytest-dev__pytest-7571__r1,benchmark-results/deepseek-v4-v41-relace-20260920-185646/runs/40__v4-flash-0731__ponytail__pytest-dev__pytest-7571__r1,40,deepseek/deepseek-v4-flash-0731,relace,ponytail,pytest-dev__pytest-7571,hermes-session.jsonl,traces/hermes_session_records.jsonl,True,159702,3f19c94b8ef471ba349aaa6ac0795b7bbf008fea0ed6634f5e04d3609565f5ca,1
prior_relace,Previous · both models via Relace,40__v4-flash-0731__ponytail__pytest-dev__pytest-7571__r1,benchmark-results/deepseek-v4-v41-relace-20260920-185646/runs/40__v4-flash-0731__ponytail__pytest-dev__pytest-7571__r1,40,deepseek/deepseek-v4-flash-0731,relace,ponytail,pytest-dev__pytest-7571,hermes-session.json,traces/hermes_session_records.jsonl,True,178860,6822aa1eb0a773dde544f9472bb42a1479717e071cd28f35e72b7d6efad453dd,1
prior_relace,Previous · both models via Relace,40__v4-flash-0731__ponytail__pytest-dev__pytest-7571__r1,benchmark-results/deepseek-v4-v41-relace-20260920-185646/runs/40__v4-flash-0731__ponytail__pytest-dev__pytest-7571__r1,40,deepseek/deepseek-v4-flash-0731,relace,ponytail,pytest-dev__pytest-7571,usage.json,traces/usage_records.jsonl,True,959,d54e50343440ad87e5453a3c2b6a45033039af5ca60d5be9a0c083cba55648fc,1
prior_relace,Previous · both models via Relace,40__v4-flash-0731__ponytail__pytest-dev__pytest-7571__r1,benchmark-results/deepseek-v4-v41-relace-20260920-185646/runs/40__v4-flash-0731__ponytail__pytest-dev__pytest-7571__r1,40,deepseek/deepseek-v4-flash-0731,relace,ponytail,pytest-dev__pytest-7571,timing-summary.json,traces/timing_summaries.jsonl,True,1400,bb5d990a28e5b0e8b21121af864404186179ebb5064c1957ee03254641e7fa4f,1
prior_relace,Previous · both models via Relace,40__v4-flash-0731__ponytail__pytest-dev__pytest-7571__r1,benchmark-results/deepseek-v4-v41-relace-20260920-185646/runs/40__v4-flash-0731__ponytail__pytest-dev__pytest-7571__r1,40,deepseek/deepseek-v4-flash-0731,relace,ponytail,pytest-dev__pytest-7571,treatment-evidence.json,traces/treatment_evidence.jsonl,True,1900,9fdec7dc6df6c9ed2277647d96ddeab68149ec33f245ed2d723576db4cc3dc6a,1
prior_relace,Previous · both models via Relace,40__v4-flash-0731__ponytail__pytest-dev__pytest-7571__r1,benchmark-results/deepseek-v4-v41-relace-20260920-185646/runs/40__v4-flash-0731__ponytail__pytest-dev__pytest-7571__r1,40,deepseek/deepseek-v4-flash-0731,relace,ponytail,pytest-dev__pytest-7571,model.patch,traces/model_patches.jsonl,True,1301,6b98f0f5821febfeb608ca98a5df11c13aaa167ef407242f5fcdfb36ebb548af,1
current_mixed_provider,Current · V4 via Relace; V4.1 via DeepSeek,01__v4-1-flash__caveman_ponytail__django__django-13516__r1,benchmark-results/deepseek-v4-v41-relace-deepseek-seed-260924/runs/01__v4-1-flash__caveman_ponytail__django__django-13516__r1,1,deepseek/deepseek-v4.1-flash-20260910,deepseek,caveman_ponytail,django__django-13516,api-events.jsonl,traces/api_events.jsonl,True,115305,e15ee9063436b5621ff7425bc92d3cc985dc473766c082ecaf5bc20c8fd13f40,96
current_mixed_provider,Current · V4 via Relace; V4.1 via DeepSeek,01__v4-1-flash__caveman_ponytail__django__django-13516__r1,benchmark-results/deepseek-v4-v41-relace-deepseek-seed-260924/runs/01__v4-1-flash__caveman_ponytail__django__django-13516__r1,1,deepseek/deepseek-v4.1-flash-20260910,deepseek,caveman_ponytail,django__django-13516,tool-events.jsonl,traces/tool_events.jsonl,True,50983,05a03f663befdf71cf4ece2d4a3b97a6763e99d7d613db2ee5367e74ebcfe411,105
current_mixed_provider,Current · V4 via Relace; V4.1 via DeepSeek,01__v4-1-flash__caveman_ponytail__django__django-13516__r1,benchmark-results/deepseek-v4-v41-relace-deepseek-seed-260924/runs/01__v4-1-flash__caveman_ponytail__django__django-13516__r1,1,deepseek/deepseek-v4.1-flash-20260910,deepseek,caveman_ponytail,django__django-13516,hermes-events.jsonl,traces/hermes_events.jsonl,True,168629,11b13be0fef1f04e1bf6b3af006519e58adc8b9a889328f36e9e6853eadf49f6,206
current_mixed_provider,Current · V4 via Relace; V4.1 via DeepSeek,01__v4-1-flash__caveman_ponytail__django__django-13516__r1,benchmark-results/deepseek-v4-v41-relace-deepseek-seed-260924/runs/01__v4-1-flash__caveman_ponytail__django__django-13516__r1,1,deepseek/deepseek-v4.1-flash-20260910,deepseek,caveman_ponytail,django__django-13516,lifecycle-events.jsonl,traces/lifecycle_events.jsonl,True,2341,db5b0ff1daab7b8626aa521829e2b20ae5592f049dc0f4585b5304d5060c6369,5
current_mixed_provider,Current · V4 via Relace; V4.1 via DeepSeek,01__v4-1-flash__caveman_ponytail__django__django-13516__r1,benchmark-results/deepseek-v4-v41-relace-deepseek-seed-260924/runs/01__v4-1-flash__caveman_ponytail__django__django-13516__r1,1,deepseek/deepseek-v4.1-flash-20260910,deepseek,caveman_ponytail,django__django-13516,hermes-session.trace.jsonl,traces/hermes_session_trace.jsonl,True,132271,23758e40907d2c287b2f0887468398f204421b2d95cf4cc858192c53640df486,101
current_mixed_provider,Current · V4 via Relace; V4.1 via DeepSeek,01__v4-1-flash__caveman_ponytail__django__django-13516__r1,benchmark-results/deepseek-v4-v41-relace-deepseek-seed-260924/runs/01__v4-1-flash__caveman_ponytail__django__django-13516__r1,1,deepseek/deepseek-v4.1-flash-20260910,deepseek,caveman_ponytail,django__django-13516,hermes-session.jsonl,traces/hermes_session_records.jsonl,True,181620,8e1c98c770fe5a57740f1dffc837582ca7a697213bcdc5c4baecbacc8e3fc15a,1
current_mixed_provider,Current · V4 via Relace; V4.1 via DeepSeek,01__v4-1-flash__caveman_ponytail__django__django-13516__r1,benchmark-results/deepseek-v4-v41-relace-deepseek-seed-260924/runs/01__v4-1-flash__caveman_ponytail__django__django-13516__r1,1,deepseek/deepseek-v4.1-flash-20260910,deepseek,caveman_ponytail,django__django-13516,hermes-session.json,traces/hermes_session_records.jsonl,True,207984,9950c04613fc3c9c45c2d8e163d75aacd4ffc6f3892cd7c75cb817a090d18515,1
current_mixed_provider,Current · V4 via Relace; V4.1 via DeepSeek,01__v4-1-flash__caveman_ponytail__django__django-13516__r1,benchmark-results/deepseek-v4-v41-relace-deepseek-seed-260924/runs/01__v4-1-flash__caveman_ponytail__django__django-13516__r1,1,deepseek/deepseek-v4.1-flash-20260910,deepseek,caveman_ponytail,django__django-13516,usage.json,traces/usage_records.jsonl,True,948,84ebe3f0df9cbf381f69808f16c7f4fdd6906ba9586bb0c9705e5ecac551bb38,1
current_mixed_provider,Current · V4 via Relace; V4.1 via DeepSeek,01__v4-1-flash__caveman_ponytail__django__django-13516__r1,benchmark-results/deepseek-v4-v41-relace-deepseek-seed-260924/runs/01__v4-1-flash__caveman_ponytail__django__django-13516__r1,1,deepseek/deepseek-v4.1-flash-20260910,deepseek,caveman_ponytail,django__django-13516,timing-summary.json,traces/timing_summaries.jsonl,True,1654,c915f74c20851e07498732af6e45a866b702ae2c154b7addbcb0aa3e3c85242d,1
current_mixed_provider,Current · V4 via Relace; V4.1 via DeepSeek,01__v4-1-flash__caveman_ponytail__django__django-13516__r1,benchmark-results/deepseek-v4-v41-relace-deepseek-seed-260924/runs/01__v4-1-flash__caveman_ponytail__django__django-13516__r1,1,deepseek/deepseek-v4.1-flash-20260910,deepseek,caveman_ponytail,django__django-13516,treatment-evidence.json,traces/treatment_evidence.jsonl,True,2009,f2001f866ff603da7f0e872869001ccf37b56d7a78a21f22eace50953eb57b32,1
current_mixed_provider,Current · V4 via Relace; V4.1 via DeepSeek,01__v4-1-flash__caveman_ponytail__django__django-13516__r1,benchmark-results/deepseek-v4-v41-relace-deepseek-seed-260924/runs/01__v4-1-flash__caveman_ponytail__django__django-13516__r1,1,deepseek/deepseek-v4.1-flash-20260910,deepseek,caveman_ponytail,django__django-13516,model.patch,traces/model_patches.jsonl,True,462,62f381f12538497cdcbe27037863e44b8fc6c2f2c4c27105ec1ae80d36ec7815,1
current_mixed_provider,Current · V4 via Relace; V4.1 via DeepSeek,02__v4-flash-0731__ponytail__django__django-7530__r1,benchmark-results/deepseek-v4-v41-relace-deepseek-seed-260924/runs/02__v4-flash-0731__ponytail__django__django-7530__r1,2,deepseek/deepseek-v4-flash-0731,relace,ponytail,django__django-7530,api-events.jsonl,traces/api_events.jsonl,True,59823,720f15fae6c92adeae27fe5b9a249d3853a5407c7a4cbd348ef08ff3addbb839,50
current_mixed_provider,Current · V4 via Relace; V4.1 via DeepSeek,02__v4-flash-0731__ponytail__django__django-7530__r1,benchmark-results/deepseek-v4-v41-relace-deepseek-seed-260924/runs/02__v4-flash-0731__ponytail__django__django-7530__r1,2,deepseek/deepseek-v4-flash-0731,relace,ponytail,django__django-7530,tool-events.jsonl,traces/tool_events.jsonl,True,25115,bd6fb18fb3a3b34bfa273daa46817d5e96292ceef32d049e58dd08cdb261b899,52
current_mixed_provider,Current · V4 via Relace; V4.1 via DeepSeek,02__v4-flash-0731__ponytail__django__django-7530__r1,benchmark-results/deepseek-v4-v41-relace-deepseek-seed-260924/runs/02__v4-flash-0731__ponytail__django__django-7530__r1,2,deepseek/deepseek-v4-flash-0731,relace,ponytail,django__django-7530,hermes-events.jsonl,traces/hermes_events.jsonl,True,86758,6146a9a08a094f2c12ecabc50b09ef3b32c14b9f24fe9099f9ebc43c7fef6340,106
current_mixed_provider,Current · V4 via Relace; V4.1 via DeepSeek,02__v4-flash-0731__ponytail__django__django-7530__r1,benchmark-results/deepseek-v4-v41-relace-deepseek-seed-260924/runs/02__v4-flash-0731__ponytail__django__django-7530__r1,2,deepseek/deepseek-v4-flash-0731,relace,ponytail,django__django-7530,lifecycle-events.jsonl,traces/lifecycle_events.jsonl,True,1820,1826d9225d2cceffa5841c8759373c868455496dc47d24ba533ae1b09e30250c,4
current_mixed_provider,Current · V4 via Relace; V4.1 via DeepSeek,02__v4-flash-0731__ponytail__django__django-7530__r1,benchmark-results/deepseek-v4-v41-relace-deepseek-seed-260924/runs/02__v4-flash-0731__ponytail__django__django-7530__r1,2,deepseek/deepseek-v4-flash-0731,relace,ponytail,django__django-7530,hermes-session.trace.jsonl,traces/hermes_session_trace.jsonl,True,67402,8a6a6f7029415d13e056c1e584e9220ad16bfe422e2b0c80cda0982bdaea6af9,52
current_mixed_provider,Current · V4 via Relace; V4.1 via DeepSeek,02__v4-flash-0731__ponytail__django__django-7530__r1,benchmark-results/deepseek-v4-v41-relace-deepseek-seed-260924/runs/02__v4-flash-0731__ponytail__django__django-7530__r1,2,deepseek/deepseek-v4-flash-0731,relace,ponytail,django__django-7530,hermes-session.jsonl,traces/hermes_session_records.jsonl,True,102579,9e067fe5e25a9960c2d7744121fb7a3fcd2e06a86384ac1cb3761172099eac07,1
current_mixed_provider,Current · V4 via Relace; V4.1 via DeepSeek,02__v4-flash-0731__ponytail__django__django-7530__r1,benchmark-results/deepseek-v4-v41-relace-deepseek-seed-260924/runs/02__v4-flash-0731__ponytail__django__django-7530__r1,2,deepseek/deepseek-v4-flash-0731,relace,ponytail,django__django-7530,hermes-session.json,traces/hermes_session_records.jsonl,True,116157,c2126283c508697afb7e595648006d90666cd717ce795063798c9e597c56e399,1
current_mixed_provider,Current · V4 via Relace; V4.1 via DeepSeek,02__v4-flash-0731__ponytail__django__django-7530__r1,benchmark-results/deepseek-v4-v41-relace-deepseek-seed-260924/runs/02__v4-flash-0731__ponytail__django__django-7530__r1,2,deepseek/deepseek-v4-flash-0731,relace,ponytail,django__django-7530,usage.json,traces/usage_records.jsonl,True,957,7da3bf6ae7f548c61196bf82cd8141b0454038c9a2bbecc9025233b2a2ce0e0b,1
current_mixed_provider,Current · V4 via Relace; V4.1 via DeepSeek,02__v4-flash-0731__ponytail__django__django-7530__r1,benchmark-results/deepseek-v4-v41-relace-deepseek-seed-260924/runs/02__v4-flash-0731__ponytail__django__django-7530__r1,2,deepseek/deepseek-v4-flash-0731,relace,ponytail,django__django-7530,timing-summary.json,traces/timing_summaries.jsonl,True,1411,73f02744c2eea77e1eb2f5f9b6a4be70f34ea7b0d31f171b8697685d2476a9e0,1
current_mixed_provider,Current · V4 via Relace; V4.1 via DeepSeek,02__v4-flash-0731__ponytail__django__django-7530__r1,benchmark-results/deepseek-v4-v41-relace-deepseek-seed-260924/runs/02__v4-flash-0731__ponytail__django__django-7530__r1,2,deepseek/deepseek-v4-flash-0731,relace,ponytail,django__django-7530,treatment-evidence.json,traces/treatment_evidence.jsonl,True,1934,39007c2edf5e5577e9364f654af73dad92eb0fc6f1b7c8dd32822b8fc0202689,1
current_mixed_provider,Current · V4 via Relace; V4.1 via DeepSeek,02__v4-flash-0731__ponytail__django__django-7530__r1,benchmark-results/deepseek-v4-v41-relace-deepseek-seed-260924/runs/02__v4-flash-0731__ponytail__django__django-7530__r1,2,deepseek/deepseek-v4-flash-0731,relace,ponytail,django__django-7530,model.patch,traces/model_patches.jsonl,True,770,c3590a0b092cad2ea4afcdcc8d6cc004836bba6dd3ad4855d5607781d09b8737,1
current_mixed_provider,Current · V4 via Relace; V4.1 via DeepSeek,03__v4-1-flash__caveman__django__django-16662__r1,benchmark-results/deepseek-v4-v41-relace-deepseek-seed-260924/runs/03__v4-1-flash__caveman__django__django-16662__r1,3,deepseek/deepseek-v4.1-flash-20260910,deepseek,caveman,django__django-16662,api-events.jsonl,traces/api_events.jsonl,True,91289,ae5b452fa71d0135c321ff5324a046095cd9b58251d9127bfebd9605e3247fd0,76
current_mixed_provider,Current · V4 via Relace; V4.1 via DeepSeek,03__v4-1-flash__caveman__django__django-16662__r1,benchmark-results/deepseek-v4-v41-relace-deepseek-seed-260924/runs/03__v4-1-flash__caveman__django__django-16662__r1,3,deepseek/deepseek-v4.1-flash-20260910,deepseek,caveman,django__django-16662,tool-events.jsonl,traces/tool_events.jsonl,True,37897,64e2fa35374d40fa2f08aa63f99204d317fa6eaf97fd7c756f9e480fad2de13e,78
current_mixed_provider,Current · V4 via Relace; V4.1 via DeepSeek,03__v4-1-flash__caveman__django__django-16662__r1,benchmark-results/deepseek-v4-v41-relace-deepseek-seed-260924/runs/03__v4-1-flash__caveman__django__django-16662__r1,3,deepseek/deepseek-v4.1-flash-20260910,deepseek,caveman,django__django-16662,hermes-events.jsonl,traces/hermes_events.jsonl,True,131528,0609e5f37315e1e66ebf2952ed873e959d7fa85b981aa3a3dd1543084167c7f2,159
current_mixed_provider,Current · V4 via Relace; V4.1 via DeepSeek,03__v4-1-flash__caveman__django__django-16662__r1,benchmark-results/deepseek-v4-v41-relace-deepseek-seed-260924/runs/03__v4-1-flash__caveman__django__django-16662__r1,3,deepseek/deepseek-v4.1-flash-20260910,deepseek,caveman,django__django-16662,lifecycle-events.jsonl,traces/lifecycle_events.jsonl,True,2342,50853cda6936358b4851a056504698441b814bd5cba9c5578111f9f40dda74a8,5
current_mixed_provider,Current · V4 via Relace; V4.1 via DeepSeek,03__v4-1-flash__caveman__django__django-16662__r1,benchmark-results/deepseek-v4-v41-relace-deepseek-seed-260924/runs/03__v4-1-flash__caveman__django__django-16662__r1,3,deepseek/deepseek-v4.1-flash-20260910,deepseek,caveman,django__django-16662,hermes-session.trace.jsonl,traces/hermes_session_trace.jsonl,True,115219,c8e6fabb5a4b88f33ab024dcff14c86e8471007ff458fabb505f168ae9fa1a1c,78
current_mixed_provider,Current · V4 via Relace; V4.1 via DeepSeek,03__v4-1-flash__caveman__django__django-16662__r1,benchmark-results/deepseek-v4-v41-relace-deepseek-seed-260924/runs/03__v4-1-flash__caveman__django__django-16662__r1,3,deepseek/deepseek-v4.1-flash-20260910,deepseek,caveman,django__django-16662,hermes-session.jsonl,traces/hermes_session_records.jsonl,True,151409,57a570071492244fe202c95104d958ef056a6faad9e8ee32d1ffd15cdcbdb3d5,1
current_mixed_provider,Current · V4 via Relace; V4.1 via DeepSeek,03__v4-1-flash__caveman__django__django-16662__r1,benchmark-results/deepseek-v4-v41-relace-deepseek-seed-260924/runs/03__v4-1-flash__caveman__django__django-16662__r1,3,deepseek/deepseek-v4.1-flash-20260910,deepseek,caveman,django__django-16662,hermes-session.json,traces/hermes_session_records.jsonl,True,171695,342866933e53c66fdd0aae3631d48c0a62816eb963e0f7ef71f61da2145a0a8f,1
current_mixed_provider,Current · V4 via Relace; V4.1 via DeepSeek,03__v4-1-flash__caveman__django__django-16662__r1,benchmark-results/deepseek-v4-v41-relace-deepseek-seed-260924/runs/03__v4-1-flash__caveman__django__django-16662__r1,3,deepseek/deepseek-v4.1-flash-20260910,deepseek,caveman,django__django-16662,usage.json,traces/usage_records.jsonl,True,963,004f2d4fcdaa4579d89d430765cd11c666081a9a41ff9a722c456db5f3325a26,1
current_mixed_provider,Current · V4 via Relace; V4.1 via DeepSeek,03__v4-1-flash__caveman__django__django-16662__r1,benchmark-results/deepseek-v4-v41-relace-deepseek-seed-260924/runs/03__v4-1-flash__caveman__django__django-16662__r1,3,deepseek/deepseek-v4.1-flash-20260910,deepseek,caveman,django__django-16662,timing-summary.json,traces/timing_summaries.jsonl,True,1583,2d17d5c123a99e67d3259b73ce78803a3fcd40466c00b9c76476afafcdccdea4,1
current_mixed_provider,Current · V4 via Relace; V4.1 via DeepSeek,03__v4-1-flash__caveman__django__django-16662__r1,benchmark-results/deepseek-v4-v41-relace-deepseek-seed-260924/runs/03__v4-1-flash__caveman__django__django-16662__r1,3,deepseek/deepseek-v4.1-flash-20260910,deepseek,caveman,django__django-16662,treatment-evidence.json,traces/treatment_evidence.jsonl,True,1266,426f8667fb14a7a35b9f490e5169f92db62620430d785b29f5dd8bb8e430197c,1
current_mixed_provider,Current · V4 via Relace; V4.1 via DeepSeek,03__v4-1-flash__caveman__django__django-16662__r1,benchmark-results/deepseek-v4-v41-relace-deepseek-seed-260924/runs/03__v4-1-flash__caveman__django__django-16662__r1,3,deepseek/deepseek-v4.1-flash-20260910,deepseek,caveman,django__django-16662,model.patch,traces/model_patches.jsonl,True,796,2a1001885fcef9598696f5af67708da71423290eb2a835d46d0ab576b962902d,1
current_mixed_provider,Current · V4 via Relace; V4.1 via DeepSeek,04__v4-1-flash__caveman_ponytail__django__django-16662__r1,benchmark-results/deepseek-v4-v41-relace-deepseek-seed-260924/runs/04__v4-1-flash__caveman_ponytail__django__django-16662__r1,4,deepseek/deepseek-v4.1-flash-20260910,deepseek,caveman_ponytail,django__django-16662,api-events.jsonl,traces/api_events.jsonl,True,64833,5c31f9df1bc8850433852659b7e4caf2b0daa609ecb9b59e388650d6e788f07b,54
current_mixed_provider,Current · V4 via Relace; V4.1 via DeepSeek,04__v4-1-flash__caveman_ponytail__django__django-16662__r1,benchmark-results/deepseek-v4-v41-relace-deepseek-seed-260924/runs/04__v4-1-flash__caveman_ponytail__django__django-16662__r1,4,deepseek/deepseek-v4.1-flash-20260910,deepseek,caveman_ponytail,django__django-16662,tool-events.jsonl,traces/tool_events.jsonl,True,28172,3a4af288d2380428d246e43d488284e4f5067c2ad1fc61b261a0ba4ead2267fd,58
current_mixed_provider,Current · V4 via Relace; V4.1 via DeepSeek,04__v4-1-flash__caveman_ponytail__django__django-16662__r1,benchmark-results/deepseek-v4-v41-relace-deepseek-seed-260924/runs/04__v4-1-flash__caveman_ponytail__django__django-16662__r1,4,deepseek/deepseek-v4.1-flash-20260910,deepseek,caveman_ponytail,django__django-16662,hermes-events.jsonl,traces/hermes_events.jsonl,True,95345,176d582c0f02a1b896aec5481e5130b7232b6951931e8b9a4a1ffd0e5347b6ec,117
current_mixed_provider,Current · V4 via Relace; V4.1 via DeepSeek,04__v4-1-flash__caveman_ponytail__django__django-16662__r1,benchmark-results/deepseek-v4-v41-relace-deepseek-seed-260924/runs/04__v4-1-flash__caveman_ponytail__django__django-16662__r1,4,deepseek/deepseek-v4.1-flash-20260910,deepseek,caveman_ponytail,django__django-16662,lifecycle-events.jsonl,traces/lifecycle_events.jsonl,True,2340,a8d7fe8a1277a98d8788131e06aeabe5d776988b634971fcd069d9338ce27f8a,5
current_mixed_provider,Current · V4 via Relace; V4.1 via DeepSeek,04__v4-1-flash__caveman_ponytail__django__django-16662__r1,benchmark-results/deepseek-v4-v41-relace-deepseek-seed-260924/runs/04__v4-1-flash__caveman_ponytail__django__django-16662__r1,4,deepseek/deepseek-v4.1-flash-20260910,deepseek,caveman_ponytail,django__django-16662,hermes-session.trace.jsonl,traces/hermes_session_trace.jsonl,True,81685,efc26f975dc633e6ee2ba6f3b9516474e10b06e33bd634a45ddfddb587519e3c,57
current_mixed_provider,Current · V4 via Relace; V4.1 via DeepSeek,04__v4-1-flash__caveman_ponytail__django__django-16662__r1,benchmark-results/deepseek-v4-v41-relace-deepseek-seed-260924/runs/04__v4-1-flash__caveman_ponytail__django__django-16662__r1,4,deepseek/deepseek-v4.1-flash-20260910,deepseek,caveman_ponytail,django__django-16662,hermes-session.jsonl,traces/hermes_session_records.jsonl,True,119158,f5d9a2924aacd375f65247fc1f2e489e24c5f8fcf1615808b324fda0bcdcdbfd,1
current_mixed_provider,Current · V4 via Relace; V4.1 via DeepSeek,04__v4-1-flash__caveman_ponytail__django__django-16662__r1,benchmark-results/deepseek-v4-v41-relace-deepseek-seed-260924/runs/04__v4-1-flash__caveman_ponytail__django__django-16662__r1,4,deepseek/deepseek-v4.1-flash-20260910,deepseek,caveman_ponytail,django__django-16662,hermes-session.json,traces/hermes_session_records.jsonl,True,134074,99b204936fe4bf4a9f732ba08dd59a7194ffa5a5f12845cbf0f36a6386a6b288,1
current_mixed_provider,Current · V4 via Relace; V4.1 via DeepSeek,04__v4-1-flash__caveman_ponytail__django__django-16662__r1,benchmark-results/deepseek-v4-v41-relace-deepseek-seed-260924/runs/04__v4-1-flash__caveman_ponytail__django__django-16662__r1,4,deepseek/deepseek-v4.1-flash-20260910,deepseek,caveman_ponytail,django__django-16662,usage.json,traces/usage_records.jsonl,True,945,f6f4870f0acf981f921114f5b3029e892c774480adfa7149fc6d582a784d19af,1
current_mixed_provider,Current · V4 via Relace; V4.1 via DeepSeek,04__v4-1-flash__caveman_ponytail__django__django-16662__r1,benchmark-results/deepseek-v4-v41-relace-deepseek-seed-260924/runs/04__v4-1-flash__caveman_ponytail__django__django-16662__r1,4,deepseek/deepseek-v4.1-flash-20260910,deepseek,caveman_ponytail,django__django-16662,timing-summary.json,traces/timing_summaries.jsonl,True,1479,465089d18799832c4f9aee3df6cfcb055dd7fa44863194b0ab8ab616746c03d8,1
current_mixed_provider,Current · V4 via Relace; V4.1 via DeepSeek,04__v4-1-flash__caveman_ponytail__django__django-16662__r1,benchmark-results/deepseek-v4-v41-relace-deepseek-seed-260924/runs/04__v4-1-flash__caveman_ponytail__django__django-16662__r1,4,deepseek/deepseek-v4.1-flash-20260910,deepseek,caveman_ponytail,django__django-16662,treatment-evidence.json,traces/treatment_evidence.jsonl,True,2009,f2001f866ff603da7f0e872869001ccf37b56d7a78a21f22eace50953eb57b32,1
current_mixed_provider,Current · V4 via Relace; V4.1 via DeepSeek,04__v4-1-flash__caveman_ponytail__django__django-16662__r1,benchmark-results/deepseek-v4-v41-relace-deepseek-seed-260924/runs/04__v4-1-flash__caveman_ponytail__django__django-16662__r1,4,deepseek/deepseek-v4.1-flash-20260910,deepseek,caveman_ponytail,django__django-16662,model.patch,traces/model_patches.jsonl,True,858,1e521513f3ec2dc5f779a626d45121498b346065e2923b67626d237374557b99,1
current_mixed_provider,Current · V4 via Relace; V4.1 via DeepSeek,05__v4-flash-0731__caveman_ponytail__django__django-13516__r1,benchmark-results/deepseek-v4-v41-relace-deepseek-seed-260924/runs/05__v4-flash-0731__caveman_ponytail__django__django-13516__r1,5,deepseek/deepseek-v4-flash-0731,relace,caveman_ponytail,django__django-13516,api-events.jsonl,traces/api_events.jsonl,True,79005,1087e35252bd34cb53688e54209fb95c63f17940533d7b14cbd0107569b9b687,66
current_mixed_provider,Current · V4 via Relace; V4.1 via DeepSeek,05__v4-flash-0731__caveman_ponytail__django__django-13516__r1,benchmark-results/deepseek-v4-v41-relace-deepseek-seed-260924/runs/05__v4-flash-0731__caveman_ponytail__django__django-13516__r1,5,deepseek/deepseek-v4-flash-0731,relace,caveman_ponytail,django__django-13516,tool-events.jsonl,traces/tool_events.jsonl,True,33777,4b6bd0582605f774b3b92f72b499bdb5420df2e0764da1717d2c24f22befda2e,70
current_mixed_provider,Current · V4 via Relace; V4.1 via DeepSeek,05__v4-flash-0731__caveman_ponytail__django__django-13516__r1,benchmark-results/deepseek-v4-v41-relace-deepseek-seed-260924/runs/05__v4-flash-0731__caveman_ponytail__django__django-13516__r1,5,deepseek/deepseek-v4-flash-0731,relace,caveman_ponytail,django__django-13516,hermes-events.jsonl,traces/hermes_events.jsonl,True,115101,4e7d12657bef890c738d1e76c1237ab47da441845e1e74602684c62767a41858,141
current_mixed_provider,Current · V4 via Relace; V4.1 via DeepSeek,05__v4-flash-0731__caveman_ponytail__django__django-13516__r1,benchmark-results/deepseek-v4-v41-relace-deepseek-seed-260924/runs/05__v4-flash-0731__caveman_ponytail__django__django-13516__r1,5,deepseek/deepseek-v4-flash-0731,relace,caveman_ponytail,django__django-13516,lifecycle-events.jsonl,traces/lifecycle_events.jsonl,True,2319,2df61cafc4c5ae0e2c54a2771bdd43371d95622534045a2605c13cb030f4b532,5
current_mixed_provider,Current · V4 via Relace; V4.1 via DeepSeek,05__v4-flash-0731__caveman_ponytail__django__django-13516__r1,benchmark-results/deepseek-v4-v41-relace-deepseek-seed-260924/runs/05__v4-flash-0731__caveman_ponytail__django__django-13516__r1,5,deepseek/deepseek-v4-flash-0731,relace,caveman_ponytail,django__django-13516,hermes-session.trace.jsonl,traces/hermes_session_trace.jsonl,True,93598,640ec9d9c3816a4f36303da08e0217f21a6e7fb83e526335922c915820f10d49,69
current_mixed_provider,Current · V4 via Relace; V4.1 via DeepSeek,05__v4-flash-0731__caveman_ponytail__django__django-13516__r1,benchmark-results/deepseek-v4-v41-relace-deepseek-seed-260924/runs/05__v4-flash-0731__caveman_ponytail__django__django-13516__r1,5,deepseek/deepseek-v4-flash-0731,relace,caveman_ponytail,django__django-13516,hermes-session.jsonl,traces/hermes_session_records.jsonl,True,134252,f43170b6493bdabda637957236cac420b5983f47df956e533bfe1ee9fae5dc18,1
current_mixed_provider,Current · V4 via Relace; V4.1 via DeepSeek,05__v4-flash-0731__caveman_ponytail__django__django-13516__r1,benchmark-results/deepseek-v4-v41-relace-deepseek-seed-260924/runs/05__v4-flash-0731__caveman_ponytail__django__django-13516__r1,5,deepseek/deepseek-v4-flash-0731,relace,caveman_ponytail,django__django-13516,hermes-session.json,traces/hermes_session_records.jsonl,True,152264,05d969e82c88535a9df5c43ae101605dd6a563383e22a1adba7e644142b73e9c,1
current_mixed_provider,Current · V4 via Relace; V4.1 via DeepSeek,05__v4-flash-0731__caveman_ponytail__django__django-13516__r1,benchmark-results/deepseek-v4-v41-relace-deepseek-seed-260924/runs/05__v4-flash-0731__caveman_ponytail__django__django-13516__r1,5,deepseek/deepseek-v4-flash-0731,relace,caveman_ponytail,django__django-13516,usage.json,traces/usage_records.jsonl,True,939,ebcccd08df880c3a0b7ccfa94638fe77c80f5fb004687a1b35e31e32ada246bc,1
current_mixed_provider,Current · V4 via Relace; V4.1 via DeepSeek,05__v4-flash-0731__caveman_ponytail__django__django-13516__r1,benchmark-results/deepseek-v4-v41-relace-deepseek-seed-260924/runs/05__v4-flash-0731__caveman_ponytail__django__django-13516__r1,5,deepseek/deepseek-v4-flash-0731,relace,caveman_ponytail,django__django-13516,timing-summary.json,traces/timing_summaries.jsonl,True,1479,03cbb4fb226208468bd72cb71a7178d62e64a3b3d7bb04a6b1d2e1e6bd041f94,1
current_mixed_provider,Current · V4 via Relace; V4.1 via DeepSeek,05__v4-flash-0731__caveman_ponytail__django__django-13516__r1,benchmark-results/deepseek-v4-v41-relace-deepseek-seed-260924/runs/05__v4-flash-0731__caveman_ponytail__django__django-13516__r1,5,deepseek/deepseek-v4-flash-0731,relace,caveman_ponytail,django__django-13516,treatment-evidence.json,traces/treatment_evidence.jsonl,True,1991,c90b792b92547d421e385c594ab85fe66a18c74a8e19528a5476c0c9bd1edea6,1
current_mixed_provider,Current · V4 via Relace; V4.1 via DeepSeek,05__v4-flash-0731__caveman_ponytail__django__django-13516__r1,benchmark-results/deepseek-v4-v41-relace-deepseek-seed-260924/runs/05__v4-flash-0731__caveman_ponytail__django__django-13516__r1,5,deepseek/deepseek-v4-flash-0731,relace,caveman_ponytail,django__django-13516,model.patch,traces/model_patches.jsonl,True,458,f250e4ad6b0450907362b9fbc9d7c80daae7b88ad1466889d19a3721e7d9767d,1
current_mixed_provider,Current · V4 via Relace; V4.1 via DeepSeek,06__v4-flash-0731__caveman_ponytail__django__django-16662__r1,benchmark-results/deepseek-v4-v41-relace-deepseek-seed-260924/runs/06__v4-flash-0731__caveman_ponytail__django__django-16662__r1,6,deepseek/deepseek-v4-flash-0731,relace,caveman_ponytail,django__django-16662,api-events.jsonl,traces/api_events.jsonl,True,71786,12cbd5813ebe04e0a9a86a393e7d2640b40f9011cd782582ddd3e9732cb2b8de,60
current_mixed_provider,Current · V4 via Relace; V4.1 via DeepSeek,06__v4-flash-0731__caveman_ponytail__django__django-16662__r1,benchmark-results/deepseek-v4-v41-relace-deepseek-seed-260924/runs/06__v4-flash-0731__caveman_ponytail__django__django-16662__r1,6,deepseek/deepseek-v4-flash-0731,relace,caveman_ponytail,django__django-16662,tool-events.jsonl,traces/tool_events.jsonl,True,30901,b1ac9730fc2629a1b6a131ec5ff5fa50bda760b6ac08837d2c29064bc79a3de5,64
current_mixed_provider,Current · V4 via Relace; V4.1 via DeepSeek,06__v4-flash-0731__caveman_ponytail__django__django-16662__r1,benchmark-results/deepseek-v4-v41-relace-deepseek-seed-260924/runs/06__v4-flash-0731__caveman_ponytail__django__django-16662__r1,6,deepseek/deepseek-v4-flash-0731,relace,caveman_ponytail,django__django-16662,hermes-events.jsonl,traces/hermes_events.jsonl,True,105004,a1139a891ee2017bc841fb183ddaacf603be9e52fef3aab0dbc50fd310760bd5,129
current_mixed_provider,Current · V4 via Relace; V4.1 via DeepSeek,06__v4-flash-0731__caveman_ponytail__django__django-16662__r1,benchmark-results/deepseek-v4-v41-relace-deepseek-seed-260924/runs/06__v4-flash-0731__caveman_ponytail__django__django-16662__r1,6,deepseek/deepseek-v4-flash-0731,relace,caveman_ponytail,django__django-16662,lifecycle-events.jsonl,traces/lifecycle_events.jsonl,True,2317,a0600e9b10552f2f71b769b6435edec2a72e054b97c7c118914a189f2e5fa5ba,5
current_mixed_provider,Current · V4 via Relace; V4.1 via DeepSeek,06__v4-flash-0731__caveman_ponytail__django__django-16662__r1,benchmark-results/deepseek-v4-v41-relace-deepseek-seed-260924/runs/06__v4-flash-0731__caveman_ponytail__django__django-16662__r1,6,deepseek/deepseek-v4-flash-0731,relace,caveman_ponytail,django__django-16662,hermes-session.trace.jsonl,traces/hermes_session_trace.jsonl,True,69566,ddc6c6abdf07a8c677db0f80cd685320e379f5402fc7f6c9231688e88fc4c433,63
current_mixed_provider,Current · V4 via Relace; V4.1 via DeepSeek,06__v4-flash-0731__caveman_ponytail__django__django-16662__r1,benchmark-results/deepseek-v4-v41-relace-deepseek-seed-260924/runs/06__v4-flash-0731__caveman_ponytail__django__django-16662__r1,6,deepseek/deepseek-v4-flash-0731,relace,caveman_ponytail,django__django-16662,hermes-session.jsonl,traces/hermes_session_records.jsonl,True,108668,db4c501e6930e9d2f79c662a33d32089826efa9f15d182e94ed8cb6c0d05b707,1
current_mixed_provider,Current · V4 via Relace; V4.1 via DeepSeek,06__v4-flash-0731__caveman_ponytail__django__django-16662__r1,benchmark-results/deepseek-v4-v41-relace-deepseek-seed-260924/runs/06__v4-flash-0731__caveman_ponytail__django__django-16662__r1,6,deepseek/deepseek-v4-flash-0731,relace,caveman_ponytail,django__django-16662,hermes-session.json,traces/hermes_session_records.jsonl,True,125132,fc06672da03517d0398f870f1a2f44a5a780cf06972c09d25c5a05d9a2105d41,1
current_mixed_provider,Current · V4 via Relace; V4.1 via DeepSeek,06__v4-flash-0731__caveman_ponytail__django__django-16662__r1,benchmark-results/deepseek-v4-v41-relace-deepseek-seed-260924/runs/06__v4-flash-0731__caveman_ponytail__django__django-16662__r1,6,deepseek/deepseek-v4-flash-0731,relace,caveman_ponytail,django__django-16662,usage.json,traces/usage_records.jsonl,True,957,5caf06ddc1f62b6b7a03cfa0e5fbece24a9b3113afc03ba4c131828b124ea179,1
current_mixed_provider,Current · V4 via Relace; V4.1 via DeepSeek,06__v4-flash-0731__caveman_ponytail__django__django-16662__r1,benchmark-results/deepseek-v4-v41-relace-deepseek-seed-260924/runs/06__v4-flash-0731__caveman_ponytail__django__django-16662__r1,6,deepseek/deepseek-v4-flash-0731,relace,caveman_ponytail,django__django-16662,timing-summary.json,traces/timing_summaries.jsonl,True,1468,14e89f8ef516caa1a9f7bf5b44f50f9c707c4391ba0ce63ab5fe627b5ed79ce5,1
current_mixed_provider,Current · V4 via Relace; V4.1 via DeepSeek,06__v4-flash-0731__caveman_ponytail__django__django-16662__r1,benchmark-results/deepseek-v4-v41-relace-deepseek-seed-260924/runs/06__v4-flash-0731__caveman_ponytail__django__django-16662__r1,6,deepseek/deepseek-v4-flash-0731,relace,caveman_ponytail,django__django-16662,treatment-evidence.json,traces/treatment_evidence.jsonl,True,1991,c90b792b92547d421e385c594ab85fe66a18c74a8e19528a5476c0c9bd1edea6,1
current_mixed_provider,Current · V4 via Relace; V4.1 via DeepSeek,06__v4-flash-0731__caveman_ponytail__django__django-16662__r1,benchmark-results/deepseek-v4-v41-relace-deepseek-seed-260924/runs/06__v4-flash-0731__caveman_ponytail__django__django-16662__r1,6,deepseek/deepseek-v4-flash-0731,relace,caveman_ponytail,django__django-16662,model.patch,traces/model_patches.jsonl,True,766,f621d29816b1ca97306779b6361c11c1899c0b9aeed71aad8c18f8ca4514cde3,1
current_mixed_provider,Current · V4 via Relace; V4.1 via DeepSeek,07__v4-1-flash__caveman__pytest-dev__pytest-7571__r1,benchmark-results/deepseek-v4-v41-relace-deepseek-seed-260924/runs/07__v4-1-flash__caveman__pytest-dev__pytest-7571__r1,7,deepseek/deepseek-v4.1-flash-20260910,deepseek,caveman,pytest-dev__pytest-7571,api-events.jsonl,traces/api_events.jsonl,True,269393,ef742909f5ade7dfac235511798215ecc4240c1ab6553f1a59c673e9e0b1b66a,224
current_mixed_provider,Current · V4 via Relace; V4.1 via DeepSeek,07__v4-1-flash__caveman__pytest-dev__pytest-7571__r1,benchmark-results/deepseek-v4-v41-relace-deepseek-seed-260924/runs/07__v4-1-flash__caveman__pytest-dev__pytest-7571__r1,7,deepseek/deepseek-v4.1-flash-20260910,deepseek,caveman,pytest-dev__pytest-7571,tool-events.jsonl,traces/tool_events.jsonl,True,115442,0d1006b05bfb1e64ad27f02a2f7684113f41939767c14aee8b49bd9475eb62ee,238
current_mixed_provider,Current · V4 via Relace; V4.1 via DeepSeek,07__v4-1-flash__caveman__pytest-dev__pytest-7571__r1,benchmark-results/deepseek-v4-v41-relace-deepseek-seed-260924/runs/07__v4-1-flash__caveman__pytest-dev__pytest-7571__r1,7,deepseek/deepseek-v4.1-flash-20260910,deepseek,caveman,pytest-dev__pytest-7571,hermes-events.jsonl,traces/hermes_events.jsonl,True,387177,b67d128b1a92fdae3300ac03a2ce3cc656b814189a2665bbf72acad5bba24140,467
current_mixed_provider,Current · V4 via Relace; V4.1 via DeepSeek,07__v4-1-flash__caveman__pytest-dev__pytest-7571__r1,benchmark-results/deepseek-v4-v41-relace-deepseek-seed-260924/runs/07__v4-1-flash__caveman__pytest-dev__pytest-7571__r1,7,deepseek/deepseek-v4.1-flash-20260910,deepseek,caveman,pytest-dev__pytest-7571,lifecycle-events.jsonl,traces/lifecycle_events.jsonl,True,2342,e5121f1c3b4ab8eb7175622984e865131eb7d2de9b46fa8ba88ed1abe4c0c8c7,5
current_mixed_provider,Current · V4 via Relace; V4.1 via DeepSeek,07__v4-1-flash__caveman__pytest-dev__pytest-7571__r1,benchmark-results/deepseek-v4-v41-relace-deepseek-seed-260924/runs/07__v4-1-flash__caveman__pytest-dev__pytest-7571__r1,7,deepseek/deepseek-v4.1-flash-20260910,deepseek,caveman,pytest-dev__pytest-7571,hermes-session.trace.jsonl,traces/hermes_session_trace.jsonl,True,297446,15daab66c788411e94f158debde3a787947c8aa85f73d8bece7eec43c7bbd4f4,231
current_mixed_provider,Current · V4 via Relace; V4.1 via DeepSeek,07__v4-1-flash__caveman__pytest-dev__pytest-7571__r1,benchmark-results/deepseek-v4-v41-relace-deepseek-seed-260924/runs/07__v4-1-flash__caveman__pytest-dev__pytest-7571__r1,7,deepseek/deepseek-v4.1-flash-20260910,deepseek,caveman,pytest-dev__pytest-7571,hermes-session.jsonl,traces/hermes_session_records.jsonl,True,377600,7946fe19a9a002fb7a668a27821abcd157f9442cdd5cf68a9ef7c9d3feaad4d4,1
current_mixed_provider,Current · V4 via Relace; V4.1 via DeepSeek,07__v4-1-flash__caveman__pytest-dev__pytest-7571__r1,benchmark-results/deepseek-v4-v41-relace-deepseek-seed-260924/runs/07__v4-1-flash__caveman__pytest-dev__pytest-7571__r1,7,deepseek/deepseek-v4.1-flash-20260910,deepseek,caveman,pytest-dev__pytest-7571,hermes-session.json,traces/hermes_session_records.jsonl,True,437600,66f8d2ccf02b1d657d8193f6b21de93a12c65d9c6e505c5ed57a8e7d702060f3,1
current_mixed_provider,Current · V4 via Relace; V4.1 via DeepSeek,07__v4-1-flash__caveman__pytest-dev__pytest-7571__r1,benchmark-results/deepseek-v4-v41-relace-deepseek-seed-260924/runs/07__v4-1-flash__caveman__pytest-dev__pytest-7571__r1,7,deepseek/deepseek-v4.1-flash-20260910,deepseek,caveman,pytest-dev__pytest-7571,usage.json,traces/usage_records.jsonl,True,967,ef5b69ebb54583ad15243c49e854277fe5c0f111449188f1554090a7e2014a4f,1
current_mixed_provider,Current · V4 via Relace; V4.1 via DeepSeek,07__v4-1-flash__caveman__pytest-dev__pytest-7571__r1,benchmark-results/deepseek-v4-v41-relace-deepseek-seed-260924/runs/07__v4-1-flash__caveman__pytest-dev__pytest-7571__r1,7,deepseek/deepseek-v4.1-flash-20260910,deepseek,caveman,pytest-dev__pytest-7571,timing-summary.json,traces/timing_summaries.jsonl,True,1670,9bc5075d4abafabf25307f3db17bfc745642d34084898ca9c84c60581c49b1e3,1
current_mixed_provider,Current · V4 via Relace; V4.1 via DeepSeek,07__v4-1-flash__caveman__pytest-dev__pytest-7571__r1,benchmark-results/deepseek-v4-v41-relace-deepseek-seed-260924/runs/07__v4-1-flash__caveman__pytest-dev__pytest-7571__r1,7,deepseek/deepseek-v4.1-flash-20260910,deepseek,caveman,pytest-dev__pytest-7571,treatment-evidence.json,traces/treatment_evidence.jsonl,True,1266,426f8667fb14a7a35b9f490e5169f92db62620430d785b29f5dd8bb8e430197c,1
current_mixed_provider,Current · V4 via Relace; V4.1 via DeepSeek,07__v4-1-flash__caveman__pytest-dev__pytest-7571__r1,benchmark-results/deepseek-v4-v41-relace-deepseek-seed-260924/runs/07__v4-1-flash__caveman__pytest-dev__pytest-7571__r1,7,deepseek/deepseek-v4.1-flash-20260910,deepseek,caveman,pytest-dev__pytest-7571,model.patch,traces/model_patches.jsonl,True,2815,d4fdead9540bb35a3d4469a9843504bd6ac61be80281120d2f8161f3f645c61f,1
current_mixed_provider,Current · V4 via Relace; V4.1 via DeepSeek,08__v4-1-flash__caveman__django__django-15731__r1,benchmark-results/deepseek-v4-v41-relace-deepseek-seed-260924/runs/08__v4-1-flash__caveman__django__django-15731__r1,8,deepseek/deepseek-v4.1-flash-20260910,deepseek,caveman,django__django-15731,api-events.jsonl,traces/api_events.jsonl,True,175474,e93d92c3b0af785e2ed7b6c2dcfd13f8bc2bc1138f947f3a52ec8b62f70758fc,146
current_mixed_provider,Current · V4 via Relace; V4.1 via DeepSeek,08__v4-1-flash__caveman__django__django-15731__r1,benchmark-results/deepseek-v4-v41-relace-deepseek-seed-260924/runs/08__v4-1-flash__caveman__django__django-15731__r1,8,deepseek/deepseek-v4.1-flash-20260910,deepseek,caveman,django__django-15731,tool-events.jsonl,traces/tool_events.jsonl,True,72789,c2f6987c6041388f59c1ff69d70aaef1927031b91265c45152f235da12243a1c,150
current_mixed_provider,Current · V4 via Relace; V4.1 via DeepSeek,08__v4-1-flash__caveman__django__django-15731__r1,benchmark-results/deepseek-v4-v41-relace-deepseek-seed-260924/runs/08__v4-1-flash__caveman__django__django-15731__r1,8,deepseek/deepseek-v4.1-flash-20260910,deepseek,caveman,django__django-15731,hermes-events.jsonl,traces/hermes_events.jsonl,True,250605,57fac95e76326b7e69c40a71227e2ec11691ca254c6f3fe65fcf4e8c4b33ddbd,301
current_mixed_provider,Current · V4 via Relace; V4.1 via DeepSeek,08__v4-1-flash__caveman__django__django-15731__r1,benchmark-results/deepseek-v4-v41-relace-deepseek-seed-260924/runs/08__v4-1-flash__caveman__django__django-15731__r1,8,deepseek/deepseek-v4.1-flash-20260910,deepseek,caveman,django__django-15731,lifecycle-events.jsonl,traces/lifecycle_events.jsonl,True,2342,753f2cedd523ce53952fdca746b80653c345ab3c56e9f01a297442852a81d736,5
current_mixed_provider,Current · V4 via Relace; V4.1 via DeepSeek,08__v4-1-flash__caveman__django__django-15731__r1,benchmark-results/deepseek-v4-v41-relace-deepseek-seed-260924/runs/08__v4-1-flash__caveman__django__django-15731__r1,8,deepseek/deepseek-v4.1-flash-20260910,deepseek,caveman,django__django-15731,hermes-session.trace.jsonl,traces/hermes_session_trace.jsonl,True,218913,42249a34490f60318826bfdc86ec0f54adeb106aae92e1d764d894c96ba56b39,149
current_mixed_provider,Current · V4 via Relace; V4.1 via DeepSeek,08__v4-1-flash__caveman__django__django-15731__r1,benchmark-results/deepseek-v4-v41-relace-deepseek-seed-260924/runs/08__v4-1-flash__caveman__django__django-15731__r1,8,deepseek/deepseek-v4.1-flash-20260910,deepseek,caveman,django__django-15731,hermes-session.jsonl,traces/hermes_session_records.jsonl,True,276828,bed2c56edd8f95408623f3201de3d045478dd55064f9cb3b6f3a9462237764c3,1
current_mixed_provider,Current · V4 via Relace; V4.1 via DeepSeek,08__v4-1-flash__caveman__django__django-15731__r1,benchmark-results/deepseek-v4-v41-relace-deepseek-seed-260924/runs/08__v4-1-flash__caveman__django__django-15731__r1,8,deepseek/deepseek-v4.1-flash-20260910,deepseek,caveman,django__django-15731,hermes-session.json,traces/hermes_session_records.jsonl,True,315480,f782c351cf05e92f21507ad1c370196529b279ae7fe84f5c63d722235296683b,1
current_mixed_provider,Current · V4 via Relace; V4.1 via DeepSeek,08__v4-1-flash__caveman__django__django-15731__r1,benchmark-results/deepseek-v4-v41-relace-deepseek-seed-260924/runs/08__v4-1-flash__caveman__django__django-15731__r1,8,deepseek/deepseek-v4.1-flash-20260910,deepseek,caveman,django__django-15731,usage.json,traces/usage_records.jsonl,True,967,8dd3292ea174197108bcd39421f4bc3d7899ac2b41a6e8ab7ce4a89e29575f78,1
current_mixed_provider,Current · V4 via Relace; V4.1 via DeepSeek,08__v4-1-flash__caveman__django__django-15731__r1,benchmark-results/deepseek-v4-v41-relace-deepseek-seed-260924/runs/08__v4-1-flash__caveman__django__django-15731__r1,8,deepseek/deepseek-v4.1-flash-20260910,deepseek,caveman,django__django-15731,timing-summary.json,traces/timing_summaries.jsonl,True,1500,58fb24cb24513897ecf76853e3be902aacb260abfded4934b96ab0bd79beae8f,1
current_mixed_provider,Current · V4 via Relace; V4.1 via DeepSeek,08__v4-1-flash__caveman__django__django-15731__r1,benchmark-results/deepseek-v4-v41-relace-deepseek-seed-260924/runs/08__v4-1-flash__caveman__django__django-15731__r1,8,deepseek/deepseek-v4.1-flash-20260910,deepseek,caveman,django__django-15731,treatment-evidence.json,traces/treatment_evidence.jsonl,True,1266,426f8667fb14a7a35b9f490e5169f92db62620430d785b29f5dd8bb8e430197c,1
current_mixed_provider,Current · V4 via Relace; V4.1 via DeepSeek,08__v4-1-flash__caveman__django__django-15731__r1,benchmark-results/deepseek-v4-v41-relace-deepseek-seed-260924/runs/08__v4-1-flash__caveman__django__django-15731__r1,8,deepseek/deepseek-v4.1-flash-20260910,deepseek,caveman,django__django-15731,model.patch,traces/model_patches.jsonl,True,1174,a35a3fc40455ae59c565fc19009f2afcfcde03b9bc3628b4b71b1edba88d7cae,1
current_mixed_provider,Current · V4 via Relace; V4.1 via DeepSeek,09__v4-flash-0731__ponytail__django__django-16662__r1,benchmark-results/deepseek-v4-v41-relace-deepseek-seed-260924/runs/09__v4-flash-0731__ponytail__django__django-16662__r1,9,deepseek/deepseek-v4-flash-0731,relace,ponytail,django__django-16662,api-events.jsonl,traces/api_events.jsonl,True,69377,a3b020f49f7a2761fd586278dcaf1380f56405c1733ce02bfe1c684b3842023f,58
current_mixed_provider,Current · V4 via Relace; V4.1 via DeepSeek,09__v4-flash-0731__ponytail__django__django-16662__r1,benchmark-results/deepseek-v4-v41-relace-deepseek-seed-260924/runs/09__v4-flash-0731__ponytail__django__django-16662__r1,9,deepseek/deepseek-v4-flash-0731,relace,ponytail,django__django-16662,tool-events.jsonl,traces/tool_events.jsonl,True,26982,3e7e60e31acf813baf6c0b8c68b9624d1529d6a41d6a7164e096e76bc118cde3,56
current_mixed_provider,Current · V4 via Relace; V4.1 via DeepSeek,09__v4-flash-0731__ponytail__django__django-16662__r1,benchmark-results/deepseek-v4-v41-relace-deepseek-seed-260924/runs/09__v4-flash-0731__ponytail__django__django-16662__r1,9,deepseek/deepseek-v4-flash-0731,relace,ponytail,django__django-16662,hermes-events.jsonl,traces/hermes_events.jsonl,True,98177,261a7e2af26141a76061d25430ec1d83c72def9284bd34f9f5c9bc95169762e5,118
current_mixed_provider,Current · V4 via Relace; V4.1 via DeepSeek,09__v4-flash-0731__ponytail__django__django-16662__r1,benchmark-results/deepseek-v4-v41-relace-deepseek-seed-260924/runs/09__v4-flash-0731__ponytail__django__django-16662__r1,9,deepseek/deepseek-v4-flash-0731,relace,ponytail,django__django-16662,lifecycle-events.jsonl,traces/lifecycle_events.jsonl,True,1818,68b29132a0ba9cac70b57a73e15de5ea0dd8eceb16919ec8b13acccba8ba8425,4
current_mixed_provider,Current · V4 via Relace; V4.1 via DeepSeek,09__v4-flash-0731__ponytail__django__django-16662__r1,benchmark-results/deepseek-v4-v41-relace-deepseek-seed-260924/runs/09__v4-flash-0731__ponytail__django__django-16662__r1,9,deepseek/deepseek-v4-flash-0731,relace,ponytail,django__django-16662,hermes-session.trace.jsonl,traces/hermes_session_trace.jsonl,True,56483,1b6904a95e92b6674e9f0d8311835cd428858db990e0e7e7efa03a4b8d11a925,58
current_mixed_provider,Current · V4 via Relace; V4.1 via DeepSeek,09__v4-flash-0731__ponytail__django__django-16662__r1,benchmark-results/deepseek-v4-v41-relace-deepseek-seed-260924/runs/09__v4-flash-0731__ponytail__django__django-16662__r1,9,deepseek/deepseek-v4-flash-0731,relace,ponytail,django__django-16662,hermes-session.jsonl,traces/hermes_session_records.jsonl,True,93798,fb4387fbf62b5c543a55c14fc2505f5d8dededc15c7f80cd55f3391543f1b9ea,1
current_mixed_provider,Current · V4 via Relace; V4.1 via DeepSeek,09__v4-flash-0731__ponytail__django__django-16662__r1,benchmark-results/deepseek-v4-v41-relace-deepseek-seed-260924/runs/09__v4-flash-0731__ponytail__django__django-16662__r1,9,deepseek/deepseek-v4-flash-0731,relace,ponytail,django__django-16662,hermes-session.json,traces/hermes_session_records.jsonl,True,108828,61eaa7f4207026cb5e7db61412363ef0cff3bf8ad9dcd09b972016d4cf652d73,1
current_mixed_provider,Current · V4 via Relace; V4.1 via DeepSeek,09__v4-flash-0731__ponytail__django__django-16662__r1,benchmark-results/deepseek-v4-v41-relace-deepseek-seed-260924/runs/09__v4-flash-0731__ponytail__django__django-16662__r1,9,deepseek/deepseek-v4-flash-0731,relace,ponytail,django__django-16662,usage.json,traces/usage_records.jsonl,True,957,5dde6b581267e5439e673053156b230bb8da32407abbf2eb85632e9e9762c217,1
current_mixed_provider,Current · V4 via Relace; V4.1 via DeepSeek,09__v4-flash-0731__ponytail__django__django-16662__r1,benchmark-results/deepseek-v4-v41-relace-deepseek-seed-260924/runs/09__v4-flash-0731__ponytail__django__django-16662__r1,9,deepseek/deepseek-v4-flash-0731,relace,ponytail,django__django-16662,timing-summary.json,traces/timing_summaries.jsonl,True,1326,05337f841b576085fe2373f65e33fabbec69163d32ac023ce764535fc4b4dcaf,1
current_mixed_provider,Current · V4 via Relace; V4.1 via DeepSeek,09__v4-flash-0731__ponytail__django__django-16662__r1,benchmark-results/deepseek-v4-v41-relace-deepseek-seed-260924/runs/09__v4-flash-0731__ponytail__django__django-16662__r1,9,deepseek/deepseek-v4-flash-0731,relace,ponytail,django__django-16662,treatment-evidence.json,traces/treatment_evidence.jsonl,True,1934,39007c2edf5e5577e9364f654af73dad92eb0fc6f1b7c8dd32822b8fc0202689,1
current_mixed_provider,Current · V4 via Relace; V4.1 via DeepSeek,09__v4-flash-0731__ponytail__django__django-16662__r1,benchmark-results/deepseek-v4-v41-relace-deepseek-seed-260924/runs/09__v4-flash-0731__ponytail__django__django-16662__r1,9,deepseek/deepseek-v4-flash-0731,relace,ponytail,django__django-16662,model.patch,traces/model_patches.jsonl,True,911,a076144cffdbc28f3624541a6018b1cd14e2b457251cbfa58836217b98673e09,1
current_mixed_provider,Current · V4 via Relace; V4.1 via DeepSeek,10__v4-1-flash__ponytail__django__django-7530__r1,benchmark-results/deepseek-v4-v41-relace-deepseek-seed-260924/runs/10__v4-1-flash__ponytail__django__django-7530__r1,10,deepseek/deepseek-v4.1-flash-20260910,deepseek,ponytail,django__django-7530,api-events.jsonl,traces/api_events.jsonl,True,763853,29f261a5ed78d5d2f2ece59e983bc46685e8a14717d66c75dfad36c2a99db49d,634
current_mixed_provider,Current · V4 via Relace; V4.1 via DeepSeek,10__v4-1-flash__ponytail__django__django-7530__r1,benchmark-results/deepseek-v4-v41-relace-deepseek-seed-260924/runs/10__v4-1-flash__ponytail__django__django-7530__r1,10,deepseek/deepseek-v4.1-flash-20260910,deepseek,ponytail,django__django-7530,tool-events.jsonl,traces/tool_events.jsonl,True,315257,483c893e8ac1169e3872bf959ec1662419891448fa9f0ce792b271b713f3272f,650
current_mixed_provider,Current · V4 via Relace; V4.1 via DeepSeek,10__v4-1-flash__ponytail__django__django-7530__r1,benchmark-results/deepseek-v4-v41-relace-deepseek-seed-260924/runs/10__v4-1-flash__ponytail__django__django-7530__r1,10,deepseek/deepseek-v4.1-flash-20260910,deepseek,ponytail,django__django-7530,hermes-events.jsonl,traces/hermes_events.jsonl,True,1080954,5edd83bcfb7a746cbccd38f37082dfba577e39fb7c7e7566c6a45642cb95b448,1288
current_mixed_provider,Current · V4 via Relace; V4.1 via DeepSeek,10__v4-1-flash__ponytail__django__django-7530__r1,benchmark-results/deepseek-v4-v41-relace-deepseek-seed-260924/runs/10__v4-1-flash__ponytail__django__django-7530__r1,10,deepseek/deepseek-v4.1-flash-20260910,deepseek,ponytail,django__django-7530,lifecycle-events.jsonl,traces/lifecycle_events.jsonl,True,1844,14bd11b73c925b79c9fb8aa622e64ef6883556ebb2b2040c31da4031e7f819ef,4
current_mixed_provider,Current · V4 via Relace; V4.1 via DeepSeek,10__v4-1-flash__ponytail__django__django-7530__r1,benchmark-results/deepseek-v4-v41-relace-deepseek-seed-260924/runs/10__v4-1-flash__ponytail__django__django-7530__r1,10,deepseek/deepseek-v4.1-flash-20260910,deepseek,ponytail,django__django-7530,hermes-session.trace.jsonl,traces/hermes_session_trace.jsonl,True,751062,f29502bb6c6b8c75ed97f7d74e563763356e7a7fcc88970f189b31de809ddeb3,643
current_mixed_provider,Current · V4 via Relace; V4.1 via DeepSeek,10__v4-1-flash__ponytail__django__django-7530__r1,benchmark-results/deepseek-v4-v41-relace-deepseek-seed-260924/runs/10__v4-1-flash__ponytail__django__django-7530__r1,10,deepseek/deepseek-v4.1-flash-20260910,deepseek,ponytail,django__django-7530,hermes-session.jsonl,traces/hermes_session_records.jsonl,True,956161,4ab097b9728f5bb0e8661ab749160249f4a29b345ffcb1da5621bfe354622794,1
current_mixed_provider,Current · V4 via Relace; V4.1 via DeepSeek,10__v4-1-flash__ponytail__django__django-7530__r1,benchmark-results/deepseek-v4-v41-relace-deepseek-seed-260924/runs/10__v4-1-flash__ponytail__django__django-7530__r1,10,deepseek/deepseek-v4.1-flash-20260910,deepseek,ponytail,django__django-7530,hermes-session.json,traces/hermes_session_records.jsonl,True,1122553,af498dff13c81722843794ce878b2045a683f27a4ee0015855e87ff50897cf36,1
current_mixed_provider,Current · V4 via Relace; V4.1 via DeepSeek,10__v4-1-flash__ponytail__django__django-7530__r1,benchmark-results/deepseek-v4-v41-relace-deepseek-seed-260924/runs/10__v4-1-flash__ponytail__django__django-7530__r1,10,deepseek/deepseek-v4.1-flash-20260910,deepseek,ponytail,django__django-7530,usage.json,traces/usage_records.jsonl,True,955,54047de43413ac205902b62b3100c95d3cedac545ed5fd89ac5445c89887d3d4,1
current_mixed_provider,Current · V4 via Relace; V4.1 via DeepSeek,10__v4-1-flash__ponytail__django__django-7530__r1,benchmark-results/deepseek-v4-v41-relace-deepseek-seed-260924/runs/10__v4-1-flash__ponytail__django__django-7530__r1,10,deepseek/deepseek-v4.1-flash-20260910,deepseek,ponytail,django__django-7530,timing-summary.json,traces/timing_summaries.jsonl,True,1490,ff7413723c3a2ccc3f7ff8dcbd0a1a99e52bd4a3ce064c24295f85034cb74ec7,1
current_mixed_provider,Current · V4 via Relace; V4.1 via DeepSeek,10__v4-1-flash__ponytail__django__django-7530__r1,benchmark-results/deepseek-v4-v41-relace-deepseek-seed-260924/runs/10__v4-1-flash__ponytail__django__django-7530__r1,10,deepseek/deepseek-v4.1-flash-20260910,deepseek,ponytail,django__django-7530,treatment-evidence.json,traces/treatment_evidence.jsonl,True,1952,11e5a1f884c13cf35f7480fac105af746d810790fcf908fb5ceaeff190c5d085,1
current_mixed_provider,Current · V4 via Relace; V4.1 via DeepSeek,10__v4-1-flash__ponytail__django__django-7530__r1,benchmark-results/deepseek-v4-v41-relace-deepseek-seed-260924/runs/10__v4-1-flash__ponytail__django__django-7530__r1,10,deepseek/deepseek-v4.1-flash-20260910,deepseek,ponytail,django__django-7530,model.patch,traces/model_patches.jsonl,True,770,c3590a0b092cad2ea4afcdcc8d6cc004836bba6dd3ad4855d5607781d09b8737,1
current_mixed_provider,Current · V4 via Relace; V4.1 via DeepSeek,11__v4-1-flash__ponytail__django__django-16662__r1,benchmark-results/deepseek-v4-v41-relace-deepseek-seed-260924/runs/11__v4-1-flash__ponytail__django__django-16662__r1,11,deepseek/deepseek-v4.1-flash-20260910,deepseek,ponytail,django__django-16662,api-events.jsonl,traces/api_events.jsonl,True,52800,7b30324733bbd68cb7bb107faf33fd6d278d6c72828d5382082b8b00814b3067,44
current_mixed_provider,Current · V4 via Relace; V4.1 via DeepSeek,11__v4-1-flash__ponytail__django__django-16662__r1,benchmark-results/deepseek-v4-v41-relace-deepseek-seed-260924/runs/11__v4-1-flash__ponytail__django__django-16662__r1,11,deepseek/deepseek-v4.1-flash-20260910,deepseek,ponytail,django__django-16662,tool-events.jsonl,traces/tool_events.jsonl,True,21348,d8c11e7ed75f7049cee05431f8a53898b55ac91aaa5fdc29a5625f4eb0e6bb61,44
current_mixed_provider,Current · V4 via Relace; V4.1 via DeepSeek,11__v4-1-flash__ponytail__django__django-16662__r1,benchmark-results/deepseek-v4-v41-relace-deepseek-seed-260924/runs/11__v4-1-flash__ponytail__django__django-16662__r1,11,deepseek/deepseek-v4.1-flash-20260910,deepseek,ponytail,django__django-16662,hermes-events.jsonl,traces/hermes_events.jsonl,True,75992,302c79603a31973bb5fd57f2e1a69729d9cca6666c6dc9ce744cb58645854759,92
current_mixed_provider,Current · V4 via Relace; V4.1 via DeepSeek,11__v4-1-flash__ponytail__django__django-16662__r1,benchmark-results/deepseek-v4-v41-relace-deepseek-seed-260924/runs/11__v4-1-flash__ponytail__django__django-16662__r1,11,deepseek/deepseek-v4.1-flash-20260910,deepseek,ponytail,django__django-16662,lifecycle-events.jsonl,traces/lifecycle_events.jsonl,True,1844,989a66ff093527a103e9b3589debdfc18bcec66f3454037c3330e4d9bef7443f,4
current_mixed_provider,Current · V4 via Relace; V4.1 via DeepSeek,11__v4-1-flash__ponytail__django__django-16662__r1,benchmark-results/deepseek-v4-v41-relace-deepseek-seed-260924/runs/11__v4-1-flash__ponytail__django__django-16662__r1,11,deepseek/deepseek-v4.1-flash-20260910,deepseek,ponytail,django__django-16662,hermes-session.trace.jsonl,traces/hermes_session_trace.jsonl,True,45291,cc2eaa50feb5a90b89b769f7759c314b004eb1a277e8374b5e324a1848cc766d,45
current_mixed_provider,Current · V4 via Relace; V4.1 via DeepSeek,11__v4-1-flash__ponytail__django__django-16662__r1,benchmark-results/deepseek-v4-v41-relace-deepseek-seed-260924/runs/11__v4-1-flash__ponytail__django__django-16662__r1,11,deepseek/deepseek-v4.1-flash-20260910,deepseek,ponytail,django__django-16662,hermes-session.jsonl,traces/hermes_session_records.jsonl,True,79021,83017e82220f8f8a81facc01e7ea9f10d6d1b227cef2406ccd8f87a70a8b62a7,1
current_mixed_provider,Current · V4 via Relace; V4.1 via DeepSeek,11__v4-1-flash__ponytail__django__django-16662__r1,benchmark-results/deepseek-v4-v41-relace-deepseek-seed-260924/runs/11__v4-1-flash__ponytail__django__django-16662__r1,11,deepseek/deepseek-v4.1-flash-20260910,deepseek,ponytail,django__django-16662,hermes-session.json,traces/hermes_session_records.jsonl,True,90745,0cb0e32fbecff2db17343eb22ad39371a226a22134679addd694de45d97d350a,1
current_mixed_provider,Current · V4 via Relace; V4.1 via DeepSeek,11__v4-1-flash__ponytail__django__django-16662__r1,benchmark-results/deepseek-v4-v41-relace-deepseek-seed-260924/runs/11__v4-1-flash__ponytail__django__django-16662__r1,11,deepseek/deepseek-v4.1-flash-20260910,deepseek,ponytail,django__django-16662,usage.json,traces/usage_records.jsonl,True,965,86fb29284864c1071ce4b2eddb27d716380cf25251d92fc9090a8128fd2c4db1,1
current_mixed_provider,Current · V4 via Relace; V4.1 via DeepSeek,11__v4-1-flash__ponytail__django__django-16662__r1,benchmark-results/deepseek-v4-v41-relace-deepseek-seed-260924/runs/11__v4-1-flash__ponytail__django__django-16662__r1,11,deepseek/deepseek-v4.1-flash-20260910,deepseek,ponytail,django__django-16662,timing-summary.json,traces/timing_summaries.jsonl,True,1393,46b0696e4e30c93739ede5118d2761ac7c958e7b7c3a36682f214b296cb4e048,1
current_mixed_provider,Current · V4 via Relace; V4.1 via DeepSeek,11__v4-1-flash__ponytail__django__django-16662__r1,benchmark-results/deepseek-v4-v41-relace-deepseek-seed-260924/runs/11__v4-1-flash__ponytail__django__django-16662__r1,11,deepseek/deepseek-v4.1-flash-20260910,deepseek,ponytail,django__django-16662,treatment-evidence.json,traces/treatment_evidence.jsonl,True,1952,11e5a1f884c13cf35f7480fac105af746d810790fcf908fb5ceaeff190c5d085,1
current_mixed_provider,Current · V4 via Relace; V4.1 via DeepSeek,11__v4-1-flash__ponytail__django__django-16662__r1,benchmark-results/deepseek-v4-v41-relace-deepseek-seed-260924/runs/11__v4-1-flash__ponytail__django__django-16662__r1,11,deepseek/deepseek-v4.1-flash-20260910,deepseek,ponytail,django__django-16662,model.patch,traces/model_patches.jsonl,True,763,41d0d99d49c6bca3e79b000baf1f0179f38f59515df5f24d4209e04be8a0bb06,1
current_mixed_provider,Current · V4 via Relace; V4.1 via DeepSeek,12__v4-1-flash__baseline__pytest-dev__pytest-7571__r1,benchmark-results/deepseek-v4-v41-relace-deepseek-seed-260924/runs/12__v4-1-flash__baseline__pytest-dev__pytest-7571__r1,12,deepseek/deepseek-v4.1-flash-20260910,deepseek,baseline,pytest-dev__pytest-7571,api-events.jsonl,traces/api_events.jsonl,True,122542,4a24704c30a2fc5c527dc2187a412f89335c153157c49bb3ba11344afb33c65f,102
current_mixed_provider,Current · V4 via Relace; V4.1 via DeepSeek,12__v4-1-flash__baseline__pytest-dev__pytest-7571__r1,benchmark-results/deepseek-v4-v41-relace-deepseek-seed-260924/runs/12__v4-1-flash__baseline__pytest-dev__pytest-7571__r1,12,deepseek/deepseek-v4.1-flash-20260910,deepseek,baseline,pytest-dev__pytest-7571,tool-events.jsonl,traces/tool_events.jsonl,True,54758,598c793fc87624c097f74ef0fca4e81da8c13bac80fa26c7070575c0595ce897,113
current_mixed_provider,Current · V4 via Relace; V4.1 via DeepSeek,12__v4-1-flash__baseline__pytest-dev__pytest-7571__r1,benchmark-results/deepseek-v4-v41-relace-deepseek-seed-260924/runs/12__v4-1-flash__baseline__pytest-dev__pytest-7571__r1,12,deepseek/deepseek-v4.1-flash-20260910,deepseek,baseline,pytest-dev__pytest-7571,hermes-events.jsonl,traces/hermes_events.jsonl,True,179143,d7437bbc169dc9a0ee554c4187fba0488617d409cb47c523913fa67548ede721,219
current_mixed_provider,Current · V4 via Relace; V4.1 via DeepSeek,12__v4-1-flash__baseline__pytest-dev__pytest-7571__r1,benchmark-results/deepseek-v4-v41-relace-deepseek-seed-260924/runs/12__v4-1-flash__baseline__pytest-dev__pytest-7571__r1,12,deepseek/deepseek-v4.1-flash-20260910,deepseek,baseline,pytest-dev__pytest-7571,lifecycle-events.jsonl,traces/lifecycle_events.jsonl,True,1843,5dfeda56607fa2d5fc1d0d5d0e2e428149841573971b340b3ee37eb745b804ec,4
current_mixed_provider,Current · V4 via Relace; V4.1 via DeepSeek,12__v4-1-flash__baseline__pytest-dev__pytest-7571__r1,benchmark-results/deepseek-v4-v41-relace-deepseek-seed-260924/runs/12__v4-1-flash__baseline__pytest-dev__pytest-7571__r1,12,deepseek/deepseek-v4.1-flash-20260910,deepseek,baseline,pytest-dev__pytest-7571,hermes-session.trace.jsonl,traces/hermes_session_trace.jsonl,True,130348,709fd3fcdadf4cff5795e4ca15384d4ebbed694bc1306098a7433f2881827fb8,109
current_mixed_provider,Current · V4 via Relace; V4.1 via DeepSeek,12__v4-1-flash__baseline__pytest-dev__pytest-7571__r1,benchmark-results/deepseek-v4-v41-relace-deepseek-seed-260924/runs/12__v4-1-flash__baseline__pytest-dev__pytest-7571__r1,12,deepseek/deepseek-v4.1-flash-20260910,deepseek,baseline,pytest-dev__pytest-7571,hermes-session.jsonl,traces/hermes_session_records.jsonl,True,175346,233815d9bfd1a57521fe63f911edc404ae63afd7b5e2e14b70621799c7879481,1
current_mixed_provider,Current · V4 via Relace; V4.1 via DeepSeek,12__v4-1-flash__baseline__pytest-dev__pytest-7571__r1,benchmark-results/deepseek-v4-v41-relace-deepseek-seed-260924/runs/12__v4-1-flash__baseline__pytest-dev__pytest-7571__r1,12,deepseek/deepseek-v4.1-flash-20260910,deepseek,baseline,pytest-dev__pytest-7571,hermes-session.json,traces/hermes_session_records.jsonl,True,203870,e703597d975c7e8d3132916ead1da53c1d03fe5d62d0a2683b86dd81643943d5,1
current_mixed_provider,Current · V4 via Relace; V4.1 via DeepSeek,12__v4-1-flash__baseline__pytest-dev__pytest-7571__r1,benchmark-results/deepseek-v4-v41-relace-deepseek-seed-260924/runs/12__v4-1-flash__baseline__pytest-dev__pytest-7571__r1,12,deepseek/deepseek-v4.1-flash-20260910,deepseek,baseline,pytest-dev__pytest-7571,usage.json,traces/usage_records.jsonl,True,966,645be56ceffe641fdd02768e4a22df5db8c379942bfa768f31faa8a0d38456c4,1
current_mixed_provider,Current · V4 via Relace; V4.1 via DeepSeek,12__v4-1-flash__baseline__pytest-dev__pytest-7571__r1,benchmark-results/deepseek-v4-v41-relace-deepseek-seed-260924/runs/12__v4-1-flash__baseline__pytest-dev__pytest-7571__r1,12,deepseek/deepseek-v4.1-flash-20260910,deepseek,baseline,pytest-dev__pytest-7571,timing-summary.json,traces/timing_summaries.jsonl,True,1646,3751f10e6b8ba196bc626a9c3ec07e4cd300d3b34f77fdbaa310cd03e76be799,1
current_mixed_provider,Current · V4 via Relace; V4.1 via DeepSeek,12__v4-1-flash__baseline__pytest-dev__pytest-7571__r1,benchmark-results/deepseek-v4-v41-relace-deepseek-seed-260924/runs/12__v4-1-flash__baseline__pytest-dev__pytest-7571__r1,12,deepseek/deepseek-v4.1-flash-20260910,deepseek,baseline,pytest-dev__pytest-7571,treatment-evidence.json,traces/treatment_evidence.jsonl,True,1218,2a3dd269ce4d884333e7765e03ade3f05d49465a3c691d14f8fdccdd193b34e1,1
current_mixed_provider,Current · V4 via Relace; V4.1 via DeepSeek,12__v4-1-flash__baseline__pytest-dev__pytest-7571__r1,benchmark-results/deepseek-v4-v41-relace-deepseek-seed-260924/runs/12__v4-1-flash__baseline__pytest-dev__pytest-7571__r1,12,deepseek/deepseek-v4.1-flash-20260910,deepseek,baseline,pytest-dev__pytest-7571,model.patch,traces/model_patches.jsonl,True,2567,8cc4487b88d56d500851722b2771322cd3a430be76e173c8c662b41d76e9a2b7,1
current_mixed_provider,Current · V4 via Relace; V4.1 via DeepSeek,13__v4-1-flash__caveman_ponytail__django__django-7530__r1,benchmark-results/deepseek-v4-v41-relace-deepseek-seed-260924/runs/13__v4-1-flash__caveman_ponytail__django__django-7530__r1,13,deepseek/deepseek-v4.1-flash-20260910,deepseek,caveman_ponytail,django__django-7530,api-events.jsonl,traces/api_events.jsonl,True,956998,d0ea9853bdcddaaeb44a2461ff4d342c7bd0abb0f8649d172c72d3b3fbdfabce,794
current_mixed_provider,Current · V4 via Relace; V4.1 via DeepSeek,13__v4-1-flash__caveman_ponytail__django__django-7530__r1,benchmark-results/deepseek-v4-v41-relace-deepseek-seed-260924/runs/13__v4-1-flash__caveman_ponytail__django__django-7530__r1,13,deepseek/deepseek-v4.1-flash-20260910,deepseek,caveman_ponytail,django__django-7530,tool-events.jsonl,traces/tool_events.jsonl,True,394427,ee36ab8e0f3c16b374bfb060eb7972dc3ba6767186a53921d15193f849ca78d5,816
current_mixed_provider,Current · V4 via Relace; V4.1 via DeepSeek,13__v4-1-flash__caveman_ponytail__django__django-7530__r1,benchmark-results/deepseek-v4-v41-relace-deepseek-seed-260924/runs/13__v4-1-flash__caveman_ponytail__django__django-7530__r1,13,deepseek/deepseek-v4.1-flash-20260910,deepseek,caveman_ponytail,django__django-7530,hermes-events.jsonl,traces/hermes_events.jsonl,True,1353768,f25623b15a60470648356b8f2fd2f0f2ac7098558964f44b24d7f0ad5371c7dd,1615
current_mixed_provider,Current · V4 via Relace; V4.1 via DeepSeek,13__v4-1-flash__caveman_ponytail__django__django-7530__r1,benchmark-results/deepseek-v4-v41-relace-deepseek-seed-260924/runs/13__v4-1-flash__caveman_ponytail__django__django-7530__r1,13,deepseek/deepseek-v4.1-flash-20260910,deepseek,caveman_ponytail,django__django-7530,lifecycle-events.jsonl,traces/lifecycle_events.jsonl,True,2343,29e1b50910ff4079cc6d8d426b37bdc2e515d9222b333c42acd21f38e77e8abb,5
current_mixed_provider,Current · V4 via Relace; V4.1 via DeepSeek,13__v4-1-flash__caveman_ponytail__django__django-7530__r1,benchmark-results/deepseek-v4-v41-relace-deepseek-seed-260924/runs/13__v4-1-flash__caveman_ponytail__django__django-7530__r1,13,deepseek/deepseek-v4.1-flash-20260910,deepseek,caveman_ponytail,django__django-7530,hermes-session.trace.jsonl,traces/hermes_session_trace.jsonl,True,961128,5b71373c456db78d5712d5096ceffd04d617d960112130374039fc8a6d835299,799
current_mixed_provider,Current · V4 via Relace; V4.1 via DeepSeek,13__v4-1-flash__caveman_ponytail__django__django-7530__r1,benchmark-results/deepseek-v4-v41-relace-deepseek-seed-260924/runs/13__v4-1-flash__caveman_ponytail__django__django-7530__r1,13,deepseek/deepseek-v4.1-flash-20260910,deepseek,caveman_ponytail,django__django-7530,hermes-session.jsonl,traces/hermes_session_records.jsonl,True,1210092,8c626897096a04988ff6b64b43b0cd940e7aaea65302611f2ddf4cb8a7f40eb8,1
current_mixed_provider,Current · V4 via Relace; V4.1 via DeepSeek,13__v4-1-flash__caveman_ponytail__django__django-7530__r1,benchmark-results/deepseek-v4-v41-relace-deepseek-seed-260924/runs/13__v4-1-flash__caveman_ponytail__django__django-7530__r1,13,deepseek/deepseek-v4.1-flash-20260910,deepseek,caveman_ponytail,django__django-7530,hermes-session.json,traces/hermes_session_records.jsonl,True,1416540,aa27faa525012997bca87bb346c37fa6a5d2cc2ab991ab9716437b0243a3c2aa,1
current_mixed_provider,Current · V4 via Relace; V4.1 via DeepSeek,13__v4-1-flash__caveman_ponytail__django__django-7530__r1,benchmark-results/deepseek-v4-v41-relace-deepseek-seed-260924/runs/13__v4-1-flash__caveman_ponytail__django__django-7530__r1,13,deepseek/deepseek-v4.1-flash-20260910,deepseek,caveman_ponytail,django__django-7530,usage.json,traces/usage_records.jsonl,True,971,f57f9a82cba84d2ca6d1a5cbdb14462af55e430e47f316525397dcfc692239fc,1
current_mixed_provider,Current · V4 via Relace; V4.1 via DeepSeek,13__v4-1-flash__caveman_ponytail__django__django-7530__r1,benchmark-results/deepseek-v4-v41-relace-deepseek-seed-260924/runs/13__v4-1-flash__caveman_ponytail__django__django-7530__r1,13,deepseek/deepseek-v4.1-flash-20260910,deepseek,caveman_ponytail,django__django-7530,timing-summary.json,traces/timing_summaries.jsonl,True,1796,b540d0e0ba44f2cab6551646cd82b982a83b780a0957fe3713051774ad85ca87,1
current_mixed_provider,Current · V4 via Relace; V4.1 via DeepSeek,13__v4-1-flash__caveman_ponytail__django__django-7530__r1,benchmark-results/deepseek-v4-v41-relace-deepseek-seed-260924/runs/13__v4-1-flash__caveman_ponytail__django__django-7530__r1,13,deepseek/deepseek-v4.1-flash-20260910,deepseek,caveman_ponytail,django__django-7530,treatment-evidence.json,traces/treatment_evidence.jsonl,True,2009,f2001f866ff603da7f0e872869001ccf37b56d7a78a21f22eace50953eb57b32,1
current_mixed_provider,Current · V4 via Relace; V4.1 via DeepSeek,13__v4-1-flash__caveman_ponytail__django__django-7530__r1,benchmark-results/deepseek-v4-v41-relace-deepseek-seed-260924/runs/13__v4-1-flash__caveman_ponytail__django__django-7530__r1,13,deepseek/deepseek-v4.1-flash-20260910,deepseek,caveman_ponytail,django__django-7530,model.patch,traces/model_patches.jsonl,True,2275,ddd01e1f37e395d8ada0d4e668c0fb727a000d121d22f0b4abd84bfd35412b8b,1
current_mixed_provider,Current · V4 via Relace; V4.1 via DeepSeek,14__v4-1-flash__caveman_ponytail__pytest-dev__pytest-7571__r1,benchmark-results/deepseek-v4-v41-relace-deepseek-seed-260924/runs/14__v4-1-flash__caveman_ponytail__pytest-dev__pytest-7571__r1,14,deepseek/deepseek-v4.1-flash-20260910,deepseek,caveman_ponytail,pytest-dev__pytest-7571,api-events.jsonl,traces/api_events.jsonl,True,300701,304a52f238101690ae5f79ac9b2b3af396bebe45eb996cf05b57f29740bacac0,250
current_mixed_provider,Current · V4 via Relace; V4.1 via DeepSeek,14__v4-1-flash__caveman_ponytail__pytest-dev__pytest-7571__r1,benchmark-results/deepseek-v4-v41-relace-deepseek-seed-260924/runs/14__v4-1-flash__caveman_ponytail__pytest-dev__pytest-7571__r1,14,deepseek/deepseek-v4.1-flash-20260910,deepseek,caveman_ponytail,pytest-dev__pytest-7571,tool-events.jsonl,traces/tool_events.jsonl,True,121297,ae543c4d5cc6dcf044678ec5079013c429a4d4e4f8997a6402f5a41f1d75c3f5,250
current_mixed_provider,Current · V4 via Relace; V4.1 via DeepSeek,14__v4-1-flash__caveman_ponytail__pytest-dev__pytest-7571__r1,benchmark-results/deepseek-v4-v41-relace-deepseek-seed-260924/runs/14__v4-1-flash__caveman_ponytail__pytest-dev__pytest-7571__r1,14,deepseek/deepseek-v4.1-flash-20260910,deepseek,caveman_ponytail,pytest-dev__pytest-7571,hermes-events.jsonl,traces/hermes_events.jsonl,True,424340,142308dd93575a3c490b71640724af159d422228f9683815d1fae6774dbe2883,505
current_mixed_provider,Current · V4 via Relace; V4.1 via DeepSeek,14__v4-1-flash__caveman_ponytail__pytest-dev__pytest-7571__r1,benchmark-results/deepseek-v4-v41-relace-deepseek-seed-260924/runs/14__v4-1-flash__caveman_ponytail__pytest-dev__pytest-7571__r1,14,deepseek/deepseek-v4.1-flash-20260910,deepseek,caveman_ponytail,pytest-dev__pytest-7571,lifecycle-events.jsonl,traces/lifecycle_events.jsonl,True,2342,d70c8be8666e8fd8dfa235ef7794034ea5122778d1f54dc9e44e1cb259c35337,5
current_mixed_provider,Current · V4 via Relace; V4.1 via DeepSeek,14__v4-1-flash__caveman_ponytail__pytest-dev__pytest-7571__r1,benchmark-results/deepseek-v4-v41-relace-deepseek-seed-260924/runs/14__v4-1-flash__caveman_ponytail__pytest-dev__pytest-7571__r1,14,deepseek/deepseek-v4.1-flash-20260910,deepseek,caveman_ponytail,pytest-dev__pytest-7571,hermes-session.trace.jsonl,traces/hermes_session_trace.jsonl,True,279916,4a03074d44bfea0a317dac29af6eceb769c318eed70c3048300a25812fcdb916,251
current_mixed_provider,Current · V4 via Relace; V4.1 via DeepSeek,14__v4-1-flash__caveman_ponytail__pytest-dev__pytest-7571__r1,benchmark-results/deepseek-v4-v41-relace-deepseek-seed-260924/runs/14__v4-1-flash__caveman_ponytail__pytest-dev__pytest-7571__r1,14,deepseek/deepseek-v4.1-flash-20260910,deepseek,caveman_ponytail,pytest-dev__pytest-7571,hermes-session.jsonl,traces/hermes_session_records.jsonl,True,371135,15354c576c3ce8027faecea2675a5b9b4aa3aa25c1ab2cb39bc1a2aaaa3743d6,1
current_mixed_provider,Current · V4 via Relace; V4.1 via DeepSeek,14__v4-1-flash__caveman_ponytail__pytest-dev__pytest-7571__r1,benchmark-results/deepseek-v4-v41-relace-deepseek-seed-260924/runs/14__v4-1-flash__caveman_ponytail__pytest-dev__pytest-7571__r1,14,deepseek/deepseek-v4.1-flash-20260910,deepseek,caveman_ponytail,pytest-dev__pytest-7571,hermes-session.json,traces/hermes_session_records.jsonl,True,436007,892ab4971cc9f9890886ebadcf1d0212040025a146c00af01156b531ea8ee840,1
current_mixed_provider,Current · V4 via Relace; V4.1 via DeepSeek,14__v4-1-flash__caveman_ponytail__pytest-dev__pytest-7571__r1,benchmark-results/deepseek-v4-v41-relace-deepseek-seed-260924/runs/14__v4-1-flash__caveman_ponytail__pytest-dev__pytest-7571__r1,14,deepseek/deepseek-v4.1-flash-20260910,deepseek,caveman_ponytail,pytest-dev__pytest-7571,usage.json,traces/usage_records.jsonl,True,969,6442da3acfb4cef3143f08d5ea407184e2907eb0434c89f02a173ad581ee3df4,1
current_mixed_provider,Current · V4 via Relace; V4.1 via DeepSeek,14__v4-1-flash__caveman_ponytail__pytest-dev__pytest-7571__r1,benchmark-results/deepseek-v4-v41-relace-deepseek-seed-260924/runs/14__v4-1-flash__caveman_ponytail__pytest-dev__pytest-7571__r1,14,deepseek/deepseek-v4.1-flash-20260910,deepseek,caveman_ponytail,pytest-dev__pytest-7571,timing-summary.json,traces/timing_summaries.jsonl,True,1583,33661e7b781f9d422631323d2e44e6a342f6acbce35879af90754e0d3a03bbbb,1
current_mixed_provider,Current · V4 via Relace; V4.1 via DeepSeek,14__v4-1-flash__caveman_ponytail__pytest-dev__pytest-7571__r1,benchmark-results/deepseek-v4-v41-relace-deepseek-seed-260924/runs/14__v4-1-flash__caveman_ponytail__pytest-dev__pytest-7571__r1,14,deepseek/deepseek-v4.1-flash-20260910,deepseek,caveman_ponytail,pytest-dev__pytest-7571,treatment-evidence.json,traces/treatment_evidence.jsonl,True,2009,f2001f866ff603da7f0e872869001ccf37b56d7a78a21f22eace50953eb57b32,1
current_mixed_provider,Current · V4 via Relace; V4.1 via DeepSeek,14__v4-1-flash__caveman_ponytail__pytest-dev__pytest-7571__r1,benchmark-results/deepseek-v4-v41-relace-deepseek-seed-260924/runs/14__v4-1-flash__caveman_ponytail__pytest-dev__pytest-7571__r1,14,deepseek/deepseek-v4.1-flash-20260910,deepseek,caveman_ponytail,pytest-dev__pytest-7571,model.patch,traces/model_patches.jsonl,True,2267,d94032e37e02160ab5d07507532ec8b38409a25bfbaf0562700a8e28caba5c20,1
current_mixed_provider,Current · V4 via Relace; V4.1 via DeepSeek,15__v4-1-flash__ponytail__django__django-13516__r1,benchmark-results/deepseek-v4-v41-relace-deepseek-seed-260924/runs/15__v4-1-flash__ponytail__django__django-13516__r1,15,deepseek/deepseek-v4.1-flash-20260910,deepseek,ponytail,django__django-13516,api-events.jsonl,traces/api_events.jsonl,True,117696,187a3145c5d3f8cf19715c13693ac2e5fd2c620535d7172a557a15542a2facb5,98
current_mixed_provider,Current · V4 via Relace; V4.1 via DeepSeek,15__v4-1-flash__ponytail__django__django-13516__r1,benchmark-results/deepseek-v4-v41-relace-deepseek-seed-260924/runs/15__v4-1-flash__ponytail__django__django-13516__r1,15,deepseek/deepseek-v4.1-flash-20260910,deepseek,ponytail,django__django-13516,tool-events.jsonl,traces/tool_events.jsonl,True,58766,57d62e6635790ec1769d966cd0597f6d1ac320c1cd484db3ad6b244f218f4548,124
current_mixed_provider,Current · V4 via Relace; V4.1 via DeepSeek,15__v4-1-flash__ponytail__django__django-13516__r1,benchmark-results/deepseek-v4-v41-relace-deepseek-seed-260924/runs/15__v4-1-flash__ponytail__django__django-13516__r1,15,deepseek/deepseek-v4.1-flash-20260910,deepseek,ponytail,django__django-13516,hermes-events.jsonl,traces/hermes_events.jsonl,True,178306,d5c18aa71ed06dde78bf6cb3c6fc13e9fcbd964bcd36958d247d3a29420ca40b,226
current_mixed_provider,Current · V4 via Relace; V4.1 via DeepSeek,15__v4-1-flash__ponytail__django__django-13516__r1,benchmark-results/deepseek-v4-v41-relace-deepseek-seed-260924/runs/15__v4-1-flash__ponytail__django__django-13516__r1,15,deepseek/deepseek-v4.1-flash-20260910,deepseek,ponytail,django__django-13516,lifecycle-events.jsonl,traces/lifecycle_events.jsonl,True,1844,d9db5890471fa12335be5ff8ee0860a408f5d0053881c37f2066f7ac596fea53,4
current_mixed_provider,Current · V4 via Relace; V4.1 via DeepSeek,15__v4-1-flash__ponytail__django__django-13516__r1,benchmark-results/deepseek-v4-v41-relace-deepseek-seed-260924/runs/15__v4-1-flash__ponytail__django__django-13516__r1,15,deepseek/deepseek-v4.1-flash-20260910,deepseek,ponytail,django__django-13516,hermes-session.trace.jsonl,traces/hermes_session_trace.jsonl,True,115488,ee262055f82523856717124baf221a7ea0a0c9d5f17c3a4dfd415314cb510ffc,104
current_mixed_provider,Current · V4 via Relace; V4.1 via DeepSeek,15__v4-1-flash__ponytail__django__django-13516__r1,benchmark-results/deepseek-v4-v41-relace-deepseek-seed-260924/runs/15__v4-1-flash__ponytail__django__django-13516__r1,15,deepseek/deepseek-v4.1-flash-20260910,deepseek,ponytail,django__django-13516,hermes-session.jsonl,traces/hermes_session_records.jsonl,True,165845,2ab777a94f93d73bec7984b08fd683489864bb74636d00e8c6f7588a46a67561,1
current_mixed_provider,Current · V4 via Relace; V4.1 via DeepSeek,15__v4-1-flash__ponytail__django__django-13516__r1,benchmark-results/deepseek-v4-v41-relace-deepseek-seed-260924/runs/15__v4-1-flash__ponytail__django__django-13516__r1,15,deepseek/deepseek-v4.1-flash-20260910,deepseek,ponytail,django__django-13516,hermes-session.json,traces/hermes_session_records.jsonl,True,193031,35c5341a0aa5f19dc11a2c3c1c44e03a38271d0b6432c00dee2dbed1943aaf61,1
current_mixed_provider,Current · V4 via Relace; V4.1 via DeepSeek,15__v4-1-flash__ponytail__django__django-13516__r1,benchmark-results/deepseek-v4-v41-relace-deepseek-seed-260924/runs/15__v4-1-flash__ponytail__django__django-13516__r1,15,deepseek/deepseek-v4.1-flash-20260910,deepseek,ponytail,django__django-13516,usage.json,traces/usage_records.jsonl,True,966,dbead85a20d7ab779303b0769e6d1e122dae764c2a074975ebbf113dbe6a2679,1
current_mixed_provider,Current · V4 via Relace; V4.1 via DeepSeek,15__v4-1-flash__ponytail__django__django-13516__r1,benchmark-results/deepseek-v4-v41-relace-deepseek-seed-260924/runs/15__v4-1-flash__ponytail__django__django-13516__r1,15,deepseek/deepseek-v4.1-flash-20260910,deepseek,ponytail,django__django-13516,timing-summary.json,traces/timing_summaries.jsonl,True,1571,6dc1fb8536a3c94c27c86c2c4db1fd10c9057c613494f4478749b6e63277035b,1
current_mixed_provider,Current · V4 via Relace; V4.1 via DeepSeek,15__v4-1-flash__ponytail__django__django-13516__r1,benchmark-results/deepseek-v4-v41-relace-deepseek-seed-260924/runs/15__v4-1-flash__ponytail__django__django-13516__r1,15,deepseek/deepseek-v4.1-flash-20260910,deepseek,ponytail,django__django-13516,treatment-evidence.json,traces/treatment_evidence.jsonl,True,1952,11e5a1f884c13cf35f7480fac105af746d810790fcf908fb5ceaeff190c5d085,1
current_mixed_provider,Current · V4 via Relace; V4.1 via DeepSeek,15__v4-1-flash__ponytail__django__django-13516__r1,benchmark-results/deepseek-v4-v41-relace-deepseek-seed-260924/runs/15__v4-1-flash__ponytail__django__django-13516__r1,15,deepseek/deepseek-v4.1-flash-20260910,deepseek,ponytail,django__django-13516,model.patch,traces/model_patches.jsonl,True,593,9bf71e90211af95e770eacde83221e93d9791c35d74bb72efb616885060559af,1
current_mixed_provider,Current · V4 via Relace; V4.1 via DeepSeek,16__v4-1-flash__caveman__django__django-13516__r1,benchmark-results/deepseek-v4-v41-relace-deepseek-seed-260924/runs/16__v4-1-flash__caveman__django__django-13516__r1,16,deepseek/deepseek-v4.1-flash-20260910,deepseek,caveman,django__django-13516,api-events.jsonl,traces/api_events.jsonl,True,110480,f45aed96e1c6a617bf843ab6fbc0bfbe18ebd2af4d06e0956917679706b420e9,92
current_mixed_provider,Current · V4 via Relace; V4.1 via DeepSeek,16__v4-1-flash__caveman__django__django-13516__r1,benchmark-results/deepseek-v4-v41-relace-deepseek-seed-260924/runs/16__v4-1-flash__caveman__django__django-13516__r1,16,deepseek/deepseek-v4.1-flash-20260910,deepseek,caveman,django__django-13516,tool-events.jsonl,traces/tool_events.jsonl,True,44617,17bb7e28c840d0f6de047ad458039db4be46ff109d2c5cb5465df96af3d307b1,92
current_mixed_provider,Current · V4 via Relace; V4.1 via DeepSeek,16__v4-1-flash__caveman__django__django-13516__r1,benchmark-results/deepseek-v4-v41-relace-deepseek-seed-260924/runs/16__v4-1-flash__caveman__django__django-13516__r1,16,deepseek/deepseek-v4.1-flash-20260910,deepseek,caveman,django__django-13516,hermes-events.jsonl,traces/hermes_events.jsonl,True,157440,e9999837d8c89f2b13320b8bb00b355688e32c6142f3fd8022c43b9570d6288c,189
current_mixed_provider,Current · V4 via Relace; V4.1 via DeepSeek,16__v4-1-flash__caveman__django__django-13516__r1,benchmark-results/deepseek-v4-v41-relace-deepseek-seed-260924/runs/16__v4-1-flash__caveman__django__django-13516__r1,16,deepseek/deepseek-v4.1-flash-20260910,deepseek,caveman,django__django-13516,lifecycle-events.jsonl,traces/lifecycle_events.jsonl,True,2343,39ca41ffe3e416eda2ebfeabd000422aa77651c740f9184f1ac188eebf5ccac6,5
current_mixed_provider,Current · V4 via Relace; V4.1 via DeepSeek,16__v4-1-flash__caveman__django__django-13516__r1,benchmark-results/deepseek-v4-v41-relace-deepseek-seed-260924/runs/16__v4-1-flash__caveman__django__django-13516__r1,16,deepseek/deepseek-v4.1-flash-20260910,deepseek,caveman,django__django-13516,hermes-session.trace.jsonl,traces/hermes_session_trace.jsonl,True,105720,78384966bf646e0c24d41e25adb81f1765613e1609982066f0e03d936445fdfb,93
current_mixed_provider,Current · V4 via Relace; V4.1 via DeepSeek,16__v4-1-flash__caveman__django__django-13516__r1,benchmark-results/deepseek-v4-v41-relace-deepseek-seed-260924/runs/16__v4-1-flash__caveman__django__django-13516__r1,16,deepseek/deepseek-v4.1-flash-20260910,deepseek,caveman,django__django-13516,hermes-session.jsonl,traces/hermes_session_records.jsonl,True,145592,a83d645d4293f7347f3a8432a42cffbad7ac0bcea2362c2931c90a3f6cb220b9,1
current_mixed_provider,Current · V4 via Relace; V4.1 via DeepSeek,16__v4-1-flash__caveman__django__django-13516__r1,benchmark-results/deepseek-v4-v41-relace-deepseek-seed-260924/runs/16__v4-1-flash__caveman__django__django-13516__r1,16,deepseek/deepseek-v4.1-flash-20260910,deepseek,caveman,django__django-13516,hermes-session.json,traces/hermes_session_records.jsonl,True,169700,19f28723ccae157da02c29e7d1943d1ed906dda1cfd418f539acdc83566119b7,1
current_mixed_provider,Current · V4 via Relace; V4.1 via DeepSeek,16__v4-1-flash__caveman__django__django-13516__r1,benchmark-results/deepseek-v4-v41-relace-deepseek-seed-260924/runs/16__v4-1-flash__caveman__django__django-13516__r1,16,deepseek/deepseek-v4.1-flash-20260910,deepseek,caveman,django__django-13516,usage.json,traces/usage_records.jsonl,True,947,28446f2c895f8782e25dff094d52a995f60826724cbb255c0e69a6a0f53e852a,1
current_mixed_provider,Current · V4 via Relace; V4.1 via DeepSeek,16__v4-1-flash__caveman__django__django-13516__r1,benchmark-results/deepseek-v4-v41-relace-deepseek-seed-260924/runs/16__v4-1-flash__caveman__django__django-13516__r1,16,deepseek/deepseek-v4.1-flash-20260910,deepseek,caveman,django__django-13516,timing-summary.json,traces/timing_summaries.jsonl,True,1429,c60364eb8a9fb98f022a7ea9db0fa6eaca2558ce1255f5ab91cf40629b0005b1,1
current_mixed_provider,Current · V4 via Relace; V4.1 via DeepSeek,16__v4-1-flash__caveman__django__django-13516__r1,benchmark-results/deepseek-v4-v41-relace-deepseek-seed-260924/runs/16__v4-1-flash__caveman__django__django-13516__r1,16,deepseek/deepseek-v4.1-flash-20260910,deepseek,caveman,django__django-13516,treatment-evidence.json,traces/treatment_evidence.jsonl,True,1266,426f8667fb14a7a35b9f490e5169f92db62620430d785b29f5dd8bb8e430197c,1
current_mixed_provider,Current · V4 via Relace; V4.1 via DeepSeek,16__v4-1-flash__caveman__django__django-13516__r1,benchmark-results/deepseek-v4-v41-relace-deepseek-seed-260924/runs/16__v4-1-flash__caveman__django__django-13516__r1,16,deepseek/deepseek-v4.1-flash-20260910,deepseek,caveman,django__django-13516,model.patch,traces/model_patches.jsonl,True,501,3975e5271caf55f91eaae185cb93dad178c6fd7c864233ea615dc6afb95593f5,1
current_mixed_provider,Current · V4 via Relace; V4.1 via DeepSeek,17__v4-flash-0731__caveman__django__django-16662__r1,benchmark-results/deepseek-v4-v41-relace-deepseek-seed-260924/runs/17__v4-flash-0731__caveman__django__django-16662__r1,17,deepseek/deepseek-v4-flash-0731,relace,caveman,django__django-16662,api-events.jsonl,traces/api_events.jsonl,True,81376,7e4c17763a279db0c6641e3d504c2b3d09971af32ae287a19192d4f49444a992,68
current_mixed_provider,Current · V4 via Relace; V4.1 via DeepSeek,17__v4-flash-0731__caveman__django__django-16662__r1,benchmark-results/deepseek-v4-v41-relace-deepseek-seed-260924/runs/17__v4-flash-0731__caveman__django__django-16662__r1,17,deepseek/deepseek-v4-flash-0731,relace,caveman,django__django-16662,tool-events.jsonl,traces/tool_events.jsonl,True,31844,99c9e64f3c6f934235b9921d9b3ce16194d4f6e6cf095761d234c277554a93d4,66
current_mixed_provider,Current · V4 via Relace; V4.1 via DeepSeek,17__v4-flash-0731__caveman__django__django-16662__r1,benchmark-results/deepseek-v4-v41-relace-deepseek-seed-260924/runs/17__v4-flash-0731__caveman__django__django-16662__r1,17,deepseek/deepseek-v4-flash-0731,relace,caveman,django__django-16662,hermes-events.jsonl,traces/hermes_events.jsonl,True,115538,ca86e4ea950ad7559f23c3b55004e547974f1bd00fc76778c6575e7591d09fdd,139
current_mixed_provider,Current · V4 via Relace; V4.1 via DeepSeek,17__v4-flash-0731__caveman__django__django-16662__r1,benchmark-results/deepseek-v4-v41-relace-deepseek-seed-260924/runs/17__v4-flash-0731__caveman__django__django-16662__r1,17,deepseek/deepseek-v4-flash-0731,relace,caveman,django__django-16662,lifecycle-events.jsonl,traces/lifecycle_events.jsonl,True,2318,f047934e011a7af5980e78421d4a651a05120a8523ad87b241c709bf334b2f68,5
current_mixed_provider,Current · V4 via Relace; V4.1 via DeepSeek,17__v4-flash-0731__caveman__django__django-16662__r1,benchmark-results/deepseek-v4-v41-relace-deepseek-seed-260924/runs/17__v4-flash-0731__caveman__django__django-16662__r1,17,deepseek/deepseek-v4-flash-0731,relace,caveman,django__django-16662,hermes-session.trace.jsonl,traces/hermes_session_trace.jsonl,True,85211,f6eae05980dba43c6199a35290a9335f9008f08d88933c5e6c907944271b85de,68
current_mixed_provider,Current · V4 via Relace; V4.1 via DeepSeek,17__v4-flash-0731__caveman__django__django-16662__r1,benchmark-results/deepseek-v4-v41-relace-deepseek-seed-260924/runs/17__v4-flash-0731__caveman__django__django-16662__r1,17,deepseek/deepseek-v4-flash-0731,relace,caveman,django__django-16662,hermes-session.jsonl,traces/hermes_session_records.jsonl,True,118317,71c55a006e51b02483aae964b21b7b09462e3aec89b8fa36374d364c07d98cbd,1
current_mixed_provider,Current · V4 via Relace; V4.1 via DeepSeek,17__v4-flash-0731__caveman__django__django-16662__r1,benchmark-results/deepseek-v4-v41-relace-deepseek-seed-260924/runs/17__v4-flash-0731__caveman__django__django-16662__r1,17,deepseek/deepseek-v4-flash-0731,relace,caveman,django__django-16662,hermes-session.json,traces/hermes_session_records.jsonl,True,135927,c16ecaa70bc583ada7a208fb67993be1cc53324def4ef997a542cb5efc6d2644,1
current_mixed_provider,Current · V4 via Relace; V4.1 via DeepSeek,17__v4-flash-0731__caveman__django__django-16662__r1,benchmark-results/deepseek-v4-v41-relace-deepseek-seed-260924/runs/17__v4-flash-0731__caveman__django__django-16662__r1,17,deepseek/deepseek-v4-flash-0731,relace,caveman,django__django-16662,usage.json,traces/usage_records.jsonl,True,957,f511e5139c93af0d21a1aec6befc4b6e22ae5ce6d2e15b21a8393dc5d4d9b976,1
current_mixed_provider,Current · V4 via Relace; V4.1 via DeepSeek,17__v4-flash-0731__caveman__django__django-16662__r1,benchmark-results/deepseek-v4-v41-relace-deepseek-seed-260924/runs/17__v4-flash-0731__caveman__django__django-16662__r1,17,deepseek/deepseek-v4-flash-0731,relace,caveman,django__django-16662,timing-summary.json,traces/timing_summaries.jsonl,True,1496,6daedaa0008d4fcc65a1c6e6edb5357bbcb558a209761a021ea4a9c703df1f6a,1
current_mixed_provider,Current · V4 via Relace; V4.1 via DeepSeek,17__v4-flash-0731__caveman__django__django-16662__r1,benchmark-results/deepseek-v4-v41-relace-deepseek-seed-260924/runs/17__v4-flash-0731__caveman__django__django-16662__r1,17,deepseek/deepseek-v4-flash-0731,relace,caveman,django__django-16662,treatment-evidence.json,traces/treatment_evidence.jsonl,True,1248,cf083e54533158004f13046c2fea5039f37aecb18035be860fc2920089b1cf4c,1
current_mixed_provider,Current · V4 via Relace; V4.1 via DeepSeek,17__v4-flash-0731__caveman__django__django-16662__r1,benchmark-results/deepseek-v4-v41-relace-deepseek-seed-260924/runs/17__v4-flash-0731__caveman__django__django-16662__r1,17,deepseek/deepseek-v4-flash-0731,relace,caveman,django__django-16662,model.patch,traces/model_patches.jsonl,True,964,d6908a12396e58998c05e55141c09bff05fc79c13658cbdeb7b387f4c99814aa,1
current_mixed_provider,Current · V4 via Relace; V4.1 via DeepSeek,18__v4-1-flash__baseline__django__django-7530__r1,benchmark-results/deepseek-v4-v41-relace-deepseek-seed-260924/runs/18__v4-1-flash__baseline__django__django-7530__r1,18,deepseek/deepseek-v4.1-flash-20260910,deepseek,baseline,django__django-7530,api-events.jsonl,traces/api_events.jsonl,True,225992,f684160ae5e433ea940fdcd6c7f72c620aede7fdeec3a2a61013e31f4bbb92e5,188
current_mixed_provider,Current · V4 via Relace; V4.1 via DeepSeek,18__v4-1-flash__baseline__django__django-7530__r1,benchmark-results/deepseek-v4-v41-relace-deepseek-seed-260924/runs/18__v4-1-flash__baseline__django__django-7530__r1,18,deepseek/deepseek-v4.1-flash-20260910,deepseek,baseline,django__django-7530,tool-events.jsonl,traces/tool_events.jsonl,True,92188,a53c97a082489b770267118e126fd1fef2bf9845e77a4a85711a268493e2e2e7,190
current_mixed_provider,Current · V4 via Relace; V4.1 via DeepSeek,18__v4-1-flash__baseline__django__django-7530__r1,benchmark-results/deepseek-v4-v41-relace-deepseek-seed-260924/runs/18__v4-1-flash__baseline__django__django-7530__r1,18,deepseek/deepseek-v4.1-flash-20260910,deepseek,baseline,django__django-7530,hermes-events.jsonl,traces/hermes_events.jsonl,True,320023,9bc3fba36200e9153cdb77f77e0b3728c6d5b526d6544f633848ffbb95bb3e72,382
current_mixed_provider,Current · V4 via Relace; V4.1 via DeepSeek,18__v4-1-flash__baseline__django__django-7530__r1,benchmark-results/deepseek-v4-v41-relace-deepseek-seed-260924/runs/18__v4-1-flash__baseline__django__django-7530__r1,18,deepseek/deepseek-v4.1-flash-20260910,deepseek,baseline,django__django-7530,lifecycle-events.jsonl,traces/lifecycle_events.jsonl,True,1843,b27de81df0f063add367f10b8b63f893c6f120ded66d9bcd9a2b3a4ed04c28cd,4
current_mixed_provider,Current · V4 via Relace; V4.1 via DeepSeek,18__v4-1-flash__baseline__django__django-7530__r1,benchmark-results/deepseek-v4-v41-relace-deepseek-seed-260924/runs/18__v4-1-flash__baseline__django__django-7530__r1,18,deepseek/deepseek-v4.1-flash-20260910,deepseek,baseline,django__django-7530,hermes-session.trace.jsonl,traces/hermes_session_trace.jsonl,True,254676,b762d7fcc9de8ad170997e083530272c79053807b5323985bf3037c68a8d4772,190
current_mixed_provider,Current · V4 via Relace; V4.1 via DeepSeek,18__v4-1-flash__baseline__django__django-7530__r1,benchmark-results/deepseek-v4-v41-relace-deepseek-seed-260924/runs/18__v4-1-flash__baseline__django__django-7530__r1,18,deepseek/deepseek-v4.1-flash-20260910,deepseek,baseline,django__django-7530,hermes-session.jsonl,traces/hermes_session_records.jsonl,True,322383,815f35cfb57ce8db45b04d48c2949dadd4c5eb807605c0f241ddd84280b6b5b4,1
current_mixed_provider,Current · V4 via Relace; V4.1 via DeepSeek,18__v4-1-flash__baseline__django__django-7530__r1,benchmark-results/deepseek-v4-v41-relace-deepseek-seed-260924/runs/18__v4-1-flash__baseline__django__django-7530__r1,18,deepseek/deepseek-v4.1-flash-20260910,deepseek,baseline,django__django-7530,hermes-session.json,traces/hermes_session_records.jsonl,True,371565,fe7eca6adc4b72de2224ab213bd0cf80de78f7986d36af1f7ebd7f301c35a9f6,1
current_mixed_provider,Current · V4 via Relace; V4.1 via DeepSeek,18__v4-1-flash__baseline__django__django-7530__r1,benchmark-results/deepseek-v4-v41-relace-deepseek-seed-260924/runs/18__v4-1-flash__baseline__django__django-7530__r1,18,deepseek/deepseek-v4.1-flash-20260910,deepseek,baseline,django__django-7530,usage.json,traces/usage_records.jsonl,True,949,58ce447c26b76354532fb9618dc7418ea69378098d1bb950acacb393c25102f0,1
current_mixed_provider,Current · V4 via Relace; V4.1 via DeepSeek,18__v4-1-flash__baseline__django__django-7530__r1,benchmark-results/deepseek-v4-v41-relace-deepseek-seed-260924/runs/18__v4-1-flash__baseline__django__django-7530__r1,18,deepseek/deepseek-v4.1-flash-20260910,deepseek,baseline,django__django-7530,timing-summary.json,traces/timing_summaries.jsonl,True,1554,284726a302e119d2c79e2dbaf68a0d64fcb5d646b2c005476082ce23fe6db756,1
current_mixed_provider,Current · V4 via Relace; V4.1 via DeepSeek,18__v4-1-flash__baseline__django__django-7530__r1,benchmark-results/deepseek-v4-v41-relace-deepseek-seed-260924/runs/18__v4-1-flash__baseline__django__django-7530__r1,18,deepseek/deepseek-v4.1-flash-20260910,deepseek,baseline,django__django-7530,treatment-evidence.json,traces/treatment_evidence.jsonl,True,1218,2a3dd269ce4d884333e7765e03ade3f05d49465a3c691d14f8fdccdd193b34e1,1
current_mixed_provider,Current · V4 via Relace; V4.1 via DeepSeek,18__v4-1-flash__baseline__django__django-7530__r1,benchmark-results/deepseek-v4-v41-relace-deepseek-seed-260924/runs/18__v4-1-flash__baseline__django__django-7530__r1,18,deepseek/deepseek-v4.1-flash-20260910,deepseek,baseline,django__django-7530,model.patch,traces/model_patches.jsonl,True,1858,8578db351ade02b4deae762e13a5d268681d047fa76512095f5a1234e56cc730,1
current_mixed_provider,Current · V4 via Relace; V4.1 via DeepSeek,19__v4-1-flash__ponytail__django__django-15731__r1,benchmark-results/deepseek-v4-v41-relace-deepseek-seed-260924/runs/19__v4-1-flash__ponytail__django__django-15731__r1,19,deepseek/deepseek-v4.1-flash-20260910,deepseek,ponytail,django__django-15731,api-events.jsonl,traces/api_events.jsonl,True,64827,973d99f09a6af9091a837225fe70c1636b64ad28a8dbf326fe283d3c4eccf353,54
current_mixed_provider,Current · V4 via Relace; V4.1 via DeepSeek,19__v4-1-flash__ponytail__django__django-15731__r1,benchmark-results/deepseek-v4-v41-relace-deepseek-seed-260924/runs/19__v4-1-flash__ponytail__django__django-15731__r1,19,deepseek/deepseek-v4.1-flash-20260910,deepseek,ponytail,django__django-15731,tool-events.jsonl,traces/tool_events.jsonl,True,27193,5916b002957b0261e69ee685a79789c526cd24c4c94b301cd5e9bbc94a5853bb,56
current_mixed_provider,Current · V4 via Relace; V4.1 via DeepSeek,19__v4-1-flash__ponytail__django__django-15731__r1,benchmark-results/deepseek-v4-v41-relace-deepseek-seed-260924/runs/19__v4-1-flash__ponytail__django__django-15731__r1,19,deepseek/deepseek-v4.1-flash-20260910,deepseek,ponytail,django__django-15731,hermes-events.jsonl,traces/hermes_events.jsonl,True,93863,419718bf0c2677a9f416f71ccc169865980a1c3f73b76b886776aafdc36898f3,114
current_mixed_provider,Current · V4 via Relace; V4.1 via DeepSeek,19__v4-1-flash__ponytail__django__django-15731__r1,benchmark-results/deepseek-v4-v41-relace-deepseek-seed-260924/runs/19__v4-1-flash__ponytail__django__django-15731__r1,19,deepseek/deepseek-v4.1-flash-20260910,deepseek,ponytail,django__django-15731,lifecycle-events.jsonl,traces/lifecycle_events.jsonl,True,1843,076e6933d2441697faf40bfcb7e83be25238fb0759b7a8a6687b594e6f7eeace,4
current_mixed_provider,Current · V4 via Relace; V4.1 via DeepSeek,19__v4-1-flash__ponytail__django__django-15731__r1,benchmark-results/deepseek-v4-v41-relace-deepseek-seed-260924/runs/19__v4-1-flash__ponytail__django__django-15731__r1,19,deepseek/deepseek-v4.1-flash-20260910,deepseek,ponytail,django__django-15731,hermes-session.trace.jsonl,traces/hermes_session_trace.jsonl,True,63680,acb5734969474e913d4e882ea3eda81ab2159e79711654d6f6727b58d355bbc7,56
current_mixed_provider,Current · V4 via Relace; V4.1 via DeepSeek,19__v4-1-flash__ponytail__django__django-15731__r1,benchmark-results/deepseek-v4-v41-relace-deepseek-seed-260924/runs/19__v4-1-flash__ponytail__django__django-15731__r1,19,deepseek/deepseek-v4.1-flash-20260910,deepseek,ponytail,django__django-15731,hermes-session.jsonl,traces/hermes_session_records.jsonl,True,100785,18b884564a88741b2361820fda46d046bdf3c569cb89a94ac25e40f4df5a42d9,1
current_mixed_provider,Current · V4 via Relace; V4.1 via DeepSeek,19__v4-1-flash__ponytail__django__django-15731__r1,benchmark-results/deepseek-v4-v41-relace-deepseek-seed-260924/runs/19__v4-1-flash__ponytail__django__django-15731__r1,19,deepseek/deepseek-v4.1-flash-20260910,deepseek,ponytail,django__django-15731,hermes-session.json,traces/hermes_session_records.jsonl,True,115395,1e06efc6ca9b838ad9be4da49545ae4610b839fd363f7f9bde4a6ec3f25baaee,1
current_mixed_provider,Current · V4 via Relace; V4.1 via DeepSeek,19__v4-1-flash__ponytail__django__django-15731__r1,benchmark-results/deepseek-v4-v41-relace-deepseek-seed-260924/runs/19__v4-1-flash__ponytail__django__django-15731__r1,19,deepseek/deepseek-v4.1-flash-20260910,deepseek,ponytail,django__django-15731,usage.json,traces/usage_records.jsonl,True,963,a61bcf738fcd9f09ed82b4f12de5c88b4d7f099bcc8e831e0ff602169c6dde6d,1
current_mixed_provider,Current · V4 via Relace; V4.1 via DeepSeek,19__v4-1-flash__ponytail__django__django-15731__r1,benchmark-results/deepseek-v4-v41-relace-deepseek-seed-260924/runs/19__v4-1-flash__ponytail__django__django-15731__r1,19,deepseek/deepseek-v4.1-flash-20260910,deepseek,ponytail,django__django-15731,timing-summary.json,traces/timing_summaries.jsonl,True,1452,788a5d7cf55bc14877c79fa2e1096285009cd160b8918a1d0fbe6866577e0f45,1
current_mixed_provider,Current · V4 via Relace; V4.1 via DeepSeek,19__v4-1-flash__ponytail__django__django-15731__r1,benchmark-results/deepseek-v4-v41-relace-deepseek-seed-260924/runs/19__v4-1-flash__ponytail__django__django-15731__r1,19,deepseek/deepseek-v4.1-flash-20260910,deepseek,ponytail,django__django-15731,treatment-evidence.json,traces/treatment_evidence.jsonl,True,1952,11e5a1f884c13cf35f7480fac105af746d810790fcf908fb5ceaeff190c5d085,1
current_mixed_provider,Current · V4 via Relace; V4.1 via DeepSeek,19__v4-1-flash__ponytail__django__django-15731__r1,benchmark-results/deepseek-v4-v41-relace-deepseek-seed-260924/runs/19__v4-1-flash__ponytail__django__django-15731__r1,19,deepseek/deepseek-v4.1-flash-20260910,deepseek,ponytail,django__django-15731,model.patch,traces/model_patches.jsonl,True,753,bfd19097730b029e06ddcef65439d751ce9028073bcf9b2adacd34bab70031e8,1
current_mixed_provider,Current · V4 via Relace; V4.1 via DeepSeek,20__v4-flash-0731__caveman_ponytail__django__django-15731__r1,benchmark-results/deepseek-v4-v41-relace-deepseek-seed-260924/runs/20__v4-flash-0731__caveman_ponytail__django__django-15731__r1,20,deepseek/deepseek-v4-flash-0731,relace,caveman_ponytail,django__django-15731,api-events.jsonl,traces/api_events.jsonl,True,57422,9a8ee9b1f6733f2ca87ca297b5c5410f7d2a1c1a00103cfd680ae48245a661fc,48
current_mixed_provider,Current · V4 via Relace; V4.1 via DeepSeek,20__v4-flash-0731__caveman_ponytail__django__django-15731__r1,benchmark-results/deepseek-v4-v41-relace-deepseek-seed-260924/runs/20__v4-flash-0731__caveman_ponytail__django__django-15731__r1,20,deepseek/deepseek-v4-flash-0731,relace,caveman_ponytail,django__django-15731,tool-events.jsonl,traces/tool_events.jsonl,True,24095,89d9bdc8912b6863bb3477d08b7a2a40ecdfe5f97341db5b345da40093373243,50
current_mixed_provider,Current · V4 via Relace; V4.1 via DeepSeek,20__v4-flash-0731__caveman_ponytail__django__django-15731__r1,benchmark-results/deepseek-v4-v41-relace-deepseek-seed-260924/runs/20__v4-flash-0731__caveman_ponytail__django__django-15731__r1,20,deepseek/deepseek-v4-flash-0731,relace,caveman_ponytail,django__django-15731,hermes-events.jsonl,traces/hermes_events.jsonl,True,83836,2b7d119ca94aa666f87728f05deb9ab1501094376da3abdda9b48de7756b54f7,103
current_mixed_provider,Current · V4 via Relace; V4.1 via DeepSeek,20__v4-flash-0731__caveman_ponytail__django__django-15731__r1,benchmark-results/deepseek-v4-v41-relace-deepseek-seed-260924/runs/20__v4-flash-0731__caveman_ponytail__django__django-15731__r1,20,deepseek/deepseek-v4-flash-0731,relace,caveman_ponytail,django__django-15731,lifecycle-events.jsonl,traces/lifecycle_events.jsonl,True,2319,8df19e190d3ff5ac891aa0eb8521d7bdfef0998881e109674b49d3259412914d,5
current_mixed_provider,Current · V4 via Relace; V4.1 via DeepSeek,20__v4-flash-0731__caveman_ponytail__django__django-15731__r1,benchmark-results/deepseek-v4-v41-relace-deepseek-seed-260924/runs/20__v4-flash-0731__caveman_ponytail__django__django-15731__r1,20,deepseek/deepseek-v4-flash-0731,relace,caveman_ponytail,django__django-15731,hermes-session.trace.jsonl,traces/hermes_session_trace.jsonl,True,56643,2a8e97667f8809047f99f5ea6d9b5c49a24c8a8b636423fd182774f06f916fb8,50
current_mixed_provider,Current · V4 via Relace; V4.1 via DeepSeek,20__v4-flash-0731__caveman_ponytail__django__django-15731__r1,benchmark-results/deepseek-v4-v41-relace-deepseek-seed-260924/runs/20__v4-flash-0731__caveman_ponytail__django__django-15731__r1,20,deepseek/deepseek-v4-flash-0731,relace,caveman_ponytail,django__django-15731,hermes-session.jsonl,traces/hermes_session_records.jsonl,True,92248,7281ffffa96f9fa16aebaa0fa3f8776e75dcee29a6563fa2f1a6bc19ac59dd26,1
current_mixed_provider,Current · V4 via Relace; V4.1 via DeepSeek,20__v4-flash-0731__caveman_ponytail__django__django-15731__r1,benchmark-results/deepseek-v4-v41-relace-deepseek-seed-260924/runs/20__v4-flash-0731__caveman_ponytail__django__django-15731__r1,20,deepseek/deepseek-v4-flash-0731,relace,caveman_ponytail,django__django-15731,hermes-session.json,traces/hermes_session_records.jsonl,True,105310,db92c3cca4fac844fc5c601f20fdd96f2861d76fa609457145119d86b2ea02bf,1
current_mixed_provider,Current · V4 via Relace; V4.1 via DeepSeek,20__v4-flash-0731__caveman_ponytail__django__django-15731__r1,benchmark-results/deepseek-v4-v41-relace-deepseek-seed-260924/runs/20__v4-flash-0731__caveman_ponytail__django__django-15731__r1,20,deepseek/deepseek-v4-flash-0731,relace,caveman_ponytail,django__django-15731,usage.json,traces/usage_records.jsonl,True,939,7182d65bef3e6d177feb437e94cad22eb8a8cac1863a99e6b0f6e5bb77ada18f,1
current_mixed_provider,Current · V4 via Relace; V4.1 via DeepSeek,20__v4-flash-0731__caveman_ponytail__django__django-15731__r1,benchmark-results/deepseek-v4-v41-relace-deepseek-seed-260924/runs/20__v4-flash-0731__caveman_ponytail__django__django-15731__r1,20,deepseek/deepseek-v4-flash-0731,relace,caveman_ponytail,django__django-15731,timing-summary.json,traces/timing_summaries.jsonl,True,1466,ba2053aadc2a26426c1e2d9e74c2798e76cc03e1df9050cb3a21e9b1900da427,1
current_mixed_provider,Current · V4 via Relace; V4.1 via DeepSeek,20__v4-flash-0731__caveman_ponytail__django__django-15731__r1,benchmark-results/deepseek-v4-v41-relace-deepseek-seed-260924/runs/20__v4-flash-0731__caveman_ponytail__django__django-15731__r1,20,deepseek/deepseek-v4-flash-0731,relace,caveman_ponytail,django__django-15731,treatment-evidence.json,traces/treatment_evidence.jsonl,True,1991,c90b792b92547d421e385c594ab85fe66a18c74a8e19528a5476c0c9bd1edea6,1
current_mixed_provider,Current · V4 via Relace; V4.1 via DeepSeek,20__v4-flash-0731__caveman_ponytail__django__django-15731__r1,benchmark-results/deepseek-v4-v41-relace-deepseek-seed-260924/runs/20__v4-flash-0731__caveman_ponytail__django__django-15731__r1,20,deepseek/deepseek-v4-flash-0731,relace,caveman_ponytail,django__django-15731,model.patch,traces/model_patches.jsonl,True,1565,4fe1359ef4677e90ee8538f64a6e2cfbbf62b097ec0719e51ea5e0b16709b3ee,1
current_mixed_provider,Current · V4 via Relace; V4.1 via DeepSeek,21__v4-1-flash__baseline__django__django-15731__r1,benchmark-results/deepseek-v4-v41-relace-deepseek-seed-260924/runs/21__v4-1-flash__baseline__django__django-15731__r1,21,deepseek/deepseek-v4.1-flash-20260910,deepseek,baseline,django__django-15731,api-events.jsonl,traces/api_events.jsonl,True,60023,34cad06db77efc8239bdefe9ca18bdd816152072599e76d51da0a65179ff0d49,50
current_mixed_provider,Current · V4 via Relace; V4.1 via DeepSeek,21__v4-1-flash__baseline__django__django-15731__r1,benchmark-results/deepseek-v4-v41-relace-deepseek-seed-260924/runs/21__v4-1-flash__baseline__django__django-15731__r1,21,deepseek/deepseek-v4.1-flash-20260910,deepseek,baseline,django__django-15731,tool-events.jsonl,traces/tool_events.jsonl,True,24283,5eb5319fd17324c4c606b0025d850f70aa647faa229784c6aa226cb2416c88e8,50
current_mixed_provider,Current · V4 via Relace; V4.1 via DeepSeek,21__v4-1-flash__baseline__django__django-15731__r1,benchmark-results/deepseek-v4-v41-relace-deepseek-seed-260924/runs/21__v4-1-flash__baseline__django__django-15731__r1,21,deepseek/deepseek-v4.1-flash-20260910,deepseek,baseline,django__django-15731,hermes-events.jsonl,traces/hermes_events.jsonl,True,86149,dbf8c90998cb4426a74290a58d524d052f47a6b30ded40c8f4d4d692ad1328e7,104
current_mixed_provider,Current · V4 via Relace; V4.1 via DeepSeek,21__v4-1-flash__baseline__django__django-15731__r1,benchmark-results/deepseek-v4-v41-relace-deepseek-seed-260924/runs/21__v4-1-flash__baseline__django__django-15731__r1,21,deepseek/deepseek-v4.1-flash-20260910,deepseek,baseline,django__django-15731,lifecycle-events.jsonl,traces/lifecycle_events.jsonl,True,1843,dab370cc3f14a9764a719d73cc42023c9df23ad9b490ae01a46c168da6db7145,4
current_mixed_provider,Current · V4 via Relace; V4.1 via DeepSeek,21__v4-1-flash__baseline__django__django-15731__r1,benchmark-results/deepseek-v4-v41-relace-deepseek-seed-260924/runs/21__v4-1-flash__baseline__django__django-15731__r1,21,deepseek/deepseek-v4.1-flash-20260910,deepseek,baseline,django__django-15731,hermes-session.trace.jsonl,traces/hermes_session_trace.jsonl,True,56393,19788e43d195ef970432807233e15822489afddf4b07ba840927ec24a61e8fc1,51
current_mixed_provider,Current · V4 via Relace; V4.1 via DeepSeek,21__v4-1-flash__baseline__django__django-15731__r1,benchmark-results/deepseek-v4-v41-relace-deepseek-seed-260924/runs/21__v4-1-flash__baseline__django__django-15731__r1,21,deepseek/deepseek-v4.1-flash-20260910,deepseek,baseline,django__django-15731,hermes-session.jsonl,traces/hermes_session_records.jsonl,True,84626,e4b43e6c3d24a2ed6d4ab35b6eec52c3892aef1de601291b4f9ba0b0bd1ba648,1
current_mixed_provider,Current · V4 via Relace; V4.1 via DeepSeek,21__v4-1-flash__baseline__django__django-15731__r1,benchmark-results/deepseek-v4-v41-relace-deepseek-seed-260924/runs/21__v4-1-flash__baseline__django__django-15731__r1,21,deepseek/deepseek-v4.1-flash-20260910,deepseek,baseline,django__django-15731,hermes-session.json,traces/hermes_session_records.jsonl,True,97898,6193c4b27c61d883778bd75d7fcd9bac320ca140dc9216dd17e4c4b552e8ea99,1
current_mixed_provider,Current · V4 via Relace; V4.1 via DeepSeek,21__v4-1-flash__baseline__django__django-15731__r1,benchmark-results/deepseek-v4-v41-relace-deepseek-seed-260924/runs/21__v4-1-flash__baseline__django__django-15731__r1,21,deepseek/deepseek-v4.1-flash-20260910,deepseek,baseline,django__django-15731,usage.json,traces/usage_records.jsonl,True,963,ff4fa53710e431c515a54e9878a6a369acb4903e5ff48bed44e3f4064db4353c,1
current_mixed_provider,Current · V4 via Relace; V4.1 via DeepSeek,21__v4-1-flash__baseline__django__django-15731__r1,benchmark-results/deepseek-v4-v41-relace-deepseek-seed-260924/runs/21__v4-1-flash__baseline__django__django-15731__r1,21,deepseek/deepseek-v4.1-flash-20260910,deepseek,baseline,django__django-15731,timing-summary.json,traces/timing_summaries.jsonl,True,1526,09579c4f1eb63c0a708ccf246ab89268c96ff9b4f0376723c96cc5e5e313d1b0,1
current_mixed_provider,Current · V4 via Relace; V4.1 via DeepSeek,21__v4-1-flash__baseline__django__django-15731__r1,benchmark-results/deepseek-v4-v41-relace-deepseek-seed-260924/runs/21__v4-1-flash__baseline__django__django-15731__r1,21,deepseek/deepseek-v4.1-flash-20260910,deepseek,baseline,django__django-15731,treatment-evidence.json,traces/treatment_evidence.jsonl,True,1218,2a3dd269ce4d884333e7765e03ade3f05d49465a3c691d14f8fdccdd193b34e1,1
current_mixed_provider,Current · V4 via Relace; V4.1 via DeepSeek,21__v4-1-flash__baseline__django__django-15731__r1,benchmark-results/deepseek-v4-v41-relace-deepseek-seed-260924/runs/21__v4-1-flash__baseline__django__django-15731__r1,21,deepseek/deepseek-v4.1-flash-20260910,deepseek,baseline,django__django-15731,model.patch,traces/model_patches.jsonl,True,797,2a56fea7dd82321838b18f3dec71df06255bffcfad87dd3d7153549b44236803,1
current_mixed_provider,Current · V4 via Relace; V4.1 via DeepSeek,22__v4-1-flash__caveman_ponytail__django__django-15731__r1,benchmark-results/deepseek-v4-v41-relace-deepseek-seed-260924/runs/22__v4-1-flash__caveman_ponytail__django__django-15731__r1,22,deepseek/deepseek-v4.1-flash-20260910,deepseek,caveman_ponytail,django__django-15731,api-events.jsonl,traces/api_events.jsonl,True,278986,0ec75388f7271a7a8fc9ebc8a73fed927c847fd5ea0eb11234a4b011582a54a1,232
current_mixed_provider,Current · V4 via Relace; V4.1 via DeepSeek,22__v4-1-flash__caveman_ponytail__django__django-15731__r1,benchmark-results/deepseek-v4-v41-relace-deepseek-seed-260924/runs/22__v4-1-flash__caveman_ponytail__django__django-15731__r1,22,deepseek/deepseek-v4.1-flash-20260910,deepseek,caveman_ponytail,django__django-15731,tool-events.jsonl,traces/tool_events.jsonl,True,115654,fa619919161a5e6d0d0510faf6206e103cd24a37d1756629f226c7e9043635d9,240
current_mixed_provider,Current · V4 via Relace; V4.1 via DeepSeek,22__v4-1-flash__caveman_ponytail__django__django-15731__r1,benchmark-results/deepseek-v4-v41-relace-deepseek-seed-260924/runs/22__v4-1-flash__caveman_ponytail__django__django-15731__r1,22,deepseek/deepseek-v4.1-flash-20260910,deepseek,caveman_ponytail,django__django-15731,hermes-events.jsonl,traces/hermes_events.jsonl,True,396982,1f5c3c49e46ba09bd302ecd79ae0fdb1e4b2884a2772c84cf50b1ae8972d4ff5,477
current_mixed_provider,Current · V4 via Relace; V4.1 via DeepSeek,22__v4-1-flash__caveman_ponytail__django__django-15731__r1,benchmark-results/deepseek-v4-v41-relace-deepseek-seed-260924/runs/22__v4-1-flash__caveman_ponytail__django__django-15731__r1,22,deepseek/deepseek-v4.1-flash-20260910,deepseek,caveman_ponytail,django__django-15731,lifecycle-events.jsonl,traces/lifecycle_events.jsonl,True,2342,816270ac8d6f5294ab6243d8402c961613b2b8d8777f3044bc94665704fe352d,5
current_mixed_provider,Current · V4 via Relace; V4.1 via DeepSeek,22__v4-1-flash__caveman_ponytail__django__django-15731__r1,benchmark-results/deepseek-v4-v41-relace-deepseek-seed-260924/runs/22__v4-1-flash__caveman_ponytail__django__django-15731__r1,22,deepseek/deepseek-v4.1-flash-20260910,deepseek,caveman_ponytail,django__django-15731,hermes-session.trace.jsonl,traces/hermes_session_trace.jsonl,True,284972,3c2f7a3c7209d92449c328c1de6bcd3c026ba0d73405f58bdcd57f3bc0d1d4c4,233
current_mixed_provider,Current · V4 via Relace; V4.1 via DeepSeek,22__v4-1-flash__caveman_ponytail__django__django-15731__r1,benchmark-results/deepseek-v4-v41-relace-deepseek-seed-260924/runs/22__v4-1-flash__caveman_ponytail__django__django-15731__r1,22,deepseek/deepseek-v4.1-flash-20260910,deepseek,caveman_ponytail,django__django-15731,hermes-session.jsonl,traces/hermes_session_records.jsonl,True,374105,10ef545c7a9de2513da3266c1bf8d24821fc7d8072256746442e3ce7c96f314f,1
current_mixed_provider,Current · V4 via Relace; V4.1 via DeepSeek,22__v4-1-flash__caveman_ponytail__django__django-15731__r1,benchmark-results/deepseek-v4-v41-relace-deepseek-seed-260924/runs/22__v4-1-flash__caveman_ponytail__django__django-15731__r1,22,deepseek/deepseek-v4.1-flash-20260910,deepseek,caveman_ponytail,django__django-15731,hermes-session.json,traces/hermes_session_records.jsonl,True,434333,073d0f7fc99420fc3754b1d9ee6bc4f0251e22c877ff3be5fadbbfd15a6e8cb9,1
current_mixed_provider,Current · V4 via Relace; V4.1 via DeepSeek,22__v4-1-flash__caveman_ponytail__django__django-15731__r1,benchmark-results/deepseek-v4-v41-relace-deepseek-seed-260924/runs/22__v4-1-flash__caveman_ponytail__django__django-15731__r1,22,deepseek/deepseek-v4.1-flash-20260910,deepseek,caveman_ponytail,django__django-15731,usage.json,traces/usage_records.jsonl,True,969,05039e0a0bf8711504dc83d1b1e11e1e81779af08f40ef266f55ff25d3a6d2a7,1
current_mixed_provider,Current · V4 via Relace; V4.1 via DeepSeek,22__v4-1-flash__caveman_ponytail__django__django-15731__r1,benchmark-results/deepseek-v4-v41-relace-deepseek-seed-260924/runs/22__v4-1-flash__caveman_ponytail__django__django-15731__r1,22,deepseek/deepseek-v4.1-flash-20260910,deepseek,caveman_ponytail,django__django-15731,timing-summary.json,traces/timing_summaries.jsonl,True,1657,f7aebfb9b9de477f64ca33d3e59b4d3d57d9287bb008f1b2f94c715a658f379c,1
current_mixed_provider,Current · V4 via Relace; V4.1 via DeepSeek,22__v4-1-flash__caveman_ponytail__django__django-15731__r1,benchmark-results/deepseek-v4-v41-relace-deepseek-seed-260924/runs/22__v4-1-flash__caveman_ponytail__django__django-15731__r1,22,deepseek/deepseek-v4.1-flash-20260910,deepseek,caveman_ponytail,django__django-15731,treatment-evidence.json,traces/treatment_evidence.jsonl,True,2009,f2001f866ff603da7f0e872869001ccf37b56d7a78a21f22eace50953eb57b32,1
current_mixed_provider,Current · V4 via Relace; V4.1 via DeepSeek,22__v4-1-flash__caveman_ponytail__django__django-15731__r1,benchmark-results/deepseek-v4-v41-relace-deepseek-seed-260924/runs/22__v4-1-flash__caveman_ponytail__django__django-15731__r1,22,deepseek/deepseek-v4.1-flash-20260910,deepseek,caveman_ponytail,django__django-15731,model.patch,traces/model_patches.jsonl,True,2845,570628316dd11c5dd687f00e1fc2e4a85962c7e6b4b7f5c7e5a02230de65b802,1
current_mixed_provider,Current · V4 via Relace; V4.1 via DeepSeek,23__v4-flash-0731__ponytail__django__django-15731__r1,benchmark-results/deepseek-v4-v41-relace-deepseek-seed-260924/runs/23__v4-flash-0731__ponytail__django__django-15731__r1,23,deepseek/deepseek-v4-flash-0731,relace,ponytail,django__django-15731,api-events.jsonl,traces/api_events.jsonl,True,69397,ccb0765a57a4c612050578fb55f85cd45d54cfda75fc0581e96e4b8c74a47388,58
current_mixed_provider,Current · V4 via Relace; V4.1 via DeepSeek,23__v4-flash-0731__ponytail__django__django-15731__r1,benchmark-results/deepseek-v4-v41-relace-deepseek-seed-260924/runs/23__v4-flash-0731__ponytail__django__django-15731__r1,23,deepseek/deepseek-v4-flash-0731,relace,ponytail,django__django-15731,tool-events.jsonl,traces/tool_events.jsonl,True,26984,041ce22cddf41d26ac241ff3cf5aba0ac39d51a95c712c969405f72dbfd2ebb8,56
current_mixed_provider,Current · V4 via Relace; V4.1 via DeepSeek,23__v4-flash-0731__ponytail__django__django-15731__r1,benchmark-results/deepseek-v4-v41-relace-deepseek-seed-260924/runs/23__v4-flash-0731__ponytail__django__django-15731__r1,23,deepseek/deepseek-v4-flash-0731,relace,ponytail,django__django-15731,hermes-events.jsonl,traces/hermes_events.jsonl,True,98200,495aa69b51114752eb48bd68d0b73f7b4930f2b38c8120a99b3ad48b82cb3b59,118
current_mixed_provider,Current · V4 via Relace; V4.1 via DeepSeek,23__v4-flash-0731__ponytail__django__django-15731__r1,benchmark-results/deepseek-v4-v41-relace-deepseek-seed-260924/runs/23__v4-flash-0731__ponytail__django__django-15731__r1,23,deepseek/deepseek-v4-flash-0731,relace,ponytail,django__django-15731,lifecycle-events.jsonl,traces/lifecycle_events.jsonl,True,1819,ac8bb0b4717aa916ddd9bae480209526bb47e1ceb42a01c427811b4144644817,4
current_mixed_provider,Current · V4 via Relace; V4.1 via DeepSeek,23__v4-flash-0731__ponytail__django__django-15731__r1,benchmark-results/deepseek-v4-v41-relace-deepseek-seed-260924/runs/23__v4-flash-0731__ponytail__django__django-15731__r1,23,deepseek/deepseek-v4-flash-0731,relace,ponytail,django__django-15731,hermes-session.trace.jsonl,traces/hermes_session_trace.jsonl,True,67178,37fda11bb796abee40553fc879ca62c1f67c103a6afcf77e9a517e31c2ad802a,58
current_mixed_provider,Current · V4 via Relace; V4.1 via DeepSeek,23__v4-flash-0731__ponytail__django__django-15731__r1,benchmark-results/deepseek-v4-v41-relace-deepseek-seed-260924/runs/23__v4-flash-0731__ponytail__django__django-15731__r1,23,deepseek/deepseek-v4-flash-0731,relace,ponytail,django__django-15731,hermes-session.jsonl,traces/hermes_session_records.jsonl,True,104703,d9c1e8795b6fbfb4c1b681220bba3f53f18dae1ee814d34200eda2cd336a34bc,1
current_mixed_provider,Current · V4 via Relace; V4.1 via DeepSeek,23__v4-flash-0731__ponytail__django__django-15731__r1,benchmark-results/deepseek-v4-v41-relace-deepseek-seed-260924/runs/23__v4-flash-0731__ponytail__django__django-15731__r1,23,deepseek/deepseek-v4-flash-0731,relace,ponytail,django__django-15731,hermes-session.json,traces/hermes_session_records.jsonl,True,119733,9c31f3ad2dcc5c0017d5ff7d32a8c1dbaa9107ee52181b3dd47880bf257d9d7e,1
current_mixed_provider,Current · V4 via Relace; V4.1 via DeepSeek,23__v4-flash-0731__ponytail__django__django-15731__r1,benchmark-results/deepseek-v4-v41-relace-deepseek-seed-260924/runs/23__v4-flash-0731__ponytail__django__django-15731__r1,23,deepseek/deepseek-v4-flash-0731,relace,ponytail,django__django-15731,usage.json,traces/usage_records.jsonl,True,957,dd2c4f9dcd4e62fafdaceaa30dfecc47e4fab7ef1d4e5e30a5f49825a05540d1,1
current_mixed_provider,Current · V4 via Relace; V4.1 via DeepSeek,23__v4-flash-0731__ponytail__django__django-15731__r1,benchmark-results/deepseek-v4-v41-relace-deepseek-seed-260924/runs/23__v4-flash-0731__ponytail__django__django-15731__r1,23,deepseek/deepseek-v4-flash-0731,relace,ponytail,django__django-15731,timing-summary.json,traces/timing_summaries.jsonl,True,1325,2ecfa9b5e0ab2d3de18e3d2a9b1fe119d6a9ce4675d63a4d61a8b8090aeddde6,1
current_mixed_provider,Current · V4 via Relace; V4.1 via DeepSeek,23__v4-flash-0731__ponytail__django__django-15731__r1,benchmark-results/deepseek-v4-v41-relace-deepseek-seed-260924/runs/23__v4-flash-0731__ponytail__django__django-15731__r1,23,deepseek/deepseek-v4-flash-0731,relace,ponytail,django__django-15731,treatment-evidence.json,traces/treatment_evidence.jsonl,True,1934,39007c2edf5e5577e9364f654af73dad92eb0fc6f1b7c8dd32822b8fc0202689,1
current_mixed_provider,Current · V4 via Relace; V4.1 via DeepSeek,23__v4-flash-0731__ponytail__django__django-15731__r1,benchmark-results/deepseek-v4-v41-relace-deepseek-seed-260924/runs/23__v4-flash-0731__ponytail__django__django-15731__r1,23,deepseek/deepseek-v4-flash-0731,relace,ponytail,django__django-15731,model.patch,traces/model_patches.jsonl,True,753,bfd19097730b029e06ddcef65439d751ce9028073bcf9b2adacd34bab70031e8,1
current_mixed_provider,Current · V4 via Relace; V4.1 via DeepSeek,24__v4-flash-0731__baseline__django__django-15731__r1,benchmark-results/deepseek-v4-v41-relace-deepseek-seed-260924/runs/24__v4-flash-0731__baseline__django__django-15731__r1,24,deepseek/deepseek-v4-flash-0731,relace,baseline,django__django-15731,api-events.jsonl,traces/api_events.jsonl,True,83785,c3ae0e6cbb2615c3de7d1a7de3bd82b2e3c0eebae5bd37b7411dee1fc39cf829,70
current_mixed_provider,Current · V4 via Relace; V4.1 via DeepSeek,24__v4-flash-0731__baseline__django__django-15731__r1,benchmark-results/deepseek-v4-v41-relace-deepseek-seed-260924/runs/24__v4-flash-0731__baseline__django__django-15731__r1,24,deepseek/deepseek-v4-flash-0731,relace,baseline,django__django-15731,tool-events.jsonl,traces/tool_events.jsonl,True,34699,0bf13bb773cd4f6da605c6b7201e5e888e3425b510ac467939828f86d4344df2,72
current_mixed_provider,Current · V4 via Relace; V4.1 via DeepSeek,24__v4-flash-0731__baseline__django__django-15731__r1,benchmark-results/deepseek-v4-v41-relace-deepseek-seed-260924/runs/24__v4-flash-0731__baseline__django__django-15731__r1,24,deepseek/deepseek-v4-flash-0731,relace,baseline,django__django-15731,hermes-events.jsonl,traces/hermes_events.jsonl,True,120304,c6e586f9c2ca2f3c1cbc14e0b640d4947e8e62307365243c8bdd0298eb2ab2a3,146
current_mixed_provider,Current · V4 via Relace; V4.1 via DeepSeek,24__v4-flash-0731__baseline__django__django-15731__r1,benchmark-results/deepseek-v4-v41-relace-deepseek-seed-260924/runs/24__v4-flash-0731__baseline__django__django-15731__r1,24,deepseek/deepseek-v4-flash-0731,relace,baseline,django__django-15731,lifecycle-events.jsonl,traces/lifecycle_events.jsonl,True,1820,2ca72aaefdaf99198c25a8fe0246c0ae044877e8c9d2c89719cdb5cc7fb6271a,4
current_mixed_provider,Current · V4 via Relace; V4.1 via DeepSeek,24__v4-flash-0731__baseline__django__django-15731__r1,benchmark-results/deepseek-v4-v41-relace-deepseek-seed-260924/runs/24__v4-flash-0731__baseline__django__django-15731__r1,24,deepseek/deepseek-v4-flash-0731,relace,baseline,django__django-15731,hermes-session.trace.jsonl,traces/hermes_session_trace.jsonl,True,75701,3d2d20b46e5aa572194a9600dedc5861034f6fe62e3aa29441f32f16a73f6460,73
current_mixed_provider,Current · V4 via Relace; V4.1 via DeepSeek,24__v4-flash-0731__baseline__django__django-15731__r1,benchmark-results/deepseek-v4-v41-relace-deepseek-seed-260924/runs/24__v4-flash-0731__baseline__django__django-15731__r1,24,deepseek/deepseek-v4-flash-0731,relace,baseline,django__django-15731,hermes-session.jsonl,traces/hermes_session_records.jsonl,True,110434,0f8de4a46bdb418845fd11c60bbd32276d4ec45c16dbf8ac40c55d8dd54edaa8,1
current_mixed_provider,Current · V4 via Relace; V4.1 via DeepSeek,24__v4-flash-0731__baseline__django__django-15731__r1,benchmark-results/deepseek-v4-v41-relace-deepseek-seed-260924/runs/24__v4-flash-0731__baseline__django__django-15731__r1,24,deepseek/deepseek-v4-flash-0731,relace,baseline,django__django-15731,hermes-session.json,traces/hermes_session_records.jsonl,True,129478,b5ed8d36e4968bf3dd299d228c6068f3171acc5027b5dad22f0629212c6dc8ef,1
current_mixed_provider,Current · V4 via Relace; V4.1 via DeepSeek,24__v4-flash-0731__baseline__django__django-15731__r1,benchmark-results/deepseek-v4-v41-relace-deepseek-seed-260924/runs/24__v4-flash-0731__baseline__django__django-15731__r1,24,deepseek/deepseek-v4-flash-0731,relace,baseline,django__django-15731,usage.json,traces/usage_records.jsonl,True,957,45620593b058da5c22eef9f04cac14d7bcf63738eed45254a5f683aed39a6d37,1
current_mixed_provider,Current · V4 via Relace; V4.1 via DeepSeek,24__v4-flash-0731__baseline__django__django-15731__r1,benchmark-results/deepseek-v4-v41-relace-deepseek-seed-260924/runs/24__v4-flash-0731__baseline__django__django-15731__r1,24,deepseek/deepseek-v4-flash-0731,relace,baseline,django__django-15731,timing-summary.json,traces/timing_summaries.jsonl,True,1475,e4d923f67d7e56465c568f18c7a7451cfd7aff3e1d32c14d6fb1b0649078dd41,1
current_mixed_provider,Current · V4 via Relace; V4.1 via DeepSeek,24__v4-flash-0731__baseline__django__django-15731__r1,benchmark-results/deepseek-v4-v41-relace-deepseek-seed-260924/runs/24__v4-flash-0731__baseline__django__django-15731__r1,24,deepseek/deepseek-v4-flash-0731,relace,baseline,django__django-15731,treatment-evidence.json,traces/treatment_evidence.jsonl,True,1200,96027b4f5f324c81450e089cb467b12ef98d1e7c1025d218458cca7202879c78,1
current_mixed_provider,Current · V4 via Relace; V4.1 via DeepSeek,24__v4-flash-0731__baseline__django__django-15731__r1,benchmark-results/deepseek-v4-v41-relace-deepseek-seed-260924/runs/24__v4-flash-0731__baseline__django__django-15731__r1,24,deepseek/deepseek-v4-flash-0731,relace,baseline,django__django-15731,model.patch,traces/model_patches.jsonl,True,797,2a56fea7dd82321838b18f3dec71df06255bffcfad87dd3d7153549b44236803,1
current_mixed_provider,Current · V4 via Relace; V4.1 via DeepSeek,25__v4-1-flash__caveman__django__django-7530__r1,benchmark-results/deepseek-v4-v41-relace-deepseek-seed-260924/runs/25__v4-1-flash__caveman__django__django-7530__r1,25,deepseek/deepseek-v4.1-flash-20260910,deepseek,caveman,django__django-7530,api-events.jsonl,traces/api_events.jsonl,True,819673,2a097238776194efcb8d9353da9924330dfbae2de4eacbc82f134673b6d2e760,680
current_mixed_provider,Current · V4 via Relace; V4.1 via DeepSeek,25__v4-1-flash__caveman__django__django-7530__r1,benchmark-results/deepseek-v4-v41-relace-deepseek-seed-260924/runs/25__v4-1-flash__caveman__django__django-7530__r1,25,deepseek/deepseek-v4.1-flash-20260910,deepseek,caveman,django__django-7530,tool-events.jsonl,traces/tool_events.jsonl,True,338679,564cdf63f8222b6ccebf6957440a8e9c1f9890999ef0843a84f5d32236abdeb1,698
current_mixed_provider,Current · V4 via Relace; V4.1 via DeepSeek,25__v4-1-flash__caveman__django__django-7530__r1,benchmark-results/deepseek-v4-v41-relace-deepseek-seed-260924/runs/25__v4-1-flash__caveman__django__django-7530__r1,25,deepseek/deepseek-v4.1-flash-20260910,deepseek,caveman,django__django-7530,hermes-events.jsonl,traces/hermes_events.jsonl,True,1160693,ba5d57cf8666ce7f65b681c7bd29fffb17adea76f447c4aa403b5b2f1d61e14a,1383
current_mixed_provider,Current · V4 via Relace; V4.1 via DeepSeek,25__v4-1-flash__caveman__django__django-7530__r1,benchmark-results/deepseek-v4-v41-relace-deepseek-seed-260924/runs/25__v4-1-flash__caveman__django__django-7530__r1,25,deepseek/deepseek-v4.1-flash-20260910,deepseek,caveman,django__django-7530,lifecycle-events.jsonl,traces/lifecycle_events.jsonl,True,2341,037aa63049606837ef9ae9ce1a6b50c2a9aea69de7f628ae5a1f1921d1592dff,5
current_mixed_provider,Current · V4 via Relace; V4.1 via DeepSeek,25__v4-1-flash__caveman__django__django-7530__r1,benchmark-results/deepseek-v4-v41-relace-deepseek-seed-260924/runs/25__v4-1-flash__caveman__django__django-7530__r1,25,deepseek/deepseek-v4.1-flash-20260910,deepseek,caveman,django__django-7530,hermes-session.trace.jsonl,traces/hermes_session_trace.jsonl,True,912959,aac26caecd0bf1b45ad7a333947f0a1b187066642f8500f9bf881108236c9148,691
current_mixed_provider,Current · V4 via Relace; V4.1 via DeepSeek,25__v4-1-flash__caveman__django__django-7530__r1,benchmark-results/deepseek-v4-v41-relace-deepseek-seed-260924/runs/25__v4-1-flash__caveman__django__django-7530__r1,25,deepseek/deepseek-v4.1-flash-20260910,deepseek,caveman,django__django-7530,hermes-session.jsonl,traces/hermes_session_records.jsonl,True,1121429,eabfae08eae18ced0daaf6867ab691c19170598fcbc3d4aeb4bc7e98e61a2c3c,1
current_mixed_provider,Current · V4 via Relace; V4.1 via DeepSeek,25__v4-1-flash__caveman__django__django-7530__r1,benchmark-results/deepseek-v4-v41-relace-deepseek-seed-260924/runs/25__v4-1-flash__caveman__django__django-7530__r1,25,deepseek/deepseek-v4.1-flash-20260910,deepseek,caveman,django__django-7530,hermes-session.json,traces/hermes_session_records.jsonl,True,1300301,14c7176f226f38ad6e6dc257a0bb8e41b059faa26cb9d866dad93a0a3d5c0133,1
current_mixed_provider,Current · V4 via Relace; V4.1 via DeepSeek,25__v4-1-flash__caveman__django__django-7530__r1,benchmark-results/deepseek-v4-v41-relace-deepseek-seed-260924/runs/25__v4-1-flash__caveman__django__django-7530__r1,25,deepseek/deepseek-v4.1-flash-20260910,deepseek,caveman,django__django-7530,usage.json,traces/usage_records.jsonl,True,971,732539912de9b8c78be4dad4da1997b95f015c632a82249495ea570d7e9f298a,1
current_mixed_provider,Current · V4 via Relace; V4.1 via DeepSeek,25__v4-1-flash__caveman__django__django-7530__r1,benchmark-results/deepseek-v4-v41-relace-deepseek-seed-260924/runs/25__v4-1-flash__caveman__django__django-7530__r1,25,deepseek/deepseek-v4.1-flash-20260910,deepseek,caveman,django__django-7530,timing-summary.json,traces/timing_summaries.jsonl,True,1640,70400c2d80e0d1143ec2d4d5302d533dd001e9073608dea68c535e954be3ea5c,1
current_mixed_provider,Current · V4 via Relace; V4.1 via DeepSeek,25__v4-1-flash__caveman__django__django-7530__r1,benchmark-results/deepseek-v4-v41-relace-deepseek-seed-260924/runs/25__v4-1-flash__caveman__django__django-7530__r1,25,deepseek/deepseek-v4.1-flash-20260910,deepseek,caveman,django__django-7530,treatment-evidence.json,traces/treatment_evidence.jsonl,True,1266,426f8667fb14a7a35b9f490e5169f92db62620430d785b29f5dd8bb8e430197c,1
current_mixed_provider,Current · V4 via Relace; V4.1 via DeepSeek,25__v4-1-flash__caveman__django__django-7530__r1,benchmark-results/deepseek-v4-v41-relace-deepseek-seed-260924/runs/25__v4-1-flash__caveman__django__django-7530__r1,25,deepseek/deepseek-v4.1-flash-20260910,deepseek,caveman,django__django-7530,model.patch,traces/model_patches.jsonl,True,1519,2e85f90a561d1a58ae0bcf51b0b3bf7634f88ae9d5952686ae7b59184a73ac21,1
current_mixed_provider,Current · V4 via Relace; V4.1 via DeepSeek,26__v4-flash-0731__baseline__django__django-13516__r1,benchmark-results/deepseek-v4-v41-relace-deepseek-seed-260924/runs/26__v4-flash-0731__baseline__django__django-13516__r1,26,deepseek/deepseek-v4-flash-0731,relace,baseline,django__django-13516,api-events.jsonl,traces/api_events.jsonl,True,141296,fcae7d78f61b806310fef6426c8ea8df0a341a400b26f29218623cca92aeecad,118
current_mixed_provider,Current · V4 via Relace; V4.1 via DeepSeek,26__v4-flash-0731__baseline__django__django-13516__r1,benchmark-results/deepseek-v4-v41-relace-deepseek-seed-260924/runs/26__v4-flash-0731__baseline__django__django-13516__r1,26,deepseek/deepseek-v4-flash-0731,relace,baseline,django__django-13516,tool-events.jsonl,traces/tool_events.jsonl,True,55894,66745a09c71a587726fd526982584062f9c99c92d7b74946affad636e100af38,116
current_mixed_provider,Current · V4 via Relace; V4.1 via DeepSeek,26__v4-flash-0731__baseline__django__django-13516__r1,benchmark-results/deepseek-v4-v41-relace-deepseek-seed-260924/runs/26__v4-flash-0731__baseline__django__django-13516__r1,26,deepseek/deepseek-v4-flash-0731,relace,baseline,django__django-13516,hermes-events.jsonl,traces/hermes_events.jsonl,True,199009,a6c069c6fdca39989431cd827c6ad0c9c1188fb95809c3df286cc8bfbedea9aa,238
current_mixed_provider,Current · V4 via Relace; V4.1 via DeepSeek,26__v4-flash-0731__baseline__django__django-13516__r1,benchmark-results/deepseek-v4-v41-relace-deepseek-seed-260924/runs/26__v4-flash-0731__baseline__django__django-13516__r1,26,deepseek/deepseek-v4-flash-0731,relace,baseline,django__django-13516,lifecycle-events.jsonl,traces/lifecycle_events.jsonl,True,1819,7b95c98bd26e2e6078955919edf23ee68ea8756e640d12930980fe2afb178c6a,4
current_mixed_provider,Current · V4 via Relace; V4.1 via DeepSeek,26__v4-flash-0731__baseline__django__django-13516__r1,benchmark-results/deepseek-v4-v41-relace-deepseek-seed-260924/runs/26__v4-flash-0731__baseline__django__django-13516__r1,26,deepseek/deepseek-v4-flash-0731,relace,baseline,django__django-13516,hermes-session.trace.jsonl,traces/hermes_session_trace.jsonl,True,166790,9695f2beabd8730360a441c3e35e48f5eefef0073657da0762490e0f085b45f7,118
current_mixed_provider,Current · V4 via Relace; V4.1 via DeepSeek,26__v4-flash-0731__baseline__django__django-13516__r1,benchmark-results/deepseek-v4-v41-relace-deepseek-seed-260924/runs/26__v4-flash-0731__baseline__django__django-13516__r1,26,deepseek/deepseek-v4-flash-0731,relace,baseline,django__django-13516,hermes-session.jsonl,traces/hermes_session_records.jsonl,True,213715,a8a54ba36d5fb81f163589011bd681927a2b120490c01c72d6776f876d4875ca,1
current_mixed_provider,Current · V4 via Relace; V4.1 via DeepSeek,26__v4-flash-0731__baseline__django__django-13516__r1,benchmark-results/deepseek-v4-v41-relace-deepseek-seed-260924/runs/26__v4-flash-0731__baseline__django__django-13516__r1,26,deepseek/deepseek-v4-flash-0731,relace,baseline,django__django-13516,hermes-session.json,traces/hermes_session_records.jsonl,True,244225,05d5baefce9feadc55b3e4d1af95c4d08b435ebc852c6648a9693ca577ad9bbe,1
current_mixed_provider,Current · V4 via Relace; V4.1 via DeepSeek,26__v4-flash-0731__baseline__django__django-13516__r1,benchmark-results/deepseek-v4-v41-relace-deepseek-seed-260924/runs/26__v4-flash-0731__baseline__django__django-13516__r1,26,deepseek/deepseek-v4-flash-0731,relace,baseline,django__django-13516,usage.json,traces/usage_records.jsonl,True,959,1e5f539b3509a94e93b5349140d7087bae0afc0ca461d02e94064ed82ea655ed,1
current_mixed_provider,Current · V4 via Relace; V4.1 via DeepSeek,26__v4-flash-0731__baseline__django__django-13516__r1,benchmark-results/deepseek-v4-v41-relace-deepseek-seed-260924/runs/26__v4-flash-0731__baseline__django__django-13516__r1,26,deepseek/deepseek-v4-flash-0731,relace,baseline,django__django-13516,timing-summary.json,traces/timing_summaries.jsonl,True,1410,43cbf92b18d6df7fc68830bcdb740ccb4f9027eb9374d14e3e3b1ef65019741c,1
current_mixed_provider,Current · V4 via Relace; V4.1 via DeepSeek,26__v4-flash-0731__baseline__django__django-13516__r1,benchmark-results/deepseek-v4-v41-relace-deepseek-seed-260924/runs/26__v4-flash-0731__baseline__django__django-13516__r1,26,deepseek/deepseek-v4-flash-0731,relace,baseline,django__django-13516,treatment-evidence.json,traces/treatment_evidence.jsonl,True,1200,96027b4f5f324c81450e089cb467b12ef98d1e7c1025d218458cca7202879c78,1
current_mixed_provider,Current · V4 via Relace; V4.1 via DeepSeek,26__v4-flash-0731__baseline__django__django-13516__r1,benchmark-results/deepseek-v4-v41-relace-deepseek-seed-260924/runs/26__v4-flash-0731__baseline__django__django-13516__r1,26,deepseek/deepseek-v4-flash-0731,relace,baseline,django__django-13516,model.patch,traces/model_patches.jsonl,True,0,e3b0c44298fc1c149afbf4c8996fb92427ae41e4649b934ca495991b7852b855,1
current_mixed_provider,Current · V4 via Relace; V4.1 via DeepSeek,27__v4-flash-0731__ponytail__django__django-13516__r1,benchmark-results/deepseek-v4-v41-relace-deepseek-seed-260924/runs/27__v4-flash-0731__ponytail__django__django-13516__r1,27,deepseek/deepseek-v4-flash-0731,relace,ponytail,django__django-13516,api-events.jsonl,traces/api_events.jsonl,True,59815,44a4dda10327ce1ee5267ba1a32826d799bc4d8bdd48a1e2d85aef735cd51482,50
current_mixed_provider,Current · V4 via Relace; V4.1 via DeepSeek,27__v4-flash-0731__ponytail__django__django-13516__r1,benchmark-results/deepseek-v4-v41-relace-deepseek-seed-260924/runs/27__v4-flash-0731__ponytail__django__django-13516__r1,27,deepseek/deepseek-v4-flash-0731,relace,ponytail,django__django-13516,tool-events.jsonl,traces/tool_events.jsonl,True,23146,c0e4ad25f7cb0e6cc730a36fcbdcc116e32945f44a92071e66c4e46ebcdecc19,48
current_mixed_provider,Current · V4 via Relace; V4.1 via DeepSeek,27__v4-flash-0731__ponytail__django__django-13516__r1,benchmark-results/deepseek-v4-v41-relace-deepseek-seed-260924/runs/27__v4-flash-0731__ponytail__django__django-13516__r1,27,deepseek/deepseek-v4-flash-0731,relace,ponytail,django__django-13516,hermes-events.jsonl,traces/hermes_events.jsonl,True,84780,f64e7eba8eba2da5e65d216a9428c891318b8e440614b3ebbf2c9d965ad8ad6d,102
current_mixed_provider,Current · V4 via Relace; V4.1 via DeepSeek,27__v4-flash-0731__ponytail__django__django-13516__r1,benchmark-results/deepseek-v4-v41-relace-deepseek-seed-260924/runs/27__v4-flash-0731__ponytail__django__django-13516__r1,27,deepseek/deepseek-v4-flash-0731,relace,ponytail,django__django-13516,lifecycle-events.jsonl,traces/lifecycle_events.jsonl,True,1819,1b3fc87ec4ee24e46d939ad675c29bce80166cb88ef1a7da3766643b9f6269b3,4
current_mixed_provider,Current · V4 via Relace; V4.1 via DeepSeek,27__v4-flash-0731__ponytail__django__django-13516__r1,benchmark-results/deepseek-v4-v41-relace-deepseek-seed-260924/runs/27__v4-flash-0731__ponytail__django__django-13516__r1,27,deepseek/deepseek-v4-flash-0731,relace,ponytail,django__django-13516,hermes-session.trace.jsonl,traces/hermes_session_trace.jsonl,True,73646,878359de1fecec916dee56a2a43e4b1d61e1785ea52a0b4d63712878515aea48,50
current_mixed_provider,Current · V4 via Relace; V4.1 via DeepSeek,27__v4-flash-0731__ponytail__django__django-13516__r1,benchmark-results/deepseek-v4-v41-relace-deepseek-seed-260924/runs/27__v4-flash-0731__ponytail__django__django-13516__r1,27,deepseek/deepseek-v4-flash-0731,relace,ponytail,django__django-13516,hermes-session.jsonl,traces/hermes_session_records.jsonl,True,108496,4d4a04d2846465facd5861ef59afe022aeac92685876dec849a47af2e74a3174,1
current_mixed_provider,Current · V4 via Relace; V4.1 via DeepSeek,27__v4-flash-0731__ponytail__django__django-13516__r1,benchmark-results/deepseek-v4-v41-relace-deepseek-seed-260924/runs/27__v4-flash-0731__ponytail__django__django-13516__r1,27,deepseek/deepseek-v4-flash-0731,relace,ponytail,django__django-13516,hermes-session.json,traces/hermes_session_records.jsonl,True,121462,d6f67746c8788be25cda97ffd2bd8c4ac0c05758912987e750abcbe250b9e775,1
current_mixed_provider,Current · V4 via Relace; V4.1 via DeepSeek,27__v4-flash-0731__ponytail__django__django-13516__r1,benchmark-results/deepseek-v4-v41-relace-deepseek-seed-260924/runs/27__v4-flash-0731__ponytail__django__django-13516__r1,27,deepseek/deepseek-v4-flash-0731,relace,ponytail,django__django-13516,usage.json,traces/usage_records.jsonl,True,957,65094a1940b0675071646d351f33540615ac2c838639dcf27febf276cfccff45,1
current_mixed_provider,Current · V4 via Relace; V4.1 via DeepSeek,27__v4-flash-0731__ponytail__django__django-13516__r1,benchmark-results/deepseek-v4-v41-relace-deepseek-seed-260924/runs/27__v4-flash-0731__ponytail__django__django-13516__r1,27,deepseek/deepseek-v4-flash-0731,relace,ponytail,django__django-13516,timing-summary.json,traces/timing_summaries.jsonl,True,1427,15c24594bd59f24608a40ff4d36586656ac40dc277b393618956d26b095af099,1
current_mixed_provider,Current · V4 via Relace; V4.1 via DeepSeek,27__v4-flash-0731__ponytail__django__django-13516__r1,benchmark-results/deepseek-v4-v41-relace-deepseek-seed-260924/runs/27__v4-flash-0731__ponytail__django__django-13516__r1,27,deepseek/deepseek-v4-flash-0731,relace,ponytail,django__django-13516,treatment-evidence.json,traces/treatment_evidence.jsonl,True,1934,39007c2edf5e5577e9364f654af73dad92eb0fc6f1b7c8dd32822b8fc0202689,1
current_mixed_provider,Current · V4 via Relace; V4.1 via DeepSeek,27__v4-flash-0731__ponytail__django__django-13516__r1,benchmark-results/deepseek-v4-v41-relace-deepseek-seed-260924/runs/27__v4-flash-0731__ponytail__django__django-13516__r1,27,deepseek/deepseek-v4-flash-0731,relace,ponytail,django__django-13516,model.patch,traces/model_patches.jsonl,True,593,9bf71e90211af95e770eacde83221e93d9791c35d74bb72efb616885060559af,1
current_mixed_provider,Current · V4 via Relace; V4.1 via DeepSeek,28__v4-flash-0731__caveman_ponytail__django__django-7530__r1,benchmark-results/deepseek-v4-v41-relace-deepseek-seed-260924/runs/28__v4-flash-0731__caveman_ponytail__django__django-7530__r1,28,deepseek/deepseek-v4-flash-0731,relace,caveman_ponytail,django__django-7530,api-events.jsonl,traces/api_events.jsonl,True,114943,c28307317dc9ce83652d524f9cfd986cd5d6cc8a7c961c994ea4a1e3020daed9,96
current_mixed_provider,Current · V4 via Relace; V4.1 via DeepSeek,28__v4-flash-0731__caveman_ponytail__django__django-7530__r1,benchmark-results/deepseek-v4-v41-relace-deepseek-seed-260924/runs/28__v4-flash-0731__caveman_ponytail__django__django-7530__r1,28,deepseek/deepseek-v4-flash-0731,relace,caveman_ponytail,django__django-7530,tool-events.jsonl,traces/tool_events.jsonl,True,48224,ed4fc2c79f29968a88f26de0905555dcf9cfefdde23e88d0f9e5b8f97582c345,100
current_mixed_provider,Current · V4 via Relace; V4.1 via DeepSeek,28__v4-flash-0731__caveman_ponytail__django__django-7530__r1,benchmark-results/deepseek-v4-v41-relace-deepseek-seed-260924/runs/28__v4-flash-0731__caveman_ponytail__django__django-7530__r1,28,deepseek/deepseek-v4-flash-0731,relace,caveman_ponytail,django__django-7530,hermes-events.jsonl,traces/hermes_events.jsonl,True,165485,a469fe597fef327561c3f65159a381627559e341c759c9398c0f7aabc2ed6841,201
current_mixed_provider,Current · V4 via Relace; V4.1 via DeepSeek,28__v4-flash-0731__caveman_ponytail__django__django-7530__r1,benchmark-results/deepseek-v4-v41-relace-deepseek-seed-260924/runs/28__v4-flash-0731__caveman_ponytail__django__django-7530__r1,28,deepseek/deepseek-v4-flash-0731,relace,caveman_ponytail,django__django-7530,lifecycle-events.jsonl,traces/lifecycle_events.jsonl,True,2318,45ee43a883065b55207e283a8e6b82d03747e842cb10202735feae2f75a527a8,5
current_mixed_provider,Current · V4 via Relace; V4.1 via DeepSeek,28__v4-flash-0731__caveman_ponytail__django__django-7530__r1,benchmark-results/deepseek-v4-v41-relace-deepseek-seed-260924/runs/28__v4-flash-0731__caveman_ponytail__django__django-7530__r1,28,deepseek/deepseek-v4-flash-0731,relace,caveman_ponytail,django__django-7530,hermes-session.trace.jsonl,traces/hermes_session_trace.jsonl,True,158754,c1ad72a892d6df227ac7f34d4a65e63e5331121afda02c767d69823a964f04db,99
current_mixed_provider,Current · V4 via Relace; V4.1 via DeepSeek,28__v4-flash-0731__caveman_ponytail__django__django-7530__r1,benchmark-results/deepseek-v4-v41-relace-deepseek-seed-260924/runs/28__v4-flash-0731__caveman_ponytail__django__django-7530__r1,28,deepseek/deepseek-v4-flash-0731,relace,caveman_ponytail,django__django-7530,hermes-session.jsonl,traces/hermes_session_records.jsonl,True,207661,35865de61dd7162985f2675bcc4949508ac69a37f97d1057677ef40039a1627b,1
current_mixed_provider,Current · V4 via Relace; V4.1 via DeepSeek,28__v4-flash-0731__caveman_ponytail__django__django-7530__r1,benchmark-results/deepseek-v4-v41-relace-deepseek-seed-260924/runs/28__v4-flash-0731__caveman_ponytail__django__django-7530__r1,28,deepseek/deepseek-v4-flash-0731,relace,caveman_ponytail,django__django-7530,hermes-session.json,traces/hermes_session_records.jsonl,True,233413,608726f6a23edc32843f3e5a215dfe87c8e0f0c4f2a6d8f892b29d71b972afe5,1
current_mixed_provider,Current · V4 via Relace; V4.1 via DeepSeek,28__v4-flash-0731__caveman_ponytail__django__django-7530__r1,benchmark-results/deepseek-v4-v41-relace-deepseek-seed-260924/runs/28__v4-flash-0731__caveman_ponytail__django__django-7530__r1,28,deepseek/deepseek-v4-flash-0731,relace,caveman_ponytail,django__django-7530,usage.json,traces/usage_records.jsonl,True,961,fb4ff08672ffec3ade35ebe973d8d2e0c7f3a245a453df62d3db1ee98216f4e4,1
current_mixed_provider,Current · V4 via Relace; V4.1 via DeepSeek,28__v4-flash-0731__caveman_ponytail__django__django-7530__r1,benchmark-results/deepseek-v4-v41-relace-deepseek-seed-260924/runs/28__v4-flash-0731__caveman_ponytail__django__django-7530__r1,28,deepseek/deepseek-v4-flash-0731,relace,caveman_ponytail,django__django-7530,timing-summary.json,traces/timing_summaries.jsonl,True,1563,602c75a96d02e98c9be8cfdd1ec42d802758809022d97cb98bdaa6f28d96dbc8,1
current_mixed_provider,Current · V4 via Relace; V4.1 via DeepSeek,28__v4-flash-0731__caveman_ponytail__django__django-7530__r1,benchmark-results/deepseek-v4-v41-relace-deepseek-seed-260924/runs/28__v4-flash-0731__caveman_ponytail__django__django-7530__r1,28,deepseek/deepseek-v4-flash-0731,relace,caveman_ponytail,django__django-7530,treatment-evidence.json,traces/treatment_evidence.jsonl,True,1991,c90b792b92547d421e385c594ab85fe66a18c74a8e19528a5476c0c9bd1edea6,1
current_mixed_provider,Current · V4 via Relace; V4.1 via DeepSeek,28__v4-flash-0731__caveman_ponytail__django__django-7530__r1,benchmark-results/deepseek-v4-v41-relace-deepseek-seed-260924/runs/28__v4-flash-0731__caveman_ponytail__django__django-7530__r1,28,deepseek/deepseek-v4-flash-0731,relace,caveman_ponytail,django__django-7530,model.patch,traces/model_patches.jsonl,True,770,c3590a0b092cad2ea4afcdcc8d6cc004836bba6dd3ad4855d5607781d09b8737,1
current_mixed_provider,Current · V4 via Relace; V4.1 via DeepSeek,29__v4-1-flash__baseline__django__django-16662__r1,benchmark-results/deepseek-v4-v41-relace-deepseek-seed-260924/runs/29__v4-1-flash__baseline__django__django-16662__r1,29,deepseek/deepseek-v4.1-flash-20260910,deepseek,baseline,django__django-16662,api-events.jsonl,traces/api_events.jsonl,True,86469,c447fbed5358ab65bb49485186e33760700cefd61a3fabfcbaa1f8d0edd1da4e,72
current_mixed_provider,Current · V4 via Relace; V4.1 via DeepSeek,29__v4-1-flash__baseline__django__django-16662__r1,benchmark-results/deepseek-v4-v41-relace-deepseek-seed-260924/runs/29__v4-1-flash__baseline__django__django-16662__r1,29,deepseek/deepseek-v4.1-flash-20260910,deepseek,baseline,django__django-16662,tool-events.jsonl,traces/tool_events.jsonl,True,38241,8565b496ccc0c830154c83fb383f0a8f7500ad58f3a424e6fe7742755c490548,79
current_mixed_provider,Current · V4 via Relace; V4.1 via DeepSeek,29__v4-1-flash__baseline__django__django-16662__r1,benchmark-results/deepseek-v4-v41-relace-deepseek-seed-260924/runs/29__v4-1-flash__baseline__django__django-16662__r1,29,deepseek/deepseek-v4.1-flash-20260910,deepseek,baseline,django__django-16662,hermes-events.jsonl,traces/hermes_events.jsonl,True,126553,a8600dfd389c71b93d18cd66cb7dde9f5cf80f6f80e176789866aa6016c89c92,155
current_mixed_provider,Current · V4 via Relace; V4.1 via DeepSeek,29__v4-1-flash__baseline__django__django-16662__r1,benchmark-results/deepseek-v4-v41-relace-deepseek-seed-260924/runs/29__v4-1-flash__baseline__django__django-16662__r1,29,deepseek/deepseek-v4.1-flash-20260910,deepseek,baseline,django__django-16662,lifecycle-events.jsonl,traces/lifecycle_events.jsonl,True,1843,45c4b91cde74cd585e2cfe5084e9cbd6dfce765051eec41f4fd1993340386427,4
current_mixed_provider,Current · V4 via Relace; V4.1 via DeepSeek,29__v4-1-flash__baseline__django__django-16662__r1,benchmark-results/deepseek-v4-v41-relace-deepseek-seed-260924/runs/29__v4-1-flash__baseline__django__django-16662__r1,29,deepseek/deepseek-v4.1-flash-20260910,deepseek,baseline,django__django-16662,hermes-session.trace.jsonl,traces/hermes_session_trace.jsonl,True,92598,6bd518589e881e17f60dbeb503bbcb49d7304b54a8ed9b0298cbd02ff510cc21,76
current_mixed_provider,Current · V4 via Relace; V4.1 via DeepSeek,29__v4-1-flash__baseline__django__django-16662__r1,benchmark-results/deepseek-v4-v41-relace-deepseek-seed-260924/runs/29__v4-1-flash__baseline__django__django-16662__r1,29,deepseek/deepseek-v4.1-flash-20260910,deepseek,baseline,django__django-16662,hermes-session.jsonl,traces/hermes_session_records.jsonl,True,128332,c41d182de182e998059c68f2fd41e3cfd78fe2344071295ab07401ee2eb04a6e,1
current_mixed_provider,Current · V4 via Relace; V4.1 via DeepSeek,29__v4-1-flash__baseline__django__django-16662__r1,benchmark-results/deepseek-v4-v41-relace-deepseek-seed-260924/runs/29__v4-1-flash__baseline__django__django-16662__r1,29,deepseek/deepseek-v4.1-flash-20260910,deepseek,baseline,django__django-16662,hermes-session.json,traces/hermes_session_records.jsonl,True,148198,6b6380c05416878a6786f6682ca94e24882b0461a0d9ba3f3002dbd0d8f3582f,1
current_mixed_provider,Current · V4 via Relace; V4.1 via DeepSeek,29__v4-1-flash__baseline__django__django-16662__r1,benchmark-results/deepseek-v4-v41-relace-deepseek-seed-260924/runs/29__v4-1-flash__baseline__django__django-16662__r1,29,deepseek/deepseek-v4.1-flash-20260910,deepseek,baseline,django__django-16662,usage.json,traces/usage_records.jsonl,True,963,6ed35bcb38c4f77909c47e1d1e7190e1c1a8b78a8833d351d6fe4cd052baa629,1
current_mixed_provider,Current · V4 via Relace; V4.1 via DeepSeek,29__v4-1-flash__baseline__django__django-16662__r1,benchmark-results/deepseek-v4-v41-relace-deepseek-seed-260924/runs/29__v4-1-flash__baseline__django__django-16662__r1,29,deepseek/deepseek-v4.1-flash-20260910,deepseek,baseline,django__django-16662,timing-summary.json,traces/timing_summaries.jsonl,True,1470,61aadf4fe69aea1ffde2489c7d62c24d1f02c2b664def876ffcb4a52ec55eee9,1
current_mixed_provider,Current · V4 via Relace; V4.1 via DeepSeek,29__v4-1-flash__baseline__django__django-16662__r1,benchmark-results/deepseek-v4-v41-relace-deepseek-seed-260924/runs/29__v4-1-flash__baseline__django__django-16662__r1,29,deepseek/deepseek-v4.1-flash-20260910,deepseek,baseline,django__django-16662,treatment-evidence.json,traces/treatment_evidence.jsonl,True,1218,2a3dd269ce4d884333e7765e03ade3f05d49465a3c691d14f8fdccdd193b34e1,1
current_mixed_provider,Current · V4 via Relace; V4.1 via DeepSeek,29__v4-1-flash__baseline__django__django-16662__r1,benchmark-results/deepseek-v4-v41-relace-deepseek-seed-260924/runs/29__v4-1-flash__baseline__django__django-16662__r1,29,deepseek/deepseek-v4.1-flash-20260910,deepseek,baseline,django__django-16662,model.patch,traces/model_patches.jsonl,True,763,6edca0b5003ec3a636d5175103fb58b0fc531274a04fe599c1c86a66c5e6b289,1
current_mixed_provider,Current · V4 via Relace; V4.1 via DeepSeek,30__v4-flash-0731__baseline__django__django-16662__r1,benchmark-results/deepseek-v4-v41-relace-deepseek-seed-260924/runs/30__v4-flash-0731__baseline__django__django-16662__r1,30,deepseek/deepseek-v4-flash-0731,relace,baseline,django__django-16662,api-events.jsonl,traces/api_events.jsonl,True,102928,716f31765cef7a399ac7fddf2d4855f4847fcc3575e74fd90c59da9abb6da895,86
current_mixed_provider,Current · V4 via Relace; V4.1 via DeepSeek,30__v4-flash-0731__baseline__django__django-16662__r1,benchmark-results/deepseek-v4-v41-relace-deepseek-seed-260924/runs/30__v4-flash-0731__baseline__django__django-16662__r1,30,deepseek/deepseek-v4-flash-0731,relace,baseline,django__django-16662,tool-events.jsonl,traces/tool_events.jsonl,True,40492,67ebd768317d608d1745de4f2b32af090189d4608723b3f8b37e9edb7d4dd096,84
current_mixed_provider,Current · V4 via Relace; V4.1 via DeepSeek,30__v4-flash-0731__baseline__django__django-16662__r1,benchmark-results/deepseek-v4-v41-relace-deepseek-seed-260924/runs/30__v4-flash-0731__baseline__django__django-16662__r1,30,deepseek/deepseek-v4-flash-0731,relace,baseline,django__django-16662,hermes-events.jsonl,traces/hermes_events.jsonl,True,145237,413e3f51582d39c85c85ac3cbc994623c113722897c09c15209a9fdd5666e32b,174
current_mixed_provider,Current · V4 via Relace; V4.1 via DeepSeek,30__v4-flash-0731__baseline__django__django-16662__r1,benchmark-results/deepseek-v4-v41-relace-deepseek-seed-260924/runs/30__v4-flash-0731__baseline__django__django-16662__r1,30,deepseek/deepseek-v4-flash-0731,relace,baseline,django__django-16662,lifecycle-events.jsonl,traces/lifecycle_events.jsonl,True,1817,e330c39e5d57e63fa391dc0b75778ff3bee3f335a7583ff3edcb44467c375db1,4
current_mixed_provider,Current · V4 via Relace; V4.1 via DeepSeek,30__v4-flash-0731__baseline__django__django-16662__r1,benchmark-results/deepseek-v4-v41-relace-deepseek-seed-260924/runs/30__v4-flash-0731__baseline__django__django-16662__r1,30,deepseek/deepseek-v4-flash-0731,relace,baseline,django__django-16662,hermes-session.trace.jsonl,traces/hermes_session_trace.jsonl,True,102145,dd7091361667eed12022c00534998f4142c7f6c66428fa7597cb30572eb25239,86
current_mixed_provider,Current · V4 via Relace; V4.1 via DeepSeek,30__v4-flash-0731__baseline__django__django-16662__r1,benchmark-results/deepseek-v4-v41-relace-deepseek-seed-260924/runs/30__v4-flash-0731__baseline__django__django-16662__r1,30,deepseek/deepseek-v4-flash-0731,relace,baseline,django__django-16662,hermes-session.jsonl,traces/hermes_session_records.jsonl,True,140334,4ad1f3b7530b387367c649e9d951b0046c3e68069dbd37348b9542252b578a67,1
current_mixed_provider,Current · V4 via Relace; V4.1 via DeepSeek,30__v4-flash-0731__baseline__django__django-16662__r1,benchmark-results/deepseek-v4-v41-relace-deepseek-seed-260924/runs/30__v4-flash-0731__baseline__django__django-16662__r1,30,deepseek/deepseek-v4-flash-0731,relace,baseline,django__django-16662,hermes-session.json,traces/hermes_session_records.jsonl,True,162588,1db604fe0377997d9ea4c436107480c98cc9bc4226e50f64b2532ee148623622,1
current_mixed_provider,Current · V4 via Relace; V4.1 via DeepSeek,30__v4-flash-0731__baseline__django__django-16662__r1,benchmark-results/deepseek-v4-v41-relace-deepseek-seed-260924/runs/30__v4-flash-0731__baseline__django__django-16662__r1,30,deepseek/deepseek-v4-flash-0731,relace,baseline,django__django-16662,usage.json,traces/usage_records.jsonl,True,957,f70001b566aa02ab0891c40fe5ce9c89a8df87d1fa93595f7ff8bd7f8c19f80b,1
current_mixed_provider,Current · V4 via Relace; V4.1 via DeepSeek,30__v4-flash-0731__baseline__django__django-16662__r1,benchmark-results/deepseek-v4-v41-relace-deepseek-seed-260924/runs/30__v4-flash-0731__baseline__django__django-16662__r1,30,deepseek/deepseek-v4-flash-0731,relace,baseline,django__django-16662,timing-summary.json,traces/timing_summaries.jsonl,True,1384,1cab90cb991fe281e819a35aea9c776f045c77a8cd6e2471e047d2cb8776e2f0,1
current_mixed_provider,Current · V4 via Relace; V4.1 via DeepSeek,30__v4-flash-0731__baseline__django__django-16662__r1,benchmark-results/deepseek-v4-v41-relace-deepseek-seed-260924/runs/30__v4-flash-0731__baseline__django__django-16662__r1,30,deepseek/deepseek-v4-flash-0731,relace,baseline,django__django-16662,treatment-evidence.json,traces/treatment_evidence.jsonl,True,1200,96027b4f5f324c81450e089cb467b12ef98d1e7c1025d218458cca7202879c78,1
current_mixed_provider,Current · V4 via Relace; V4.1 via DeepSeek,30__v4-flash-0731__baseline__django__django-16662__r1,benchmark-results/deepseek-v4-v41-relace-deepseek-seed-260924/runs/30__v4-flash-0731__baseline__django__django-16662__r1,30,deepseek/deepseek-v4-flash-0731,relace,baseline,django__django-16662,model.patch,traces/model_patches.jsonl,True,2078,f7b423c5f36a61b2eb3250b594cd35de8b0c76e06b3bb4810097d26fd37cab03,1
current_mixed_provider,Current · V4 via Relace; V4.1 via DeepSeek,31__v4-flash-0731__caveman__django__django-15731__r1,benchmark-results/deepseek-v4-v41-relace-deepseek-seed-260924/runs/31__v4-flash-0731__caveman__django__django-15731__r1,31,deepseek/deepseek-v4-flash-0731,relace,caveman,django__django-15731,api-events.jsonl,traces/api_events.jsonl,True,88556,67c388cd5ac61770f2d7e56ce2c63e857d4a17d3964e4ebbc09118058788afec,74
current_mixed_provider,Current · V4 via Relace; V4.1 via DeepSeek,31__v4-flash-0731__caveman__django__django-15731__r1,benchmark-results/deepseek-v4-v41-relace-deepseek-seed-260924/runs/31__v4-flash-0731__caveman__django__django-15731__r1,31,deepseek/deepseek-v4-flash-0731,relace,caveman,django__django-15731,tool-events.jsonl,traces/tool_events.jsonl,True,38598,2cf2801b3f1101036603f57af14e951b86cb572601048c6e185b0da7993d3286,80
current_mixed_provider,Current · V4 via Relace; V4.1 via DeepSeek,31__v4-flash-0731__caveman__django__django-15731__r1,benchmark-results/deepseek-v4-v41-relace-deepseek-seed-260924/runs/31__v4-flash-0731__caveman__django__django-15731__r1,31,deepseek/deepseek-v4-flash-0731,relace,caveman,django__django-15731,hermes-events.jsonl,traces/hermes_events.jsonl,True,129472,59503e6362c6d12f9aed1c6d0755eb18b67361ec80aa748dcd56db74f78725fa,159
current_mixed_provider,Current · V4 via Relace; V4.1 via DeepSeek,31__v4-flash-0731__caveman__django__django-15731__r1,benchmark-results/deepseek-v4-v41-relace-deepseek-seed-260924/runs/31__v4-flash-0731__caveman__django__django-15731__r1,31,deepseek/deepseek-v4-flash-0731,relace,caveman,django__django-15731,lifecycle-events.jsonl,traces/lifecycle_events.jsonl,True,2318,8718cc0feb6371a43adcad9c150415cad7d2eff38d1f6e02d4bbfd241065d627,5
current_mixed_provider,Current · V4 via Relace; V4.1 via DeepSeek,31__v4-flash-0731__caveman__django__django-15731__r1,benchmark-results/deepseek-v4-v41-relace-deepseek-seed-260924/runs/31__v4-flash-0731__caveman__django__django-15731__r1,31,deepseek/deepseek-v4-flash-0731,relace,caveman,django__django-15731,hermes-session.trace.jsonl,traces/hermes_session_trace.jsonl,True,84480,7a8488e17087b3f3260d11fd84b2a7b439d3bcd154621ca9bd47db5b62b3c920,78
current_mixed_provider,Current · V4 via Relace; V4.1 via DeepSeek,31__v4-flash-0731__caveman__django__django-15731__r1,benchmark-results/deepseek-v4-v41-relace-deepseek-seed-260924/runs/31__v4-flash-0731__caveman__django__django-15731__r1,31,deepseek/deepseek-v4-flash-0731,relace,caveman,django__django-15731,hermes-session.jsonl,traces/hermes_session_records.jsonl,True,120595,4a30961e4c46d299d72a555ec305e93284d679483c3ef408596d96644794531f,1
current_mixed_provider,Current · V4 via Relace; V4.1 via DeepSeek,31__v4-flash-0731__caveman__django__django-15731__r1,benchmark-results/deepseek-v4-v41-relace-deepseek-seed-260924/runs/31__v4-flash-0731__caveman__django__django-15731__r1,31,deepseek/deepseek-v4-flash-0731,relace,caveman,django__django-15731,hermes-session.json,traces/hermes_session_records.jsonl,True,140977,b5a46acc93dfff8d6c0939a93db4d8f121f3d7f6fe1d67a9d54fff59d80e9917,1
current_mixed_provider,Current · V4 via Relace; V4.1 via DeepSeek,31__v4-flash-0731__caveman__django__django-15731__r1,benchmark-results/deepseek-v4-v41-relace-deepseek-seed-260924/runs/31__v4-flash-0731__caveman__django__django-15731__r1,31,deepseek/deepseek-v4-flash-0731,relace,caveman,django__django-15731,usage.json,traces/usage_records.jsonl,True,957,d8e7c828504c9c7647988886e8583c82df8d480ee93a651cee3ca57b158a4f57,1
current_mixed_provider,Current · V4 via Relace; V4.1 via DeepSeek,31__v4-flash-0731__caveman__django__django-15731__r1,benchmark-results/deepseek-v4-v41-relace-deepseek-seed-260924/runs/31__v4-flash-0731__caveman__django__django-15731__r1,31,deepseek/deepseek-v4-flash-0731,relace,caveman,django__django-15731,timing-summary.json,traces/timing_summaries.jsonl,True,1492,b260c7c5265f417b44269bfebebd812096a043fd3152cde0bc9cabdbdcf538f9,1
current_mixed_provider,Current · V4 via Relace; V4.1 via DeepSeek,31__v4-flash-0731__caveman__django__django-15731__r1,benchmark-results/deepseek-v4-v41-relace-deepseek-seed-260924/runs/31__v4-flash-0731__caveman__django__django-15731__r1,31,deepseek/deepseek-v4-flash-0731,relace,caveman,django__django-15731,treatment-evidence.json,traces/treatment_evidence.jsonl,True,1248,cf083e54533158004f13046c2fea5039f37aecb18035be860fc2920089b1cf4c,1
current_mixed_provider,Current · V4 via Relace; V4.1 via DeepSeek,31__v4-flash-0731__caveman__django__django-15731__r1,benchmark-results/deepseek-v4-v41-relace-deepseek-seed-260924/runs/31__v4-flash-0731__caveman__django__django-15731__r1,31,deepseek/deepseek-v4-flash-0731,relace,caveman,django__django-15731,model.patch,traces/model_patches.jsonl,True,766,d50bb8be2af70d220c65a00ccbe26d92820df7394eaea01e8574237edb653696,1
current_mixed_provider,Current · V4 via Relace; V4.1 via DeepSeek,32__v4-flash-0731__ponytail__pytest-dev__pytest-7571__r1,benchmark-results/deepseek-v4-v41-relace-deepseek-seed-260924/runs/32__v4-flash-0731__ponytail__pytest-dev__pytest-7571__r1,32,deepseek/deepseek-v4-flash-0731,relace,ponytail,pytest-dev__pytest-7571,api-events.jsonl,traces/api_events.jsonl,True,69407,4514ef9fc951c2950b826f1309f9c7f093136dc9a11ea4601e6c8245e11e2ea5,58
current_mixed_provider,Current · V4 via Relace; V4.1 via DeepSeek,32__v4-flash-0731__ponytail__pytest-dev__pytest-7571__r1,benchmark-results/deepseek-v4-v41-relace-deepseek-seed-260924/runs/32__v4-flash-0731__ponytail__pytest-dev__pytest-7571__r1,32,deepseek/deepseek-v4-flash-0731,relace,ponytail,pytest-dev__pytest-7571,tool-events.jsonl,traces/tool_events.jsonl,True,28949,7e400610fea68ffcb981d3982e9944fac0c1bc96d9b617e6c543542cdc0ddb92,60
current_mixed_provider,Current · V4 via Relace; V4.1 via DeepSeek,32__v4-flash-0731__ponytail__pytest-dev__pytest-7571__r1,benchmark-results/deepseek-v4-v41-relace-deepseek-seed-260924/runs/32__v4-flash-0731__ponytail__pytest-dev__pytest-7571__r1,32,deepseek/deepseek-v4-flash-0731,relace,ponytail,pytest-dev__pytest-7571,hermes-events.jsonl,traces/hermes_events.jsonl,True,100175,8ebf384897a97e85cd495cc6aa721ed72a83df5752f91c6904d5b35b514c9c0f,122
current_mixed_provider,Current · V4 via Relace; V4.1 via DeepSeek,32__v4-flash-0731__ponytail__pytest-dev__pytest-7571__r1,benchmark-results/deepseek-v4-v41-relace-deepseek-seed-260924/runs/32__v4-flash-0731__ponytail__pytest-dev__pytest-7571__r1,32,deepseek/deepseek-v4-flash-0731,relace,ponytail,pytest-dev__pytest-7571,lifecycle-events.jsonl,traces/lifecycle_events.jsonl,True,1819,c6ef0d18eba89fbb1052ee610fe0b60b3149c61666247c45d45dbb47b12fba96,4
current_mixed_provider,Current · V4 via Relace; V4.1 via DeepSeek,32__v4-flash-0731__ponytail__pytest-dev__pytest-7571__r1,benchmark-results/deepseek-v4-v41-relace-deepseek-seed-260924/runs/32__v4-flash-0731__ponytail__pytest-dev__pytest-7571__r1,32,deepseek/deepseek-v4-flash-0731,relace,ponytail,pytest-dev__pytest-7571,hermes-session.trace.jsonl,traces/hermes_session_trace.jsonl,True,96660,699f773d76fb23e68162820acce43df66e048f738e27f8137a50b4284cbbb4bd,60
current_mixed_provider,Current · V4 via Relace; V4.1 via DeepSeek,32__v4-flash-0731__ponytail__pytest-dev__pytest-7571__r1,benchmark-results/deepseek-v4-v41-relace-deepseek-seed-260924/runs/32__v4-flash-0731__ponytail__pytest-dev__pytest-7571__r1,32,deepseek/deepseek-v4-flash-0731,relace,ponytail,pytest-dev__pytest-7571,hermes-session.jsonl,traces/hermes_session_records.jsonl,True,134294,787f398a93beb48489f216e143d644f2c1c3b4a0fa89d32dab4c2206671e6254,1
current_mixed_provider,Current · V4 via Relace; V4.1 via DeepSeek,32__v4-flash-0731__ponytail__pytest-dev__pytest-7571__r1,benchmark-results/deepseek-v4-v41-relace-deepseek-seed-260924/runs/32__v4-flash-0731__ponytail__pytest-dev__pytest-7571__r1,32,deepseek/deepseek-v4-flash-0731,relace,ponytail,pytest-dev__pytest-7571,hermes-session.json,traces/hermes_session_records.jsonl,True,149936,535cf36a86d2337ce4b81df7a693afe8021be20558a951eb84d7a86227fef97a,1
current_mixed_provider,Current · V4 via Relace; V4.1 via DeepSeek,32__v4-flash-0731__ponytail__pytest-dev__pytest-7571__r1,benchmark-results/deepseek-v4-v41-relace-deepseek-seed-260924/runs/32__v4-flash-0731__ponytail__pytest-dev__pytest-7571__r1,32,deepseek/deepseek-v4-flash-0731,relace,ponytail,pytest-dev__pytest-7571,usage.json,traces/usage_records.jsonl,True,958,8c88f862dca816e2b59848f3f2ed16762f4a8e6fc5cc90bb8b4625a99019c846,1
current_mixed_provider,Current · V4 via Relace; V4.1 via DeepSeek,32__v4-flash-0731__ponytail__pytest-dev__pytest-7571__r1,benchmark-results/deepseek-v4-v41-relace-deepseek-seed-260924/runs/32__v4-flash-0731__ponytail__pytest-dev__pytest-7571__r1,32,deepseek/deepseek-v4-flash-0731,relace,ponytail,pytest-dev__pytest-7571,timing-summary.json,traces/timing_summaries.jsonl,True,1394,aa2ae4ed7fc2abdb01f2b759e24f00c8c58a7a2a3ac17bfc3dd7ff6c43310563,1
current_mixed_provider,Current · V4 via Relace; V4.1 via DeepSeek,32__v4-flash-0731__ponytail__pytest-dev__pytest-7571__r1,benchmark-results/deepseek-v4-v41-relace-deepseek-seed-260924/runs/32__v4-flash-0731__ponytail__pytest-dev__pytest-7571__r1,32,deepseek/deepseek-v4-flash-0731,relace,ponytail,pytest-dev__pytest-7571,treatment-evidence.json,traces/treatment_evidence.jsonl,True,1934,39007c2edf5e5577e9364f654af73dad92eb0fc6f1b7c8dd32822b8fc0202689,1
current_mixed_provider,Current · V4 via Relace; V4.1 via DeepSeek,32__v4-flash-0731__ponytail__pytest-dev__pytest-7571__r1,benchmark-results/deepseek-v4-v41-relace-deepseek-seed-260924/runs/32__v4-flash-0731__ponytail__pytest-dev__pytest-7571__r1,32,deepseek/deepseek-v4-flash-0731,relace,ponytail,pytest-dev__pytest-7571,model.patch,traces/model_patches.jsonl,True,1282,c13a98a9482ede582c3fe6bcfa8030a52bec81f3309a142343798b71d5b30a90,1
current_mixed_provider,Current · V4 via Relace; V4.1 via DeepSeek,33__v4-flash-0731__caveman__django__django-13516__r1,benchmark-results/deepseek-v4-v41-relace-deepseek-seed-260924/runs/33__v4-flash-0731__caveman__django__django-13516__r1,33,deepseek/deepseek-v4-flash-0731,relace,caveman,django__django-13516,api-events.jsonl,traces/api_events.jsonl,True,102929,f436c97d7600f70e9a0698fdaef11d37480d7f3b485333ca87b3a3e59f5065ff,86
current_mixed_provider,Current · V4 via Relace; V4.1 via DeepSeek,33__v4-flash-0731__caveman__django__django-13516__r1,benchmark-results/deepseek-v4-v41-relace-deepseek-seed-260924/runs/33__v4-flash-0731__caveman__django__django-13516__r1,33,deepseek/deepseek-v4-flash-0731,relace,caveman,django__django-13516,tool-events.jsonl,traces/tool_events.jsonl,True,40473,e2c1d2ff4e81fe54e795b3abd907f255a5b19d4704b265be0111d862c6f6efd9,84
current_mixed_provider,Current · V4 via Relace; V4.1 via DeepSeek,33__v4-flash-0731__caveman__django__django-13516__r1,benchmark-results/deepseek-v4-v41-relace-deepseek-seed-260924/runs/33__v4-flash-0731__caveman__django__django-13516__r1,33,deepseek/deepseek-v4-flash-0731,relace,caveman,django__django-13516,hermes-events.jsonl,traces/hermes_events.jsonl,True,145720,f4073b2c9a3514733943e66f857057ae0aa94d0f4e8d91c07518630509538e32,175
current_mixed_provider,Current · V4 via Relace; V4.1 via DeepSeek,33__v4-flash-0731__caveman__django__django-13516__r1,benchmark-results/deepseek-v4-v41-relace-deepseek-seed-260924/runs/33__v4-flash-0731__caveman__django__django-13516__r1,33,deepseek/deepseek-v4-flash-0731,relace,caveman,django__django-13516,lifecycle-events.jsonl,traces/lifecycle_events.jsonl,True,2318,c4f7c4076ef4f03412d946104a4ec04c98cf88e8320f0d9b840b11891e2fcb48,5
current_mixed_provider,Current · V4 via Relace; V4.1 via DeepSeek,33__v4-flash-0731__caveman__django__django-13516__r1,benchmark-results/deepseek-v4-v41-relace-deepseek-seed-260924/runs/33__v4-flash-0731__caveman__django__django-13516__r1,33,deepseek/deepseek-v4-flash-0731,relace,caveman,django__django-13516,hermes-session.trace.jsonl,traces/hermes_session_trace.jsonl,True,122046,968b9ae9b85519b1d674688e43dd78175de8cd3b4ef61fcf6fad20300895543e,86
current_mixed_provider,Current · V4 via Relace; V4.1 via DeepSeek,33__v4-flash-0731__caveman__django__django-13516__r1,benchmark-results/deepseek-v4-v41-relace-deepseek-seed-260924/runs/33__v4-flash-0731__caveman__django__django-13516__r1,33,deepseek/deepseek-v4-flash-0731,relace,caveman,django__django-13516,hermes-session.jsonl,traces/hermes_session_records.jsonl,True,160329,4ee4bea347a2ae666aadf14e328ff153af1f37b9f53954b9ebcb29d82c4cbf24,1
current_mixed_provider,Current · V4 via Relace; V4.1 via DeepSeek,33__v4-flash-0731__caveman__django__django-13516__r1,benchmark-results/deepseek-v4-v41-relace-deepseek-seed-260924/runs/33__v4-flash-0731__caveman__django__django-13516__r1,33,deepseek/deepseek-v4-flash-0731,relace,caveman,django__django-13516,hermes-session.json,traces/hermes_session_records.jsonl,True,182583,7b046ed37e680932addad5c56ec5a9a85d4af1517b6c4ee3391639a52402974d,1
current_mixed_provider,Current · V4 via Relace; V4.1 via DeepSeek,33__v4-flash-0731__caveman__django__django-13516__r1,benchmark-results/deepseek-v4-v41-relace-deepseek-seed-260924/runs/33__v4-flash-0731__caveman__django__django-13516__r1,33,deepseek/deepseek-v4-flash-0731,relace,caveman,django__django-13516,usage.json,traces/usage_records.jsonl,True,961,eb4cb82ff6429bcb4479093d6f5de3b1f6e663e45dab3e838de81496bb13880e,1
current_mixed_provider,Current · V4 via Relace; V4.1 via DeepSeek,33__v4-flash-0731__caveman__django__django-13516__r1,benchmark-results/deepseek-v4-v41-relace-deepseek-seed-260924/runs/33__v4-flash-0731__caveman__django__django-13516__r1,33,deepseek/deepseek-v4-flash-0731,relace,caveman,django__django-13516,timing-summary.json,traces/timing_summaries.jsonl,True,1437,57ce1a04330511ed6b4528646f0ff64e8fa27cd6e2d57a9f112c42a501c76a5e,1
current_mixed_provider,Current · V4 via Relace; V4.1 via DeepSeek,33__v4-flash-0731__caveman__django__django-13516__r1,benchmark-results/deepseek-v4-v41-relace-deepseek-seed-260924/runs/33__v4-flash-0731__caveman__django__django-13516__r1,33,deepseek/deepseek-v4-flash-0731,relace,caveman,django__django-13516,treatment-evidence.json,traces/treatment_evidence.jsonl,True,1248,cf083e54533158004f13046c2fea5039f37aecb18035be860fc2920089b1cf4c,1
current_mixed_provider,Current · V4 via Relace; V4.1 via DeepSeek,33__v4-flash-0731__caveman__django__django-13516__r1,benchmark-results/deepseek-v4-v41-relace-deepseek-seed-260924/runs/33__v4-flash-0731__caveman__django__django-13516__r1,33,deepseek/deepseek-v4-flash-0731,relace,caveman,django__django-13516,model.patch,traces/model_patches.jsonl,True,458,f250e4ad6b0450907362b9fbc9d7c80daae7b88ad1466889d19a3721e7d9767d,1
current_mixed_provider,Current · V4 via Relace; V4.1 via DeepSeek,34__v4-flash-0731__caveman__django__django-7530__r1,benchmark-results/deepseek-v4-v41-relace-deepseek-seed-260924/runs/34__v4-flash-0731__caveman__django__django-7530__r1,34,deepseek/deepseek-v4-flash-0731,relace,caveman,django__django-7530,api-events.jsonl,traces/api_events.jsonl,True,71804,61bfa0784404516ca3faf83caa0d0d54b07103779a9cf5370c68acd0062ac8e4,60
current_mixed_provider,Current · V4 via Relace; V4.1 via DeepSeek,34__v4-flash-0731__caveman__django__django-7530__r1,benchmark-results/deepseek-v4-v41-relace-deepseek-seed-260924/runs/34__v4-flash-0731__caveman__django__django-7530__r1,34,deepseek/deepseek-v4-flash-0731,relace,caveman,django__django-7530,tool-events.jsonl,traces/tool_events.jsonl,True,30854,8d8a82f73d2e7e702cdf8cfc190b80f50c0d548ed0eed8fc532ca6b14a57db59,64
current_mixed_provider,Current · V4 via Relace; V4.1 via DeepSeek,34__v4-flash-0731__caveman__django__django-7530__r1,benchmark-results/deepseek-v4-v41-relace-deepseek-seed-260924/runs/34__v4-flash-0731__caveman__django__django-7530__r1,34,deepseek/deepseek-v4-flash-0731,relace,caveman,django__django-7530,hermes-events.jsonl,traces/hermes_events.jsonl,True,104974,3cb6aae3677dc0f05b7fbb1549bf050f7116da44da35dee811b18a5dd18949b9,129
current_mixed_provider,Current · V4 via Relace; V4.1 via DeepSeek,34__v4-flash-0731__caveman__django__django-7530__r1,benchmark-results/deepseek-v4-v41-relace-deepseek-seed-260924/runs/34__v4-flash-0731__caveman__django__django-7530__r1,34,deepseek/deepseek-v4-flash-0731,relace,caveman,django__django-7530,lifecycle-events.jsonl,traces/lifecycle_events.jsonl,True,2316,def215d5277ccdf2bc4b8767b83810c46d1e06f3f5fd7946823e39ea975c9339,5
current_mixed_provider,Current · V4 via Relace; V4.1 via DeepSeek,34__v4-flash-0731__caveman__django__django-7530__r1,benchmark-results/deepseek-v4-v41-relace-deepseek-seed-260924/runs/34__v4-flash-0731__caveman__django__django-7530__r1,34,deepseek/deepseek-v4-flash-0731,relace,caveman,django__django-7530,hermes-session.trace.jsonl,traces/hermes_session_trace.jsonl,True,105752,f003a9beebe24dac0164f6135e554a5d3ca6ff12772c63d75b1659761234d997,63
current_mixed_provider,Current · V4 via Relace; V4.1 via DeepSeek,34__v4-flash-0731__caveman__django__django-7530__r1,benchmark-results/deepseek-v4-v41-relace-deepseek-seed-260924/runs/34__v4-flash-0731__caveman__django__django-7530__r1,34,deepseek/deepseek-v4-flash-0731,relace,caveman,django__django-7530,hermes-session.jsonl,traces/hermes_session_records.jsonl,True,137570,3cf3859cf17059f1c87052221a4a0dc254945fb94d87f99293b368509cc43a27,1
current_mixed_provider,Current · V4 via Relace; V4.1 via DeepSeek,34__v4-flash-0731__caveman__django__django-7530__r1,benchmark-results/deepseek-v4-v41-relace-deepseek-seed-260924/runs/34__v4-flash-0731__caveman__django__django-7530__r1,34,deepseek/deepseek-v4-flash-0731,relace,caveman,django__django-7530,hermes-session.json,traces/hermes_session_records.jsonl,True,154034,2c31ea92a644b59ced244c8443c0c9d2a342f84f6f9b9a8480c090f5e9742b11,1
current_mixed_provider,Current · V4 via Relace; V4.1 via DeepSeek,34__v4-flash-0731__caveman__django__django-7530__r1,benchmark-results/deepseek-v4-v41-relace-deepseek-seed-260924/runs/34__v4-flash-0731__caveman__django__django-7530__r1,34,deepseek/deepseek-v4-flash-0731,relace,caveman,django__django-7530,usage.json,traces/usage_records.jsonl,True,940,2125e2759dbdd6a404b53a441ff0ffc2eaaa3036e3b2437ee86a9da51ebcf5bb,1
current_mixed_provider,Current · V4 via Relace; V4.1 via DeepSeek,34__v4-flash-0731__caveman__django__django-7530__r1,benchmark-results/deepseek-v4-v41-relace-deepseek-seed-260924/runs/34__v4-flash-0731__caveman__django__django-7530__r1,34,deepseek/deepseek-v4-flash-0731,relace,caveman,django__django-7530,timing-summary.json,traces/timing_summaries.jsonl,True,1464,8c92a8c0b57b45af1269ff291c1d52c6c4a1d7d9f68c8f67853af53f0e95494c,1
current_mixed_provider,Current · V4 via Relace; V4.1 via DeepSeek,34__v4-flash-0731__caveman__django__django-7530__r1,benchmark-results/deepseek-v4-v41-relace-deepseek-seed-260924/runs/34__v4-flash-0731__caveman__django__django-7530__r1,34,deepseek/deepseek-v4-flash-0731,relace,caveman,django__django-7530,treatment-evidence.json,traces/treatment_evidence.jsonl,True,1248,cf083e54533158004f13046c2fea5039f37aecb18035be860fc2920089b1cf4c,1
current_mixed_provider,Current · V4 via Relace; V4.1 via DeepSeek,34__v4-flash-0731__caveman__django__django-7530__r1,benchmark-results/deepseek-v4-v41-relace-deepseek-seed-260924/runs/34__v4-flash-0731__caveman__django__django-7530__r1,34,deepseek/deepseek-v4-flash-0731,relace,caveman,django__django-7530,model.patch,traces/model_patches.jsonl,True,803,4538ebe35cf391cc1091845fdd5235fbe8d4f5e2cbb9e13efd7826468e137344,1
current_mixed_provider,Current · V4 via Relace; V4.1 via DeepSeek,35__v4-1-flash__ponytail__pytest-dev__pytest-7571__r1,benchmark-results/deepseek-v4-v41-relace-deepseek-seed-260924/runs/35__v4-1-flash__ponytail__pytest-dev__pytest-7571__r1,35,deepseek/deepseek-v4.1-flash-20260910,deepseek,ponytail,pytest-dev__pytest-7571,api-events.jsonl,traces/api_events.jsonl,True,105693,6f5b766b3849d52b7212617119cdb9dbe895419caccffaccec332098c0e28335,88
current_mixed_provider,Current · V4 via Relace; V4.1 via DeepSeek,35__v4-1-flash__ponytail__pytest-dev__pytest-7571__r1,benchmark-results/deepseek-v4-v41-relace-deepseek-seed-260924/runs/35__v4-1-flash__ponytail__pytest-dev__pytest-7571__r1,35,deepseek/deepseek-v4.1-flash-20260910,deepseek,ponytail,pytest-dev__pytest-7571,tool-events.jsonl,traces/tool_events.jsonl,True,43696,96e065e2acbe4e8ec8624386f2145a9bb1ba9cd3210c3ab776c1a60681636d1c,90
current_mixed_provider,Current · V4 via Relace; V4.1 via DeepSeek,35__v4-1-flash__ponytail__pytest-dev__pytest-7571__r1,benchmark-results/deepseek-v4-v41-relace-deepseek-seed-260924/runs/35__v4-1-flash__ponytail__pytest-dev__pytest-7571__r1,35,deepseek/deepseek-v4.1-flash-20260910,deepseek,ponytail,pytest-dev__pytest-7571,hermes-events.jsonl,traces/hermes_events.jsonl,True,151233,a324bb60ce3f3ec3ffbc3f7a68201216e613ebe84b580d35a91ece8232dc0025,182
current_mixed_provider,Current · V4 via Relace; V4.1 via DeepSeek,35__v4-1-flash__ponytail__pytest-dev__pytest-7571__r1,benchmark-results/deepseek-v4-v41-relace-deepseek-seed-260924/runs/35__v4-1-flash__ponytail__pytest-dev__pytest-7571__r1,35,deepseek/deepseek-v4.1-flash-20260910,deepseek,ponytail,pytest-dev__pytest-7571,lifecycle-events.jsonl,traces/lifecycle_events.jsonl,True,1844,b305c64bc32060e1f8ee5b8e9b8b684c2c44ff5992a11d54ad42b32709f65828,4
current_mixed_provider,Current · V4 via Relace; V4.1 via DeepSeek,35__v4-1-flash__ponytail__pytest-dev__pytest-7571__r1,benchmark-results/deepseek-v4-v41-relace-deepseek-seed-260924/runs/35__v4-1-flash__ponytail__pytest-dev__pytest-7571__r1,35,deepseek/deepseek-v4.1-flash-20260910,deepseek,ponytail,pytest-dev__pytest-7571,hermes-session.trace.jsonl,traces/hermes_session_trace.jsonl,True,104626,edb2f6cd8762009a49742c66a9f41253549ab30359e55c52ed7f008c3609445e,90
current_mixed_provider,Current · V4 via Relace; V4.1 via DeepSeek,35__v4-1-flash__ponytail__pytest-dev__pytest-7571__r1,benchmark-results/deepseek-v4-v41-relace-deepseek-seed-260924/runs/35__v4-1-flash__ponytail__pytest-dev__pytest-7571__r1,35,deepseek/deepseek-v4.1-flash-20260910,deepseek,ponytail,pytest-dev__pytest-7571,hermes-session.jsonl,traces/hermes_session_records.jsonl,True,150400,4315e7111235c2c2b82238495553929bcc9ab7d9acefeb5b7129dcf98b5b7b76,1
current_mixed_provider,Current · V4 via Relace; V4.1 via DeepSeek,35__v4-1-flash__ponytail__pytest-dev__pytest-7571__r1,benchmark-results/deepseek-v4-v41-relace-deepseek-seed-260924/runs/35__v4-1-flash__ponytail__pytest-dev__pytest-7571__r1,35,deepseek/deepseek-v4.1-flash-20260910,deepseek,ponytail,pytest-dev__pytest-7571,hermes-session.json,traces/hermes_session_records.jsonl,True,173782,c7d98bf7e3afd6d00c3f3f433956b5c8dd9375ac3e51db137822a3a97d5031ce,1
current_mixed_provider,Current · V4 via Relace; V4.1 via DeepSeek,35__v4-1-flash__ponytail__pytest-dev__pytest-7571__r1,benchmark-results/deepseek-v4-v41-relace-deepseek-seed-260924/runs/35__v4-1-flash__ponytail__pytest-dev__pytest-7571__r1,35,deepseek/deepseek-v4.1-flash-20260910,deepseek,ponytail,pytest-dev__pytest-7571,usage.json,traces/usage_records.jsonl,True,966,b7f325541bcdd12c416df00dab46a8c2cc69bb9dc0cb9b1f25283b69aa439529,1
current_mixed_provider,Current · V4 via Relace; V4.1 via DeepSeek,35__v4-1-flash__ponytail__pytest-dev__pytest-7571__r1,benchmark-results/deepseek-v4-v41-relace-deepseek-seed-260924/runs/35__v4-1-flash__ponytail__pytest-dev__pytest-7571__r1,35,deepseek/deepseek-v4.1-flash-20260910,deepseek,ponytail,pytest-dev__pytest-7571,timing-summary.json,traces/timing_summaries.jsonl,True,1485,f86ba5e57d5666b8d1e2a7031c3c2269c95c2b510e87cce29a943fb49ce4ceed,1
current_mixed_provider,Current · V4 via Relace; V4.1 via DeepSeek,35__v4-1-flash__ponytail__pytest-dev__pytest-7571__r1,benchmark-results/deepseek-v4-v41-relace-deepseek-seed-260924/runs/35__v4-1-flash__ponytail__pytest-dev__pytest-7571__r1,35,deepseek/deepseek-v4.1-flash-20260910,deepseek,ponytail,pytest-dev__pytest-7571,treatment-evidence.json,traces/treatment_evidence.jsonl,True,1952,11e5a1f884c13cf35f7480fac105af746d810790fcf908fb5ceaeff190c5d085,1
current_mixed_provider,Current · V4 via Relace; V4.1 via DeepSeek,35__v4-1-flash__ponytail__pytest-dev__pytest-7571__r1,benchmark-results/deepseek-v4-v41-relace-deepseek-seed-260924/runs/35__v4-1-flash__ponytail__pytest-dev__pytest-7571__r1,35,deepseek/deepseek-v4.1-flash-20260910,deepseek,ponytail,pytest-dev__pytest-7571,model.patch,traces/model_patches.jsonl,True,2119,93e818e8f1a987ef465683400b5d3f89db04c63287c04109db343bb0bafd2ca6,1
current_mixed_provider,Current · V4 via Relace; V4.1 via DeepSeek,36__v4-flash-0731__caveman__pytest-dev__pytest-7571__r1,benchmark-results/deepseek-v4-v41-relace-deepseek-seed-260924/runs/36__v4-flash-0731__caveman__pytest-dev__pytest-7571__r1,36,deepseek/deepseek-v4-flash-0731,relace,caveman,pytest-dev__pytest-7571,api-events.jsonl,traces/api_events.jsonl,True,83775,0936089bac16ad0034313b373bed5a74699801ea97546aa13156250c23377e9f,70
current_mixed_provider,Current · V4 via Relace; V4.1 via DeepSeek,36__v4-flash-0731__caveman__pytest-dev__pytest-7571__r1,benchmark-results/deepseek-v4-v41-relace-deepseek-seed-260924/runs/36__v4-flash-0731__caveman__pytest-dev__pytest-7571__r1,36,deepseek/deepseek-v4-flash-0731,relace,caveman,pytest-dev__pytest-7571,tool-events.jsonl,traces/tool_events.jsonl,True,35525,351bae369f5da01f2287f8af38b5e044123b019578fac061ca9c04b38c80c6de,74
current_mixed_provider,Current · V4 via Relace; V4.1 via DeepSeek,36__v4-flash-0731__caveman__pytest-dev__pytest-7571__r1,benchmark-results/deepseek-v4-v41-relace-deepseek-seed-260924/runs/36__v4-flash-0731__caveman__pytest-dev__pytest-7571__r1,36,deepseek/deepseek-v4-flash-0731,relace,caveman,pytest-dev__pytest-7571,hermes-events.jsonl,traces/hermes_events.jsonl,True,121618,c2042593c46fde9f2a6375789d76654ab09bad389e8350bd0846d0e131a1b961,149
current_mixed_provider,Current · V4 via Relace; V4.1 via DeepSeek,36__v4-flash-0731__caveman__pytest-dev__pytest-7571__r1,benchmark-results/deepseek-v4-v41-relace-deepseek-seed-260924/runs/36__v4-flash-0731__caveman__pytest-dev__pytest-7571__r1,36,deepseek/deepseek-v4-flash-0731,relace,caveman,pytest-dev__pytest-7571,lifecycle-events.jsonl,traces/lifecycle_events.jsonl,True,2318,3e39534b74cc160e61a33af8b7cbd5d427dbf6d69dc7d4e9aa471d9a7645a481,5
current_mixed_provider,Current · V4 via Relace; V4.1 via DeepSeek,36__v4-flash-0731__caveman__pytest-dev__pytest-7571__r1,benchmark-results/deepseek-v4-v41-relace-deepseek-seed-260924/runs/36__v4-flash-0731__caveman__pytest-dev__pytest-7571__r1,36,deepseek/deepseek-v4-flash-0731,relace,caveman,pytest-dev__pytest-7571,hermes-session.trace.jsonl,traces/hermes_session_trace.jsonl,True,118316,855534fc07789e6f61019678c70be69e500bc30a340f3c334fa40a853540964b,72
current_mixed_provider,Current · V4 via Relace; V4.1 via DeepSeek,36__v4-flash-0731__caveman__pytest-dev__pytest-7571__r1,benchmark-results/deepseek-v4-v41-relace-deepseek-seed-260924/runs/36__v4-flash-0731__caveman__pytest-dev__pytest-7571__r1,36,deepseek/deepseek-v4-flash-0731,relace,caveman,pytest-dev__pytest-7571,hermes-session.jsonl,traces/hermes_session_records.jsonl,True,152626,66f50e0d84cc5606b61fc37e230d2c28487130a56d6bd29e0d21b5a4c72b69b5,1
current_mixed_provider,Current · V4 via Relace; V4.1 via DeepSeek,36__v4-flash-0731__caveman__pytest-dev__pytest-7571__r1,benchmark-results/deepseek-v4-v41-relace-deepseek-seed-260924/runs/36__v4-flash-0731__caveman__pytest-dev__pytest-7571__r1,36,deepseek/deepseek-v4-flash-0731,relace,caveman,pytest-dev__pytest-7571,hermes-session.json,traces/hermes_session_records.jsonl,True,171364,e5bd1254e9b20429f2acae2cecbb516faa405e6660afb364ab0b5775090e9ead,1
current_mixed_provider,Current · V4 via Relace; V4.1 via DeepSeek,36__v4-flash-0731__caveman__pytest-dev__pytest-7571__r1,benchmark-results/deepseek-v4-v41-relace-deepseek-seed-260924/runs/36__v4-flash-0731__caveman__pytest-dev__pytest-7571__r1,36,deepseek/deepseek-v4-flash-0731,relace,caveman,pytest-dev__pytest-7571,usage.json,traces/usage_records.jsonl,True,959,ecb95d3793c4729f00791f83e84ba9220d5cb955bb7976f781e60117ea09c8c7,1
current_mixed_provider,Current · V4 via Relace; V4.1 via DeepSeek,36__v4-flash-0731__caveman__pytest-dev__pytest-7571__r1,benchmark-results/deepseek-v4-v41-relace-deepseek-seed-260924/runs/36__v4-flash-0731__caveman__pytest-dev__pytest-7571__r1,36,deepseek/deepseek-v4-flash-0731,relace,caveman,pytest-dev__pytest-7571,timing-summary.json,traces/timing_summaries.jsonl,True,1662,3f0ed58e6c7700f26f8a6d00630df66031022ce7f01e1a27f93384f2354f2c60,1
current_mixed_provider,Current · V4 via Relace; V4.1 via DeepSeek,36__v4-flash-0731__caveman__pytest-dev__pytest-7571__r1,benchmark-results/deepseek-v4-v41-relace-deepseek-seed-260924/runs/36__v4-flash-0731__caveman__pytest-dev__pytest-7571__r1,36,deepseek/deepseek-v4-flash-0731,relace,caveman,pytest-dev__pytest-7571,treatment-evidence.json,traces/treatment_evidence.jsonl,True,1248,cf083e54533158004f13046c2fea5039f37aecb18035be860fc2920089b1cf4c,1
current_mixed_provider,Current · V4 via Relace; V4.1 via DeepSeek,36__v4-flash-0731__caveman__pytest-dev__pytest-7571__r1,benchmark-results/deepseek-v4-v41-relace-deepseek-seed-260924/runs/36__v4-flash-0731__caveman__pytest-dev__pytest-7571__r1,36,deepseek/deepseek-v4-flash-0731,relace,caveman,pytest-dev__pytest-7571,model.patch,traces/model_patches.jsonl,True,1716,dc5301050beaa31ae56212409417745d1efbbb33905daeedaf3246e661e619eb,1
current_mixed_provider,Current · V4 via Relace; V4.1 via DeepSeek,37__v4-1-flash__baseline__django__django-13516__r1,benchmark-results/deepseek-v4-v41-relace-deepseek-seed-260924/runs/37__v4-1-flash__baseline__django__django-13516__r1,37,deepseek/deepseek-v4.1-flash-20260910,deepseek,baseline,django__django-13516,api-events.jsonl,traces/api_events.jsonl,True,93666,9f28038a93e825e294d2290a7339e5c8e9074a89a6a36c1cd8ba9a315326da19,78
current_mixed_provider,Current · V4 via Relace; V4.1 via DeepSeek,37__v4-1-flash__baseline__django__django-13516__r1,benchmark-results/deepseek-v4-v41-relace-deepseek-seed-260924/runs/37__v4-1-flash__baseline__django__django-13516__r1,37,deepseek/deepseek-v4.1-flash-20260910,deepseek,baseline,django__django-13516,tool-events.jsonl,traces/tool_events.jsonl,True,40202,82c61d8ef6bafd3f282a2422a2bdafcce30c3a0fdbc247010e0e42bac61a64ab,83
current_mixed_provider,Current · V4 via Relace; V4.1 via DeepSeek,37__v4-1-flash__baseline__django__django-13516__r1,benchmark-results/deepseek-v4-v41-relace-deepseek-seed-260924/runs/37__v4-1-flash__baseline__django__django-13516__r1,37,deepseek/deepseek-v4.1-flash-20260910,deepseek,baseline,django__django-13516,hermes-events.jsonl,traces/hermes_events.jsonl,True,135711,d3dbab274f2cc65f3e816893d06b88689ddda4a03cf2e3a979b6033efc65e245,165
current_mixed_provider,Current · V4 via Relace; V4.1 via DeepSeek,37__v4-1-flash__baseline__django__django-13516__r1,benchmark-results/deepseek-v4-v41-relace-deepseek-seed-260924/runs/37__v4-1-flash__baseline__django__django-13516__r1,37,deepseek/deepseek-v4.1-flash-20260910,deepseek,baseline,django__django-13516,lifecycle-events.jsonl,traces/lifecycle_events.jsonl,True,1843,36d5b2709043c0d080efbc82a015ba821b2a5eef166d0fefafb92ad149a0934e,4
current_mixed_provider,Current · V4 via Relace; V4.1 via DeepSeek,37__v4-1-flash__baseline__django__django-13516__r1,benchmark-results/deepseek-v4-v41-relace-deepseek-seed-260924/runs/37__v4-1-flash__baseline__django__django-13516__r1,37,deepseek/deepseek-v4.1-flash-20260910,deepseek,baseline,django__django-13516,hermes-session.trace.jsonl,traces/hermes_session_trace.jsonl,True,85449,6eaeaf86f37b3b0f4b81db7c4ce19bd15d80c96eb6c97b2ef9393683ac3292c3,81
current_mixed_provider,Current · V4 via Relace; V4.1 via DeepSeek,37__v4-1-flash__baseline__django__django-13516__r1,benchmark-results/deepseek-v4-v41-relace-deepseek-seed-260924/runs/37__v4-1-flash__baseline__django__django-13516__r1,37,deepseek/deepseek-v4.1-flash-20260910,deepseek,baseline,django__django-13516,hermes-session.jsonl,traces/hermes_session_records.jsonl,True,122159,a7ba3a74f2b5581e621aaf994b552242f15d9763e2cef1f82cf08260d0fb1323,1
current_mixed_provider,Current · V4 via Relace; V4.1 via DeepSeek,37__v4-1-flash__baseline__django__django-13516__r1,benchmark-results/deepseek-v4-v41-relace-deepseek-seed-260924/runs/37__v4-1-flash__baseline__django__django-13516__r1,37,deepseek/deepseek-v4.1-flash-20260910,deepseek,baseline,django__django-13516,hermes-session.json,traces/hermes_session_records.jsonl,True,143267,f088f54de79e43ae0c4b8f208877a69e794ab4f8eb411bd31d2e74e120639caa,1
current_mixed_provider,Current · V4 via Relace; V4.1 via DeepSeek,37__v4-1-flash__baseline__django__django-13516__r1,benchmark-results/deepseek-v4-v41-relace-deepseek-seed-260924/runs/37__v4-1-flash__baseline__django__django-13516__r1,37,deepseek/deepseek-v4.1-flash-20260910,deepseek,baseline,django__django-13516,usage.json,traces/usage_records.jsonl,True,963,176792051a5d1ed3207f23e64e9a1cee46b5160ebdf796d89cc4627469c0463a,1
current_mixed_provider,Current · V4 via Relace; V4.1 via DeepSeek,37__v4-1-flash__baseline__django__django-13516__r1,benchmark-results/deepseek-v4-v41-relace-deepseek-seed-260924/runs/37__v4-1-flash__baseline__django__django-13516__r1,37,deepseek/deepseek-v4.1-flash-20260910,deepseek,baseline,django__django-13516,timing-summary.json,traces/timing_summaries.jsonl,True,1558,3fd9759663b4aed743fc80c2e8b18fc27e9090941457c5804229b57299ff11d5,1
current_mixed_provider,Current · V4 via Relace; V4.1 via DeepSeek,37__v4-1-flash__baseline__django__django-13516__r1,benchmark-results/deepseek-v4-v41-relace-deepseek-seed-260924/runs/37__v4-1-flash__baseline__django__django-13516__r1,37,deepseek/deepseek-v4.1-flash-20260910,deepseek,baseline,django__django-13516,treatment-evidence.json,traces/treatment_evidence.jsonl,True,1218,2a3dd269ce4d884333e7765e03ade3f05d49465a3c691d14f8fdccdd193b34e1,1
current_mixed_provider,Current · V4 via Relace; V4.1 via DeepSeek,37__v4-1-flash__baseline__django__django-13516__r1,benchmark-results/deepseek-v4-v41-relace-deepseek-seed-260924/runs/37__v4-1-flash__baseline__django__django-13516__r1,37,deepseek/deepseek-v4.1-flash-20260910,deepseek,baseline,django__django-13516,model.patch,traces/model_patches.jsonl,True,547,31cccbf9f2969f9646528576f5e9e894cac11ea0a4da5964cb686e882b7ff569,1
current_mixed_provider,Current · V4 via Relace; V4.1 via DeepSeek,38__v4-flash-0731__baseline__django__django-7530__r1,benchmark-results/deepseek-v4-v41-relace-deepseek-seed-260924/runs/38__v4-flash-0731__baseline__django__django-7530__r1,38,deepseek/deepseek-v4-flash-0731,relace,baseline,django__django-7530,api-events.jsonl,traces/api_events.jsonl,True,64613,3c48bd7de0ccf6b896646d06968f04bc0e4515ea543590fb3cf547564166ed96,54
current_mixed_provider,Current · V4 via Relace; V4.1 via DeepSeek,38__v4-flash-0731__baseline__django__django-7530__r1,benchmark-results/deepseek-v4-v41-relace-deepseek-seed-260924/runs/38__v4-flash-0731__baseline__django__django-7530__r1,38,deepseek/deepseek-v4-flash-0731,relace,baseline,django__django-7530,tool-events.jsonl,traces/tool_events.jsonl,True,26054,cc944f3979f7f54abe97f2272689ce4ec9056bd6c28f68cc0fa0818742027c73,54
current_mixed_provider,Current · V4 via Relace; V4.1 via DeepSeek,38__v4-flash-0731__baseline__django__django-7530__r1,benchmark-results/deepseek-v4-v41-relace-deepseek-seed-260924/runs/38__v4-flash-0731__baseline__django__django-7530__r1,38,deepseek/deepseek-v4-flash-0731,relace,baseline,django__django-7530,hermes-events.jsonl,traces/hermes_events.jsonl,True,92487,6fdafb53062023002f151f39a29a103e4e87d079bbbe37c3b46db6e31bf51f07,112
current_mixed_provider,Current · V4 via Relace; V4.1 via DeepSeek,38__v4-flash-0731__baseline__django__django-7530__r1,benchmark-results/deepseek-v4-v41-relace-deepseek-seed-260924/runs/38__v4-flash-0731__baseline__django__django-7530__r1,38,deepseek/deepseek-v4-flash-0731,relace,baseline,django__django-7530,lifecycle-events.jsonl,traces/lifecycle_events.jsonl,True,1820,0ae46062cecfa656f6c28a3e8c487241c3573d765d0dadd9525845b0c04c64a8,4
current_mixed_provider,Current · V4 via Relace; V4.1 via DeepSeek,38__v4-flash-0731__baseline__django__django-7530__r1,benchmark-results/deepseek-v4-v41-relace-deepseek-seed-260924/runs/38__v4-flash-0731__baseline__django__django-7530__r1,38,deepseek/deepseek-v4-flash-0731,relace,baseline,django__django-7530,hermes-session.trace.jsonl,traces/hermes_session_trace.jsonl,True,66892,80901ffea866b9fee2671f9f0f0eabea713c01e50103dea2c778f87883a32b18,55
current_mixed_provider,Current · V4 via Relace; V4.1 via DeepSeek,38__v4-flash-0731__baseline__django__django-7530__r1,benchmark-results/deepseek-v4-v41-relace-deepseek-seed-260924/runs/38__v4-flash-0731__baseline__django__django-7530__r1,38,deepseek/deepseek-v4-flash-0731,relace,baseline,django__django-7530,hermes-session.jsonl,traces/hermes_session_records.jsonl,True,96341,70dc40ef76a3f2f1cecdbe054b46385f8439f28118f184004e32f47ec7b2ac10,1
current_mixed_provider,Current · V4 via Relace; V4.1 via DeepSeek,38__v4-flash-0731__baseline__django__django-7530__r1,benchmark-results/deepseek-v4-v41-relace-deepseek-seed-260924/runs/38__v4-flash-0731__baseline__django__django-7530__r1,38,deepseek/deepseek-v4-flash-0731,relace,baseline,django__django-7530,hermes-session.json,traces/hermes_session_records.jsonl,True,110645,6aef46b3c7f004c96841df79c36535800094d5d52daae6b6b5c0009b82eb7a6e,1
current_mixed_provider,Current · V4 via Relace; V4.1 via DeepSeek,38__v4-flash-0731__baseline__django__django-7530__r1,benchmark-results/deepseek-v4-v41-relace-deepseek-seed-260924/runs/38__v4-flash-0731__baseline__django__django-7530__r1,38,deepseek/deepseek-v4-flash-0731,relace,baseline,django__django-7530,usage.json,traces/usage_records.jsonl,True,957,540dd9f9ef54ed8626998bf462c6a5af64d82f450bd49f01a8c7f33ce8c48333,1
current_mixed_provider,Current · V4 via Relace; V4.1 via DeepSeek,38__v4-flash-0731__baseline__django__django-7530__r1,benchmark-results/deepseek-v4-v41-relace-deepseek-seed-260924/runs/38__v4-flash-0731__baseline__django__django-7530__r1,38,deepseek/deepseek-v4-flash-0731,relace,baseline,django__django-7530,timing-summary.json,traces/timing_summaries.jsonl,True,1382,e86a27c3c5a62304144b9b8763ea36d3cb3f29f5c028a507a35e83f628df1499,1
current_mixed_provider,Current · V4 via Relace; V4.1 via DeepSeek,38__v4-flash-0731__baseline__django__django-7530__r1,benchmark-results/deepseek-v4-v41-relace-deepseek-seed-260924/runs/38__v4-flash-0731__baseline__django__django-7530__r1,38,deepseek/deepseek-v4-flash-0731,relace,baseline,django__django-7530,treatment-evidence.json,traces/treatment_evidence.jsonl,True,1200,96027b4f5f324c81450e089cb467b12ef98d1e7c1025d218458cca7202879c78,1
current_mixed_provider,Current · V4 via Relace; V4.1 via DeepSeek,38__v4-flash-0731__baseline__django__django-7530__r1,benchmark-results/deepseek-v4-v41-relace-deepseek-seed-260924/runs/38__v4-flash-0731__baseline__django__django-7530__r1,38,deepseek/deepseek-v4-flash-0731,relace,baseline,django__django-7530,model.patch,traces/model_patches.jsonl,True,770,c3590a0b092cad2ea4afcdcc8d6cc004836bba6dd3ad4855d5607781d09b8737,1
current_mixed_provider,Current · V4 via Relace; V4.1 via DeepSeek,39__v4-flash-0731__baseline__pytest-dev__pytest-7571__r1,benchmark-results/deepseek-v4-v41-relace-deepseek-seed-260924/runs/39__v4-flash-0731__baseline__pytest-dev__pytest-7571__r1,39,deepseek/deepseek-v4-flash-0731,relace,baseline,pytest-dev__pytest-7571,api-events.jsonl,traces/api_events.jsonl,True,129366,e7762e1567b22be65d1ba61dafcd99715c779c18c0a392012709d3fd79ef4a6a,108
current_mixed_provider,Current · V4 via Relace; V4.1 via DeepSeek,39__v4-flash-0731__baseline__pytest-dev__pytest-7571__r1,benchmark-results/deepseek-v4-v41-relace-deepseek-seed-260924/runs/39__v4-flash-0731__baseline__pytest-dev__pytest-7571__r1,39,deepseek/deepseek-v4-flash-0731,relace,baseline,pytest-dev__pytest-7571,tool-events.jsonl,traces/tool_events.jsonl,True,55023,ab803275a213ef3d72cc314d95a672cd9b59ba4685b2eaeccab9dfa1256fdac0,114
current_mixed_provider,Current · V4 via Relace; V4.1 via DeepSeek,39__v4-flash-0731__baseline__pytest-dev__pytest-7571__r1,benchmark-results/deepseek-v4-v41-relace-deepseek-seed-260924/runs/39__v4-flash-0731__baseline__pytest-dev__pytest-7571__r1,39,deepseek/deepseek-v4-flash-0731,relace,baseline,pytest-dev__pytest-7571,hermes-events.jsonl,traces/hermes_events.jsonl,True,186208,2d6dd2e5b2f8cad36e2bc6bc88bb7b5be5e8e6d76e28cbcfe1e87c9fca8bca3b,226
current_mixed_provider,Current · V4 via Relace; V4.1 via DeepSeek,39__v4-flash-0731__baseline__pytest-dev__pytest-7571__r1,benchmark-results/deepseek-v4-v41-relace-deepseek-seed-260924/runs/39__v4-flash-0731__baseline__pytest-dev__pytest-7571__r1,39,deepseek/deepseek-v4-flash-0731,relace,baseline,pytest-dev__pytest-7571,lifecycle-events.jsonl,traces/lifecycle_events.jsonl,True,1819,558d2776b68013a896e17061cdd9898923d857ea5947285893a725101922e5dd,4
current_mixed_provider,Current · V4 via Relace; V4.1 via DeepSeek,39__v4-flash-0731__baseline__pytest-dev__pytest-7571__r1,benchmark-results/deepseek-v4-v41-relace-deepseek-seed-260924/runs/39__v4-flash-0731__baseline__pytest-dev__pytest-7571__r1,39,deepseek/deepseek-v4-flash-0731,relace,baseline,pytest-dev__pytest-7571,hermes-session.trace.jsonl,traces/hermes_session_trace.jsonl,True,170155,42f64daf349a20630c331692c2c503b856c58ba6e5882fbae660b23673daec92,112
current_mixed_provider,Current · V4 via Relace; V4.1 via DeepSeek,39__v4-flash-0731__baseline__pytest-dev__pytest-7571__r1,benchmark-results/deepseek-v4-v41-relace-deepseek-seed-260924/runs/39__v4-flash-0731__baseline__pytest-dev__pytest-7571__r1,39,deepseek/deepseek-v4-flash-0731,relace,baseline,pytest-dev__pytest-7571,hermes-session.jsonl,traces/hermes_session_records.jsonl,True,215416,22e3d929f3d2bbcf3e758a51cbe148759910bfb0de027d9c2b9c9ca72ca0b2cc,1
current_mixed_provider,Current · V4 via Relace; V4.1 via DeepSeek,39__v4-flash-0731__baseline__pytest-dev__pytest-7571__r1,benchmark-results/deepseek-v4-v41-relace-deepseek-seed-260924/runs/39__v4-flash-0731__baseline__pytest-dev__pytest-7571__r1,39,deepseek/deepseek-v4-flash-0731,relace,baseline,pytest-dev__pytest-7571,hermes-session.json,traces/hermes_session_records.jsonl,True,244570,8a09dc2e8a3be1d82bef27742e92ff721bf35c3dce4d10c990ca7e1b23fd18ed,1
current_mixed_provider,Current · V4 via Relace; V4.1 via DeepSeek,39__v4-flash-0731__baseline__pytest-dev__pytest-7571__r1,benchmark-results/deepseek-v4-v41-relace-deepseek-seed-260924/runs/39__v4-flash-0731__baseline__pytest-dev__pytest-7571__r1,39,deepseek/deepseek-v4-flash-0731,relace,baseline,pytest-dev__pytest-7571,usage.json,traces/usage_records.jsonl,True,943,d0d1b8cf6e30703d4bfdd5689cf0d1dd4ad4c94f7ea49fb12ece98f164fb3552,1
current_mixed_provider,Current · V4 via Relace; V4.1 via DeepSeek,39__v4-flash-0731__baseline__pytest-dev__pytest-7571__r1,benchmark-results/deepseek-v4-v41-relace-deepseek-seed-260924/runs/39__v4-flash-0731__baseline__pytest-dev__pytest-7571__r1,39,deepseek/deepseek-v4-flash-0731,relace,baseline,pytest-dev__pytest-7571,timing-summary.json,traces/timing_summaries.jsonl,True,1505,cf7b219d23dca8ab56520d96297f6548fd709aea030c2720056a1308059478c4,1
current_mixed_provider,Current · V4 via Relace; V4.1 via DeepSeek,39__v4-flash-0731__baseline__pytest-dev__pytest-7571__r1,benchmark-results/deepseek-v4-v41-relace-deepseek-seed-260924/runs/39__v4-flash-0731__baseline__pytest-dev__pytest-7571__r1,39,deepseek/deepseek-v4-flash-0731,relace,baseline,pytest-dev__pytest-7571,treatment-evidence.json,traces/treatment_evidence.jsonl,True,1200,96027b4f5f324c81450e089cb467b12ef98d1e7c1025d218458cca7202879c78,1
current_mixed_provider,Current · V4 via Relace; V4.1 via DeepSeek,39__v4-flash-0731__baseline__pytest-dev__pytest-7571__r1,benchmark-results/deepseek-v4-v41-relace-deepseek-seed-260924/runs/39__v4-flash-0731__baseline__pytest-dev__pytest-7571__r1,39,deepseek/deepseek-v4-flash-0731,relace,baseline,pytest-dev__pytest-7571,model.patch,traces/model_patches.jsonl,True,1268,4fd1aacc3204bd88df1b7d4031bde4e32a322278cd4e01eeec1fe1e17617416b,1
current_mixed_provider,Current · V4 via Relace; V4.1 via DeepSeek,40__v4-flash-0731__caveman_ponytail__pytest-dev__pytest-7571__r1,benchmark-results/deepseek-v4-v41-relace-deepseek-seed-260924/runs/40__v4-flash-0731__caveman_ponytail__pytest-dev__pytest-7571__r1,40,deepseek/deepseek-v4-flash-0731,relace,caveman_ponytail,pytest-dev__pytest-7571,api-events.jsonl,traces/api_events.jsonl,True,78979,6d074f070d83ed02acb6648600e85163fc37d9bd22a2c1938c8e18a7068c092c,66
current_mixed_provider,Current · V4 via Relace; V4.1 via DeepSeek,40__v4-flash-0731__caveman_ponytail__pytest-dev__pytest-7571__r1,benchmark-results/deepseek-v4-v41-relace-deepseek-seed-260924/runs/40__v4-flash-0731__caveman_ponytail__pytest-dev__pytest-7571__r1,40,deepseek/deepseek-v4-flash-0731,relace,caveman_ponytail,pytest-dev__pytest-7571,tool-events.jsonl,traces/tool_events.jsonl,True,31894,bed6a9eacd7095a1322ffd2f7bcbd54b5b42186597c43fda8d206d0082943485,66
current_mixed_provider,Current · V4 via Relace; V4.1 via DeepSeek,40__v4-flash-0731__caveman_ponytail__pytest-dev__pytest-7571__r1,benchmark-results/deepseek-v4-v41-relace-deepseek-seed-260924/runs/40__v4-flash-0731__caveman_ponytail__pytest-dev__pytest-7571__r1,40,deepseek/deepseek-v4-flash-0731,relace,caveman_ponytail,pytest-dev__pytest-7571,hermes-events.jsonl,traces/hermes_events.jsonl,True,113191,73e7af9233598bdf85fff23e1708efc712fa9c2eca7ff92407c4ce8c8bcafda2,137
current_mixed_provider,Current · V4 via Relace; V4.1 via DeepSeek,40__v4-flash-0731__caveman_ponytail__pytest-dev__pytest-7571__r1,benchmark-results/deepseek-v4-v41-relace-deepseek-seed-260924/runs/40__v4-flash-0731__caveman_ponytail__pytest-dev__pytest-7571__r1,40,deepseek/deepseek-v4-flash-0731,relace,caveman_ponytail,pytest-dev__pytest-7571,lifecycle-events.jsonl,traces/lifecycle_events.jsonl,True,2318,4999e57ce8806335a3dc02eaeeb5a305b2d65925e18f2ece734ba9593c45a379,5
current_mixed_provider,Current · V4 via Relace; V4.1 via DeepSeek,40__v4-flash-0731__caveman_ponytail__pytest-dev__pytest-7571__r1,benchmark-results/deepseek-v4-v41-relace-deepseek-seed-260924/runs/40__v4-flash-0731__caveman_ponytail__pytest-dev__pytest-7571__r1,40,deepseek/deepseek-v4-flash-0731,relace,caveman_ponytail,pytest-dev__pytest-7571,hermes-session.trace.jsonl,traces/hermes_session_trace.jsonl,True,116406,0ea50753206c996ea2b3c047a63d5f5a10a8dcbe89e9b8dde658273958752219,67
current_mixed_provider,Current · V4 via Relace; V4.1 via DeepSeek,40__v4-flash-0731__caveman_ponytail__pytest-dev__pytest-7571__r1,benchmark-results/deepseek-v4-v41-relace-deepseek-seed-260924/runs/40__v4-flash-0731__caveman_ponytail__pytest-dev__pytest-7571__r1,40,deepseek/deepseek-v4-flash-0731,relace,caveman_ponytail,pytest-dev__pytest-7571,hermes-session.jsonl,traces/hermes_session_records.jsonl,True,156432,9b37de90ddbb7632930300a894ba246392178c77f02e4f12016675b5827ad702,1
current_mixed_provider,Current · V4 via Relace; V4.1 via DeepSeek,40__v4-flash-0731__caveman_ponytail__pytest-dev__pytest-7571__r1,benchmark-results/deepseek-v4-v41-relace-deepseek-seed-260924/runs/40__v4-flash-0731__caveman_ponytail__pytest-dev__pytest-7571__r1,40,deepseek/deepseek-v4-flash-0731,relace,caveman_ponytail,pytest-dev__pytest-7571,hermes-session.json,traces/hermes_session_records.jsonl,True,173832,31b2168717b93b03c3d57b631e42bce3c252c8ab1e921a7ddae4d2fa868b9432,1
current_mixed_provider,Current · V4 via Relace; V4.1 via DeepSeek,40__v4-flash-0731__caveman_ponytail__pytest-dev__pytest-7571__r1,benchmark-results/deepseek-v4-v41-relace-deepseek-seed-260924/runs/40__v4-flash-0731__caveman_ponytail__pytest-dev__pytest-7571__r1,40,deepseek/deepseek-v4-flash-0731,relace,caveman_ponytail,pytest-dev__pytest-7571,usage.json,traces/usage_records.jsonl,True,960,7f1e3cb91d1d3fd590a77b4a324370ae55cead9aa83f357a9f276b0d66a87a74,1
current_mixed_provider,Current · V4 via Relace; V4.1 via DeepSeek,40__v4-flash-0731__caveman_ponytail__pytest-dev__pytest-7571__r1,benchmark-results/deepseek-v4-v41-relace-deepseek-seed-260924/runs/40__v4-flash-0731__caveman_ponytail__pytest-dev__pytest-7571__r1,40,deepseek/deepseek-v4-flash-0731,relace,caveman_ponytail,pytest-dev__pytest-7571,timing-summary.json,traces/timing_summaries.jsonl,True,1553,cfd8abc0cf278f5f43931f1b8a3ab6b6c6ba0a8bb16c4b31a2ea7767e8d50136,1
current_mixed_provider,Current · V4 via Relace; V4.1 via DeepSeek,40__v4-flash-0731__caveman_ponytail__pytest-dev__pytest-7571__r1,benchmark-results/deepseek-v4-v41-relace-deepseek-seed-260924/runs/40__v4-flash-0731__caveman_ponytail__pytest-dev__pytest-7571__r1,40,deepseek/deepseek-v4-flash-0731,relace,caveman_ponytail,pytest-dev__pytest-7571,treatment-evidence.json,traces/treatment_evidence.jsonl,True,1991,c90b792b92547d421e385c594ab85fe66a18c74a8e19528a5476c0c9bd1edea6,1
current_mixed_provider,Current · V4 via Relace; V4.1 via DeepSeek,40__v4-flash-0731__caveman_ponytail__pytest-dev__pytest-7571__r1,benchmark-results/deepseek-v4-v41-relace-deepseek-seed-260924/runs/40__v4-flash-0731__caveman_ponytail__pytest-dev__pytest-7571__r1,40,deepseek/deepseek-v4-flash-0731,relace,caveman_ponytail,pytest-dev__pytest-7571,model.patch,traces/model_patches.jsonl,True,1276,dd8ffe06529cbefa92cbf9c8179644b92ee414e1f102ec8c702c60bf507689e6,1
